reading_id,machine_id,temp_c,vibration_mm_s,pressure_kpa,hours_since_service,load_pct,ambient_humidity,failed_within_7d
0,0,88.478,4.888,308.557,1508.063,95.792,63.407,0
1,0,104.363,7.56,307.037,7059.199,93.737,58.965,1
2,0,100.514,7.44,295.289,7045.847,95.202,56.725,1
3,0,92.374,4.997,306.555,1517.195,97.995,41.514,0
4,0,95.962,4.504,314.197,1193.838,100.0,67.828,1
5,0,103.759,6.886,303.244,8208.589,95.707,65.67,1
6,0,96.39,4.93,347.903,2755.364,100.0,36.079,0
7,0,98.182,5.93,332.971,3356.601,93.423,66.535,0
8,0,97.961,5.775,315.454,3484.707,93.453,63.133,0
9,0,95.047,4.882,326.325,416.617,88.959,66.12,0
10,0,95.131,5.363,307.64,2577.119,87.245,68.484,0
11,0,108.078,6.734,311.386,7842.37,100.0,45.468,1
12,0,101.388,6.63,332.682,6691.729,93.772,56.702,1
13,0,92.935,4.352,342.315,474.837,90.929,71.874,0
14,0,90.466,4.864,298.958,1331.684,100.0,48.043,0
15,0,100.702,5.92,307.256,6384.209,90.938,58.34,0
16,0,93.791,4.273,313.467,2109.116,85.92,57.092,0
17,0,101.478,6.346,305.614,5257.013,86.129,69.967,0
18,0,95.439,5.148,324.864,3072.002,100.0,62.284,1
19,0,95.737,4.868,300.472,1913.083,99.098,61.32,0
20,0,95.847,4.569,335.563,1682.247,87.114,54.353,0
21,0,98.774,5.922,326.782,4259.148,89.073,59.184,0
22,0,99.636,5.187,297.655,3989.205,96.446,68.191,0
23,0,104.982,6.668,303.867,5694.393,85.76,41.417,0
24,0,97.537,5.705,296.118,4440.873,85.389,68.537,0
25,1,86.307,2.101,310.374,3056.507,47.724,38.179,0
26,1,89.885,2.822,332.132,3056.15,48.419,54.317,0
27,1,91.436,4.908,339.21,7671.265,46.92,76.097,0
28,1,84.123,1.183,318.908,430.334,52.46,61.337,0
29,1,89.811,2.679,324.109,4177.296,59.505,58.659,0
30,1,88.693,3.4,310.156,5205.553,53.286,41.526,0
31,1,87.414,2.37,321.34,2870.741,49.681,65.828,0
32,1,90.018,3.002,318.705,5289.653,53.281,61.569,0
33,1,94.499,4.295,321.828,6602.618,60.317,52.393,0
34,1,84.115,1.975,314.988,1067.352,59.717,51.398,0
35,1,94.801,3.211,337.078,6155.415,58.051,55.39,0
36,1,90.988,3.536,311.1,5398.285,69.657,71.593,0
37,1,94.16,4.901,304.63,7465.268,44.744,46.874,0
38,1,83.464,3.251,316.922,1445.802,42.052,55.093,0
39,1,86.11,3.755,305.437,4781.924,54.937,74.495,0
40,1,96.079,4.206,314.955,8787.767,46.257,64.174,0
41,1,85.91,3.452,320.002,4754.715,50.947,47.801,0
42,1,84.652,1.502,313.57,992.063,65.334,61.78,0
43,1,87.556,2.93,328.911,4005.103,43.898,66.297,0
44,1,94.945,4.472,323.262,8275.309,54.104,60.876,0
45,1,89.23,4.445,308.149,5880.107,51.823,67.261,0
46,1,84.767,1.893,313.108,1811.602,52.591,64.166,0
47,1,79.964,2.163,307.603,979.708,57.564,43.428,0
48,1,94.881,4.147,326.655,6570.23,44.987,63.276,0
49,1,92.557,4.521,329.267,7402.602,57.685,52.118,0
50,2,78.371,2.236,316.793,4046.533,65.742,59.591,0
51,2,69.28399999999999,2.155,319.913,1178.062,50.229,57.694,0
52,2,77.658,3.588,319.509,4079.872,55.215,76.222,0
53,2,75.655,3.089,314.523,1799.904,57.918,76.935,0
54,2,83.256,3.478,333.433,4647.885,56.684,61.707,0
55,2,78.275,3.31,320.096,4162.858,51.886,79.68,0
56,2,82.54,4.567,333.187,6665.119,62.695,75.429,0
57,2,81.282,5.92,316.88,8905.764,62.293,55.426,1
58,2,77.683,3.239,320.715,1529.573,61.015,51.275,0
59,2,76.202,2.818,305.074,2308.016,66.351,61.851,0
60,2,75.244,2.795,303.936,2469.169,53.904,32.917,0
61,2,74.796,3.353,326.059,3821.373,65.039,49.779,0
62,2,84.27,4.878,313.103,8119.766,55.043,71.915,0
63,2,89.993,5.412,302.021,8933.01,53.072,52.69,0
64,2,79.911,4.028,330.097,5681.195,66.522,66.138,0
65,2,74.513,2.904,324.334,2156.586,50.742,60.199,0
66,2,86.235,4.364,317.983,7183.882,59.322,50.253,0
67,2,68.97999999999999,2.519,323.041,695.3,64.901,71.014,0
68,2,73.087,2.335,339.933,2223.601,56.874,65.54,0
69,2,74.768,3.032,316.777,2169.079,50.743,67.011,0
70,2,79.307,3.745,329.349,6202.49,57.949,34.666,0
71,2,82.235,4.466,345.912,5713.761,57.165,49.008,0
72,2,72.087,2.015,331.739,770.608,56.44,71.095,0
73,2,71.699,2.697,325.151,540.038,58.896,64.129,0
74,2,78.89,1.942,331.56,1765.899,42.424,55.321,0
75,3,85.648,4.088,332.702,1278.307,90.445,80.958,0
76,3,84.326,3.342,365.128,2360.026,91.342,50.744,0
77,3,89.837,6.148,326.275,6389.011,90.507,64.919,0
78,3,89.524,4.83,329.689,3084.285,69.792,61.319,1
79,3,93.006,6.277,303.241,6897.019,84.668,60.113,0
80,3,88.762,4.633,313.313,4813.035,87.174,29.779,0
81,3,85.746,3.645,332.958,977.641,80.508,77.006,0
82,3,93.493,5.446,324.032,7117.941,79.148,56.591,1
83,3,94.141,6.599,326.023,8102.095,73.995,65.53,0
84,3,87.71,4.917,286.908,5159.295,78.57,64.729,0
85,3,86.04,5.047,323.191,3740.923,85.187,36.674,0
86,3,79.751,3.84,295.529,184.962,76.118,60.195,0
87,3,89.816,4.403,334.286,2941.0,88.772,70.283,0
88,3,85.242,3.828,315.362,3990.576,81.111,59.076,0
89,3,82.382,3.404,314.289,1280.672,86.943,43.111,0
90,3,90.776,5.062,311.847,4632.807,77.08,60.966,0
91,3,96.616,5.015,301.29,5918.26,88.351,65.573,0
92,3,94.855,5.792,301.493,8646.602,78.292,60.281,1
93,3,90.058,5.882,300.897,6673.815,85.253,74.593,0
94,3,89.358,5.082,322.335,3652.916,79.748,43.92,0
95,3,88.595,4.932,325.962,4047.685,80.927,54.846,0
96,3,82.021,4.122,313.042,785.269,75.018,61.453,0
97,3,84.224,3.007,325.127,805.106,79.846,64.091,0
98,3,84.8,4.309,313.98,3663.753,87.261,46.607,0
99,3,96.792,6.154,323.86,7762.224,86.998,68.117,1
100,4,88.73,4.247,317.292,6967.973,42.431,55.673,1
101,4,87.804,4.526,326.388,7245.6,37.647,76.147,0
102,4,80.82,2.618,320.312,1333.438,48.167,91.527,0
103,4,85.417,4.099,314.32,3296.105,46.49,58.622,0
104,4,78.867,1.809,321.341,113.013,26.558,58.355,0
105,4,85.538,3.971,289.118,3731.383,42.896,57.834,0
106,4,91.441,4.765,325.525,7371.57,47.503,63.577,0
107,4,87.074,3.4,330.427,3827.858,46.846,62.193,0
108,4,86.436,3.904,315.856,3267.468,46.608,47.483,0
109,4,78.563,2.829,309.629,724.609,48.717,53.021,0
110,4,80.881,2.887,323.944,1918.655,33.084,54.154,0
111,4,87.611,3.89,310.828,4738.046,41.33,66.302,0
112,4,88.788,4.3,315.344,5209.033,47.866,62.018,0
113,4,94.118,5.51,298.177,8592.166,51.684,56.14,0
114,4,77.619,1.812,320.264,63.729,41.398,55.852,0
115,4,90.657,4.684,317.506,8700.745,48.775,47.153,0
116,4,80.635,3.062,305.329,1394.987,42.275,57.224,0
117,4,84.192,2.628,319.524,3017.606,41.484,41.657,0
118,4,86.367,3.487,298.067,3062.523,37.458,52.406,0
119,4,82.94,2.105,323.14,1004.064,37.395,53.012,0
120,4,86.3,4.38,320.306,5966.264,42.763,66.26,0
121,4,92.017,5.136,325.427,8984.678,41.756,53.42,0
122,4,79.789,2.45,327.038,943.207,41.803,56.296,0
123,4,82.876,2.558,310.877,3185.943,30.763,44.742,0
124,4,97.756,4.935,341.234,8280.999,49.649,37.029,0
125,5,71.903,3.598,326.128,3634.205,38.251,49.018,0
126,5,77.34,3.976,331.489,6388.516,38.954,61.888,0
127,5,76.63,3.501,300.788,5141.232,44.335,78.538,0
128,5,74.093,3.491,344.195,4691.896,36.266,50.691,0
129,5,74.438,1.882,309.679,711.22,38.202,55.588,0
130,5,77.595,4.959,318.002,8553.964,40.962,65.364,0
131,5,76.289,3.128,312.628,5906.082,33.596,65.393,0
132,5,81.493,4.807,346.51,8168.886,41.868,69.007,0
133,5,70.507,2.31,331.045,2007.499,33.742,49.762,0
134,5,70.711,1.986,314.196,2077.819,39.871,50.09,0
135,5,66.727,2.407,346.399,1719.717,21.646,58.403,0
136,5,75.444,2.653,318.074,4432.359,36.025,54.55,0
137,5,75.864,3.86,326.28,6219.824,38.357,38.181,0
138,5,74.121,4.281,295.671,5293.442,45.382,43.494,0
139,5,74.905,3.589,299.78,4754.536,32.657,48.734,1
140,5,69.93299999999999,2.613,315.628,1747.282,44.45,33.954,0
141,5,79.596,4.379,325.112,6327.245,22.635,81.661,0
142,5,72.799,2.106,333.802,639.221,37.404,45.665,0
143,5,83.701,4.715,348.518,7514.677,40.594,71.012,0
144,5,85.702,5.122,307.052,8855.889,23.748,66.191,0
145,5,77.448,4.887,287.435,5213.693,38.198,61.506,0
146,5,74.104,3.166,295.967,5076.586,53.497,53.112,0
147,5,67.985,2.919,333.265,972.362,37.228,50.173,0
148,5,77.182,3.581,300.508,4834.464,35.818,52.985,0
149,5,75.315,4.44,346.069,6588.786,46.897,65.118,0
150,6,74.749,3.849,311.098,429.957,84.328,78.683,0
151,6,85.944,5.194,313.783,7126.214,97.931,45.931,1
152,6,79.84,4.476,327.656,1189.668,90.502,57.56,0
153,6,86.785,5.48,312.986,5993.482,91.449,56.638,0
154,6,86.955,4.798,296.729,5209.046,99.935,49.506,0
155,6,80.131,3.731,301.901,1632.598,98.986,61.695,0
156,6,82.497,4.325,332.809,3836.327,90.099,79.955,1
157,6,81.694,3.006,307.322,383.68,100.0,57.819,0
158,6,80.21,3.345,329.915,2143.403,98.452,46.171,0
159,6,92.598,5.942,318.6,8134.746,90.21,68.161,1
160,6,93.642,5.194,329.137,8653.107,91.763,68.034,1
161,6,80.176,4.357,286.168,3261.229,89.702,66.243,0
162,6,78.156,3.108,301.426,1418.692,93.846,40.844,0
163,6,85.49,3.988,328.461,4579.945,100.0,43.494,0
164,6,89.338,4.865,331.45,7622.754,94.358,59.554,0
165,6,78.18,3.286,342.904,670.675,97.238,68.366,0
166,6,89.189,6.179,320.408,8330.608,86.577,46.721,0
167,6,79.54,4.549,325.25,3419.396,95.997,73.038,0
168,6,84.394,4.407,310.687,5072.696,87.259,65.006,0
169,6,77.818,3.882,340.198,2715.196,100.0,57.259,0
170,6,83.488,4.03,325.025,2065.82,90.49,62.633,0
171,6,81.894,3.408,310.727,1902.731,86.232,77.487,0
172,6,85.376,4.362,314.351,4334.573,100.0,53.669,0
173,6,86.161,5.353,333.888,6408.997,100.0,59.284,0
174,6,83.49,5.927,334.111,6014.214,95.34,49.535,1
175,7,72.614,4.434,325.851,799.349,43.324,52.956,0
176,7,76.335,5.288,325.897,869.575,46.681,64.797,0
177,7,79.387,4.223,306.833,1346.081,37.782,72.882,0
178,7,83.484,5.394,314.366,4374.645,41.48,56.987,0
179,7,75.477,4.679,313.155,1436.216,50.036,58.257,0
180,7,76.022,3.815,355.975,224.849,47.762,45.125,0
181,7,86.382,7.377,313.581,8882.396,43.139,64.175,1
182,7,85.342,6.84,337.13,7756.659,41.645,46.252,0
183,7,77.616,4.344,321.565,1019.262,50.323,44.712,0
184,7,83.638,6.618,330.518,6885.729,48.894,85.664,0
185,7,78.453,4.994,327.518,1933.973,51.341,63.476,0
186,7,78.906,5.375,324.346,1796.099,39.551,50.706,0
187,7,83.537,6.246,325.826,6432.843,43.441,54.293,0
188,7,72.994,4.178,330.816,1102.62,53.086,57.53,0
189,7,80.418,5.63,321.704,5521.75,39.617,62.342,0
190,7,81.018,5.536,336.172,4188.903,50.249,55.456,0
191,7,75.528,4.265,282.135,1694.788,41.896,55.141,0
192,7,88.054,7.195,305.414,6557.1,40.564,62.011,0
193,7,80.509,5.253,317.727,4105.41,38.998,50.697,0
194,7,86.714,6.734,316.738,8146.537,56.841,41.702,0
195,7,73.86,4.663,317.034,237.726,42.805,57.92,0
196,7,88.585,7.126,320.237,8746.292,44.882,70.236,0
197,7,83.793,5.41,327.36,3693.546,48.422,47.402,0
198,7,84.35,6.228,319.69,5375.383,46.908,63.33,0
199,7,84.347,6.136,318.705,5903.063,43.997,54.975,0
200,8,78.069,2.653,330.223,217.603,68.492,51.697,0
201,8,86.083,5.072,347.682,7999.334,63.794,50.288,0
202,8,86.857,4.562,311.533,8007.996,66.742,42.49,0
203,8,77.037,2.405,314.248,374.072,64.567,59.551,0
204,8,87.672,4.551,347.677,7399.425,70.033,66.913,0
205,8,82.097,3.256,322.458,2992.801,59.948,44.465,0
206,8,73.932,2.386,340.688,1176.054,62.941,66.91,0
207,8,82.046,4.276,311.66,5941.689,68.547,50.54,0
208,8,74.344,2.308,336.166,1303.277,57.273,62.231,0
209,8,87.436,5.031,343.06,7182.583,62.487,36.521,0
210,8,82.952,3.832,353.614,2967.689,79.572,46.681,0
211,8,87.474,4.268,307.606,6986.37,63.082,63.816,0
212,8,78.687,3.144,333.25,723.65,69.405,77.769,0
213,8,84.709,5.21,303.756,6823.409,71.883,74.235,0
214,8,90.195,4.149,328.913,7329.081,64.987,60.339,0
215,8,78.71,3.224,323.049,3090.853,80.688,54.128,0
216,8,76.48,3.747,338.803,1628.524,79.45,65.433,0
217,8,86.849,4.775,316.042,7219.742,58.481,53.165,0
218,8,74.333,2.753,315.791,2121.903,70.74,50.356,0
219,8,75.512,1.673,301.914,73.872,65.059,51.895,0
220,8,87.356,4.5,341.443,6355.906,61.322,73.655,0
221,8,84.79,4.603,315.862,5891.451,81.15,68.346,0
222,8,75.281,1.592,323.6,129.536,68.709,66.537,0
223,8,71.456,2.16,308.906,432.042,62.86,67.994,0
224,8,81.626,3.616,345.279,4619.017,71.218,80.853,0
225,9,77.791,5.436,308.588,8017.466,88.198,50.813,0
226,9,67.292,2.328,307.029,112.801,96.201,59.272,0
227,9,67.001,3.025,324.072,159.051,91.997,50.656,0
228,9,79.769,4.945,322.564,8466.17,90.34,66.342,1
229,9,70.764,1.094,317.439,1547.567,77.312,57.59,0
230,9,77.33,3.765,304.14,4888.118,94.722,50.089,0
231,9,76.13,5.457,332.336,6710.492,86.33,69.309,1
232,9,76.204,3.566,339.047,2995.802,82.601,51.513,0
233,9,79.495,5.203,313.994,8327.721,96.146,64.664,0
234,9,78.666,4.075,308.975,6414.133,94.575,68.951,0
235,9,69.608,3.06,326.341,1727.87,75.261,56.636,0
236,9,79.008,5.333,317.197,7387.164,86.484,65.635,0
237,9,70.714,3.511,324.906,2218.217,95.557,36.676,0
238,9,81.64,4.487,310.632,5824.741,88.066,45.612,0
239,9,74.146,4.287,322.393,4945.525,80.744,53.937,0
240,9,82.114,5.84,307.802,8640.829,89.955,35.84,0
241,9,68.316,2.525,309.584,852.146,83.861,51.491,0
242,9,77.098,5.07,320.807,7761.841,100.0,60.21,0
243,9,66.22800000000001,2.736,318.008,611.312,87.256,58.215,1
244,9,72.228,4.179,322.234,2092.91,89.938,52.616,0
245,9,64.512,2.348,307.385,360.999,78.987,50.759,0
246,9,85.102,5.671,318.334,8510.831,84.052,45.956,1
247,9,79.525,5.468,312.336,8176.971,87.077,65.114,0
248,9,73.093,4.208,320.744,3784.436,94.61,46.824,0
249,9,77.635,5.145,295.312,6459.246,74.011,46.892,0
250,10,94.458,6.149,284.671,6214.78,66.65,66.603,0
251,10,90.589,6.277,312.85,6345.848,70.941,53.293,0
252,10,85.886,3.629,288.039,697.61,70.094,54.451,0
253,10,91.941,5.327,320.714,5190.414,66.833,55.96,0
254,10,93.87,5.834,314.141,6052.828,69.893,59.29,0
255,10,94.673,4.613,316.334,4848.46,63.804,39.108,0
256,10,87.685,4.944,326.105,2192.659,74.247,38.809,0
257,10,94.003,6.385,317.729,8470.907,57.809,68.768,0
258,10,93.158,5.038,325.811,3858.999,60.824,58.365,0
259,10,90.059,5.506,325.892,6177.476,68.405,84.715,0
260,10,98.416,5.568,311.474,7588.033,59.892,63.955,0
261,10,88.577,5.025,302.59,4073.701,75.22,77.357,0
262,10,82.785,3.59,339.42,859.388,70.015,52.949,0
263,10,87.684,4.734,315.924,3580.383,47.594,79.228,0
264,10,89.632,3.488,317.129,1615.253,65.106,50.265,0
265,10,89.739,4.22,306.283,2234.191,67.034,72.257,0
266,10,92.426,4.698,306.648,5897.28,72.979,78.506,0
267,10,86.99,5.868,315.199,4978.124,63.704,60.994,0
268,10,82.638,4.211,315.822,890.187,67.839,64.623,0
269,10,81.206,3.972,343.322,1761.434,59.336,56.086,0
270,10,86.371,4.77,290.937,2441.915,73.329,56.109,0
271,10,93.892,5.616,276.8,6052.087,65.007,54.555,0
272,10,86.017,3.831,312.579,2227.115,57.902,60.482,0
273,10,85.664,5.002,319.983,3714.318,75.019,65.187,0
274,10,95.096,6.227,318.467,7705.833,68.389,51.491,1
275,11,91.97,5.754,322.648,8244.633,45.493,87.215,0
276,11,85.955,5.136,304.176,5457.019,55.561,47.1,0
277,11,85.59,3.846,308.112,4133.708,55.755,52.287,0
278,11,82.155,3.146,358.385,856.489,55.233,59.325,0
279,11,96.921,6.468,319.727,8660.739,57.106,65.556,1
280,11,86.962,5.112,306.487,5114.338,50.555,37.967,0
281,11,78.514,1.673,332.001,99.679,56.133,65.312,0
282,11,79.634,3.032,319.317,107.324,59.546,57.698,0
283,11,89.025,3.789,297.269,2490.199,50.515,39.712,0
284,11,88.419,5.207,301.154,5093.929,67.543,59.6,0
285,11,92.841,4.953,304.974,6389.584,56.167,75.834,0
286,11,86.903,5.791,299.228,8306.087,56.51,56.804,0
287,11,88.748,4.2,317.295,3950.715,65.857,35.304,0
288,11,91.392,5.18,326.479,6298.235,54.602,50.8,0
289,11,83.574,3.285,329.398,3800.151,55.654,56.76,0
290,11,82.827,3.173,316.83,1521.501,54.65,51.525,0
291,11,89.452,5.127,311.525,5051.297,59.438,33.568,1
292,11,83.594,3.648,289.76,1004.385,61.985,60.222,0
293,11,86.44,3.606,330.277,2930.732,60.482,47.519,0
294,11,83.847,3.576,305.644,2930.333,58.885,67.212,0
295,11,89.769,5.348,309.348,6738.14,58.533,58.698,0
296,11,89.627,5.031,313.435,5806.02,50.677,38.077,0
297,11,87.273,4.755,302.515,5136.01,62.918,52.139,0
298,11,85.927,3.868,324.793,3932.563,53.423,46.413,0
299,11,87.285,3.738,320.115,3598.076,58.803,58.195,0
300,12,88.359,3.186,306.616,5001.491,59.407,61.038,0
301,12,91.842,4.268,321.546,6654.405,51.379,49.629,0
302,12,87.233,3.66,322.668,3852.98,52.694,56.534,0
303,12,90.006,4.138,323.768,7582.246,58.93,49.164,0
304,12,89.478,3.784,352.486,7195.298,41.253,33.762,0
305,12,88.861,4.248,334.359,7455.321,38.12,72.344,0
306,12,86.707,3.78,339.777,7022.217,49.077,60.394,0
307,12,86.177,3.061,343.391,4335.515,57.998,88.231,0
308,12,85.772,3.108,335.149,2704.812,49.831,81.973,0
309,12,87.006,3.039,314.489,4021.023,48.28,59.443,0
310,12,84.975,3.22,333.19,4854.448,62.303,82.794,0
311,12,86.852,3.489,293.418,3636.545,46.28,79.934,0
312,12,83.226,3.157,311.87,5779.146,49.602,52.674,0
313,12,83.453,2.703,319.567,2251.705,49.79,51.35,0
314,12,80.97,2.519,320.84,1714.026,53.164,63.181,0
315,12,90.814,3.985,324.955,5310.549,55.989,52.568,0
316,12,90.799,4.417,332.585,6126.048,67.547,45.305,0
317,12,89.715,3.889,297.104,6226.115,55.804,63.916,0
318,12,78.822,2.205,327.429,3161.966,53.66,43.188,0
319,12,85.233,3.576,318.862,4080.056,66.699,67.054,0
320,12,93.032,5.044,315.433,8538.393,60.088,55.624,0
321,12,81.147,2.868,338.449,2471.393,50.077,72.44,0
322,12,90.531,4.724,333.201,8463.579,54.375,70.057,0
323,12,83.011,2.349,333.859,2979.707,62.083,54.715,0
324,12,80.117,2.206,301.07,366.377,47.533,62.426,0
325,13,102.976,4.993,314.697,8554.739,98.82,46.101,1
326,13,93.944,3.651,304.339,3648.357,97.364,55.164,0
327,13,95.434,4.176,303.46,5441.842,95.616,52.129,0
328,13,95.304,3.091,323.519,2457.975,94.128,58.917,0
329,13,97.309,2.703,313.726,2112.022,100.0,71.883,0
330,13,102.726,4.637,342.631,7006.758,96.798,62.046,0
331,13,99.278,3.882,325.469,4851.477,94.685,63.164,0
332,13,97.007,3.335,327.705,2641.861,89.276,44.231,0
333,13,90.912,2.643,326.739,890.7,86.483,63.829,0
334,13,96.49,3.788,362.524,5425.217,96.819,60.016,0
335,13,97.348,4.195,326.447,3296.661,100.0,56.653,1
336,13,107.953,5.719,305.086,8862.394,94.558,60.056,1
337,13,103.074,4.537,333.587,7103.117,87.901,65.636,0
338,13,99.003,3.881,303.102,4793.882,91.983,36.341,0
339,13,100.484,4.459,317.436,3608.408,98.074,46.417,0
340,13,94.558,3.153,324.2,1404.368,87.31,50.98,0
341,13,99.323,5.157,320.247,8220.63,91.772,53.949,0
342,13,94.956,3.003,335.558,2049.793,91.153,40.923,0
343,13,100.235,4.33,315.354,7072.967,96.541,53.764,0
344,13,101.68,4.969,330.59,7112.749,100.0,67.901,0
345,13,95.41,5.354,306.274,7589.136,91.407,56.64,0
346,13,98.791,4.511,326.483,8264.437,99.868,76.556,1
347,13,98.954,4.655,299.955,5327.601,83.474,65.375,0
348,13,87.931,3.266,311.545,1518.944,95.934,69.039,0
349,13,92.277,2.862,327.043,1040.524,98.502,79.996,0
350,14,91.354,4.057,298.635,3885.636,93.73,47.24,1
351,14,95.087,6.288,302.44,8312.217,86.066,67.959,1
352,14,90.604,7.193,303.754,7773.152,90.932,72.051,0
353,14,94.633,6.205,312.107,8265.651,87.648,29.991,0
354,14,83.374,3.774,295.866,1936.595,87.015,55.269,0
355,14,87.386,5.287,310.294,4793.053,79.862,55.6,0
356,14,90.778,4.792,312.885,5089.735,91.912,43.978,0
357,14,88.961,4.013,349.553,3500.487,81.151,55.868,0
358,14,83.28,3.35,332.514,963.534,88.788,48.988,0
359,14,90.973,5.75,287.187,6229.643,82.822,59.004,0
360,14,91.896,5.899,306.296,7133.737,88.564,70.454,1
361,14,84.946,3.868,336.386,805.241,76.572,66.78,0
362,14,83.356,2.63,301.15,608.768,80.702,37.385,0
363,14,97.039,5.422,298.227,8482.417,84.523,49.173,0
364,14,98.165,5.948,309.791,8342.228,83.695,41.824,0
365,14,85.559,4.103,319.373,2141.628,83.659,60.041,0
366,14,86.432,4.111,302.227,3571.101,85.911,45.899,0
367,14,85.523,4.223,324.837,1555.611,84.531,57.224,0
368,14,89.053,4.632,330.466,4362.658,91.262,34.742,0
369,14,96.076,5.596,312.656,7706.133,95.055,74.53,0
370,14,83.671,4.363,330.308,1189.988,88.925,73.268,0
371,14,90.64,5.297,326.084,5949.733,94.793,47.688,0
372,14,99.982,5.883,316.648,8975.774,89.008,82.265,1
373,14,92.987,5.921,315.235,7032.225,83.624,56.497,0
374,14,87.175,3.782,329.198,3017.298,89.418,66.253,0
375,15,97.407,8.331,300.569,8723.192,62.148,50.08,0
376,15,92.519,6.76,340.158,5563.433,76.167,72.825,0
377,15,98.763,7.415,311.259,8659.693,78.372,67.02,1
378,15,95.136,7.046,307.826,5598.063,70.636,66.12,0
379,15,94.464,6.828,314.226,6543.869,80.884,34.774,0
380,15,91.852,6.171,323.536,3220.091,66.411,49.698,0
381,15,98.009,8.077,311.048,8172.585,71.991,69.07,0
382,15,91.741,6.13,334.381,4431.736,71.875,57.134,0
383,15,88.664,5.325,280.341,880.922,82.657,40.529,0
384,15,86.963,6.027,309.357,2037.194,73.765,60.898,0
385,15,96.371,7.914,325.102,8131.267,72.755,79.389,1
386,15,97.979,6.929,315.96,7055.293,65.914,71.259,1
387,15,97.972,8.015,335.433,8888.44,79.631,47.794,1
388,15,97.02,7.327,333.843,6903.742,73.719,81.133,1
389,15,91.659,7.83,321.948,6643.637,64.994,65.591,1
390,15,85.751,5.004,329.002,1624.147,65.807,52.962,0
391,15,87.707,5.964,337.559,1489.692,65.946,61.999,0
392,15,95.984,7.657,306.434,7327.515,72.528,67.653,1
393,15,101.235,8.116,311.418,7599.808,62.952,49.172,1
394,15,101.113,8.603,324.872,8956.548,68.03,81.65,1
395,15,97.943,7.38,318.304,7043.704,77.926,59.546,1
396,15,98.081,7.453,297.465,7093.732,73.787,54.657,0
397,15,100.844,8.586,338.723,8846.238,77.725,85.77,1
398,15,98.206,7.935,311.062,8770.703,75.696,69.884,1
399,15,95.549,8.009,309.707,4755.786,59.317,37.429,1
400,16,86.924,3.598,281.701,6267.352,58.926,70.028,0
401,16,86.622,5.221,285.154,7477.573,65.676,52.238,0
402,16,83.313,4.683,329.764,5638.282,47.91,56.115,0
403,16,86.538,3.737,323.376,6715.25,46.224,66.261,1
404,16,82.731,4.473,289.451,6668.131,64.074,44.171,0
405,16,80.007,2.5,316.718,2112.145,59.026,63.884,0
406,16,77.196,2.138,328.859,1548.764,54.446,59.018,0
407,16,87.733,4.4,321.026,8983.14,47.664,57.169,0
408,16,74.602,2.66,309.849,2303.796,49.018,37.334,0
409,16,89.852,5.398,324.319,8292.324,59.914,61.437,1
410,16,71.313,2.977,323.113,1022.483,57.434,56.607,0
411,16,87.171,4.125,327.482,7896.312,51.687,74.239,1
412,16,70.979,2.018,301.431,366.842,51.129,80.222,0
413,16,78.993,3.109,321.312,2768.436,54.373,44.945,0
414,16,82.71,3.363,336.523,5080.62,60.599,60.002,0
415,16,77.815,2.421,314.154,2433.055,59.104,76.138,0
416,16,87.661,4.474,327.833,8249.946,53.621,81.189,0
417,16,83.055,2.593,316.635,3403.728,52.21,57.573,0
418,16,76.454,1.341,319.126,1290.829,67.559,61.518,0
419,16,75.695,3.106,310.474,2187.398,54.182,48.607,0
420,16,81.565,3.506,326.572,4917.763,55.646,58.726,0
421,16,83.052,4.034,321.086,5644.255,48.163,52.377,0
422,16,86.118,5.771,305.711,8895.445,50.252,50.061,0
423,16,86.192,4.023,337.657,6101.112,67.376,49.319,0
424,16,85.816,3.979,324.436,6298.252,55.477,50.623,0
425,17,81.521,6.112,307.761,6605.085,100.0,30.741,0
426,17,74.764,4.939,310.512,2356.571,92.672,72.105,0
427,17,76.731,5.188,318.25,4138.879,82.676,61.204,0
428,17,80.601,5.71,349.791,6387.291,89.662,52.687,0
429,17,75.619,4.706,310.518,3549.451,87.672,59.105,0
430,17,83.781,7.077,320.934,8209.35,86.368,56.264,1
431,17,75.403,3.541,339.408,742.406,88.68,62.942,0
432,17,87.289,6.647,305.377,8538.724,80.885,61.191,0
433,17,75.11,3.501,325.66,1830.423,81.611,68.45,0
434,17,74.945,4.971,270.787,5244.334,84.565,54.48,0
435,17,78.323,4.157,320.764,1064.549,93.867,47.356,0
436,17,70.216,2.828,306.663,405.414,91.093,33.118,0
437,17,85.534,6.895,307.336,7903.372,95.854,74.299,1
438,17,83.742,6.753,334.014,8797.72,95.746,66.669,1
439,17,76.841,3.896,315.196,3544.519,96.6,62.038,0
440,17,81.38,5.604,317.155,5160.431,97.378,41.5,0
441,17,81.499,4.508,326.317,5229.371,98.045,49.81,0
442,17,73.933,3.159,325.013,641.554,98.407,60.126,0
443,17,71.589,4.305,310.117,73.303,90.241,35.465,0
444,17,76.268,4.871,353.694,3672.771,93.014,53.211,0
445,17,78.129,5.163,308.34,6190.32,87.152,51.578,0
446,17,76.28,3.8,292.428,1504.888,96.571,62.246,0
447,17,78.574,4.306,313.801,3664.077,95.902,61.831,0
448,17,83.29,5.745,316.188,4992.067,84.924,58.956,0
449,17,87.282,6.602,323.3,7818.712,96.475,36.944,1
450,18,80.504,6.077,308.494,4098.658,58.129,66.205,0
451,18,70.054,5.007,306.819,2037.141,56.919,60.925,0
452,18,81.56,6.297,312.746,6857.777,51.864,59.62,0
453,18,72.087,6.263,322.87,2732.455,52.338,71.076,0
454,18,76.968,6.287,305.214,4923.013,68.288,40.851,0
455,18,71.755,4.893,320.894,1046.748,65.213,77.225,0
456,18,76.358,6.17,321.593,4064.57,69.898,68.645,1
457,18,79.928,5.998,321.638,5093.771,55.821,50.235,0
458,18,73.274,5.73,324.285,3776.363,70.355,44.214,0
459,18,74.459,5.088,314.821,1844.855,59.813,75.709,0
460,18,79.994,6.635,291.487,6773.49,55.523,79.016,1
461,18,86.085,7.8,297.892,8298.498,54.887,78.627,1
462,18,85.326,7.98,292.021,8137.529,66.0,47.886,0
463,18,75.165,5.401,334.835,3299.951,59.186,59.002,0
464,18,77.549,5.561,290.179,3694.78,64.598,52.195,0
465,18,74.568,5.726,347.447,3339.602,58.181,48.723,0
466,18,79.235,6.105,329.477,4662.935,57.156,74.83,0
467,18,85.527,6.495,326.469,6734.17,54.386,70.766,0
468,18,80.928,6.018,290.478,6743.665,55.867,57.66,0
469,18,80.107,6.437,295.427,5837.749,60.692,70.361,0
470,18,77.172,6.628,330.284,4339.801,55.899,43.956,0
471,18,78.004,5.677,323.639,4420.086,52.491,50.644,0
472,18,78.16,5.804,332.906,4843.864,65.261,77.79,0
473,18,83.332,7.117,357.82,8641.495,63.085,62.223,0
474,18,79.643,6.33,293.983,4671.891,49.632,72.87,0
475,19,84.735,4.224,322.772,3371.394,71.358,72.298,0
476,19,83.998,4.051,313.371,5065.539,78.697,56.689,0
477,19,94.034,5.086,331.067,7644.248,82.181,56.868,0
478,19,82.064,4.266,292.131,2683.98,76.922,72.406,0
479,19,78.068,3.577,308.687,440.725,78.391,28.567,0
480,19,82.526,4.09,352.218,2164.5,74.779,66.899,0
481,19,90.453,6.226,311.996,7779.97,76.329,45.727,0
482,19,93.012,5.061,325.472,7007.182,87.129,65.048,0
483,19,85.627,4.015,349.26,794.459,63.485,51.931,0
484,19,82.516,3.65,309.069,1822.018,82.741,58.105,0
485,19,81.859,4.303,320.692,1713.597,66.375,52.799,0
486,19,82.021,3.742,317.778,438.716,79.188,45.756,0
487,19,85.526,4.732,309.849,4626.901,84.766,56.093,0
488,19,80.757,3.848,310.22,1380.041,74.795,66.073,0
489,19,90.38,5.569,304.258,6102.387,79.048,67.895,0
490,19,86.671,4.479,322.665,5020.255,75.766,37.156,0
491,19,78.727,3.672,321.82,687.132,86.854,64.505,0
492,19,89.292,6.133,319.32,6315.88,80.73,61.94,1
493,19,80.482,3.431,311.058,479.136,76.151,66.426,0
494,19,85.817,5.432,339.595,4254.769,73.442,64.791,0
495,19,82.716,3.815,287.255,2335.578,75.576,50.36,0
496,19,88.414,5.651,317.576,5720.187,73.389,48.338,0
497,19,89.827,3.874,308.806,2991.319,70.903,68.347,0
498,19,90.106,6.137,314.132,7450.216,72.457,53.199,0
499,19,93.411,6.063,322.283,8617.492,80.438,67.936,1
500,20,80.036,5.573,315.25,989.503,59.749,55.629,0
501,20,81.44,6.197,320.757,4067.391,77.202,54.303,0
502,20,83.374,5.552,310.11,2215.7,65.33,35.806,0
503,20,84.615,6.539,321.173,5337.417,67.766,64.85,1
504,20,79.805,6.773,320.342,2612.066,76.58,57.742,0
505,20,96.325,8.406,294.022,8597.363,68.664,33.426,1
506,20,87.015,7.062,300.821,6263.184,72.125,64.599,1
507,20,83.606,5.28,322.168,2206.696,58.091,49.95,0
508,20,82.132,6.79,310.846,4290.908,65.175,54.705,0
509,20,89.249,6.535,323.907,6733.812,64.338,49.868,1
510,20,78.736,5.006,324.533,68.548,70.813,63.499,0
511,20,89.249,8.687,322.689,8917.71,62.425,64.741,0
512,20,79.709,5.841,311.65,1663.14,76.244,52.783,0
513,20,78.623,5.491,303.854,619.06,68.923,65.682,0
514,20,85.452,6.593,321.123,5673.15,69.349,50.124,1
515,20,92.438,8.542,322.247,8973.638,63.321,48.14,0
516,20,83.242,5.921,294.808,2801.674,70.267,60.565,0
517,20,82.213,6.664,328.042,4349.429,70.608,44.005,0
518,20,89.261,6.512,318.812,6388.022,54.42,78.506,0
519,20,84.172,6.594,304.848,3655.206,66.296,52.365,1
520,20,85.389,7.232,319.486,6349.036,78.651,65.968,1
521,20,83.076,7.19,332.91,3304.219,66.156,70.124,0
522,20,89.183,7.636,342.3,7992.845,58.104,75.886,0
523,20,85.38,6.746,323.684,2960.732,63.377,40.902,0
524,20,79.742,4.556,329.105,383.64,64.29,62.817,0
525,21,81.211,2.317,316.77,3320.023,99.687,40.043,0
526,21,82.445,2.997,326.066,2401.358,92.279,56.746,0
527,21,77.312,1.896,300.763,2345.279,100.0,37.81,0
528,21,80.724,4.015,303.089,4769.108,84.73,52.016,0
529,21,84.04,3.049,327.156,2857.72,94.394,53.563,0
530,21,91.023,4.25,323.977,6940.609,100.0,60.167,0
531,21,78.22,2.843,331.31,4641.357,100.0,64.914,0
532,21,81.452,2.519,306.113,2230.293,90.094,74.469,0
533,21,89.409,4.451,342.285,8709.29,96.401,33.083,0
534,21,84.606,3.822,318.554,6327.042,89.447,39.572,0
535,21,81.055,2.999,326.625,3091.317,91.795,45.551,0
536,21,81.901,4.082,318.464,5647.046,100.0,52.406,0
537,21,88.624,5.054,313.269,7306.499,100.0,60.846,0
538,21,89.27,4.365,308.209,8711.246,89.448,68.908,0
539,21,90.195,4.904,317.553,8224.238,89.938,48.722,0
540,21,79.742,2.955,319.582,3825.152,96.78,52.763,0
541,21,88.169,4.079,343.979,5881.162,90.339,44.447,1
542,21,75.576,2.254,330.225,525.814,100.0,63.838,0
543,21,76.131,2.034,314.688,697.431,98.259,66.183,0
544,21,81.396,2.452,328.923,3644.642,97.825,43.779,0
545,21,92.25,3.76,320.39,7162.178,100.0,64.309,0
546,21,83.891,2.574,322.75,3734.036,93.886,59.451,0
547,21,80.9,2.729,298.854,1724.929,99.044,33.731,0
548,21,81.136,3.387,291.755,4654.446,92.431,67.245,0
549,21,79.931,2.561,301.007,3160.334,81.208,59.043,0
550,22,77.296,3.997,335.977,1365.555,80.277,57.488,0
551,22,74.742,3.975,326.527,817.0,85.625,65.138,0
552,22,81.755,4.698,318.682,3106.694,73.402,17.967,0
553,22,80.486,5.141,322.391,3655.311,70.078,59.435,0
554,22,90.451,5.102,304.841,7257.66,67.865,43.7,0
555,22,78.853,5.587,313.45,3974.732,81.995,35.941,0
556,22,87.876,6.174,306.513,7965.032,67.031,42.476,0
557,22,81.638,4.32,331.817,2738.147,80.394,52.85,0
558,22,84.768,5.982,317.018,6564.129,76.742,60.27,0
559,22,86.464,6.663,314.999,7418.299,69.536,50.713,0
560,22,82.92,5.054,318.883,5778.203,77.812,68.38,0
561,22,88.485,6.5,315.357,8414.853,74.518,62.06,0
562,22,92.097,6.582,298.501,8152.651,82.705,66.018,1
563,22,89.565,6.561,328.233,8620.456,66.363,78.992,1
564,22,84.905,5.556,332.641,6899.786,65.909,54.119,0
565,22,77.152,4.995,324.982,3319.817,78.401,42.594,0
566,22,80.277,5.067,310.706,3877.699,69.917,75.689,0
567,22,79.257,4.31,317.148,2411.324,77.877,65.596,0
568,22,82.912,6.378,336.403,6349.603,79.564,45.954,0
569,22,80.276,6.272,316.395,6572.344,75.848,34.317,0
570,22,86.589,5.681,342.355,6580.606,76.883,48.351,0
571,22,87.396,5.619,318.08,5796.926,71.671,43.577,0
572,22,86.462,5.708,316.214,7027.256,66.43,66.201,0
573,22,79.538,3.218,327.979,1532.463,75.215,53.422,0
574,22,82.019,6.436,328.01,5365.215,81.022,71.167,0
575,23,88.304,4.074,330.656,3919.856,32.209,60.628,0
576,23,87.205,5.089,360.015,5628.29,37.723,42.936,1
577,23,85.072,3.945,335.927,1877.864,24.933,52.669,0
578,23,80.149,2.946,317.498,62.483,33.562,52.831,0
579,23,80.014,3.036,334.059,708.974,45.149,58.973,0
580,23,86.219,4.408,319.211,2910.584,36.767,79.74,0
581,23,95.296,6.116,312.746,6362.79,34.459,58.413,0
582,23,92.749,5.712,315.184,7263.345,44.599,71.723,0
583,23,92.251,5.407,329.351,4345.793,34.481,49.531,0
584,23,84.612,4.485,298.463,3265.542,39.493,66.163,0
585,23,84.892,3.839,321.257,258.977,37.441,82.004,0
586,23,84.513,2.87,329.668,1173.242,28.202,55.516,0
587,23,88.134,4.817,316.604,4436.843,35.207,66.179,0
588,23,94.187,5.621,314.867,7964.256,32.593,64.813,1
589,23,91.648,5.658,308.808,6509.842,40.057,60.081,0
590,23,82.846,3.871,302.757,47.172,42.086,54.453,0
591,23,92.631,6.861,302.354,8531.751,39.133,51.6,0
592,23,86.849,4.558,331.958,3122.317,48.135,59.214,0
593,23,90.007,5.422,341.41,4882.523,37.469,70.741,0
594,23,86.154,4.251,311.244,2503.292,28.015,37.211,0
595,23,94.983,5.161,298.0,7440.864,29.303,49.896,0
596,23,88.071,3.081,334.134,1875.281,35.278,56.804,0
597,23,87.541,4.125,316.196,2967.036,28.87,22.296,0
598,23,93.181,5.112,296.68,8221.453,35.885,74.552,0
599,23,96.338,5.21,294.345,5727.921,31.921,55.432,0
600,24,76.674,6.047,307.392,8603.954,88.258,55.152,0
601,24,74.251,6.23,293.204,6784.864,92.681,72.243,0
602,24,74.655,5.594,322.246,6550.826,100.0,75.21,0
603,24,70.139,5.538,311.981,5489.816,97.29,47.509,0
604,24,72.751,5.079,335.309,6453.529,100.0,72.341,0
605,24,69.321,4.773,319.979,3166.683,93.359,52.109,0
606,24,78.305,4.936,308.939,5443.732,95.42,57.453,0
607,24,70.247,4.75,347.571,3448.959,92.418,40.932,0
608,24,80.186,6.789,342.901,8335.166,100.0,45.701,1
609,24,66.711,4.253,326.621,1403.527,99.368,49.654,0
610,24,78.065,7.179,292.223,7832.113,100.0,45.459,1
611,24,73.09,6.086,289.322,6552.744,100.0,37.464,1
612,24,78.457,6.891,305.928,8318.924,100.0,54.441,1
613,24,72.447,5.371,297.599,4437.142,87.129,53.094,0
614,24,73.372,4.955,317.32,5813.212,95.863,40.776,0
615,24,71.717,4.289,322.868,3684.602,95.406,68.8,0
616,24,67.22200000000001,3.342,291.389,101.028,100.0,67.496,0
617,24,74.453,5.79,300.899,6390.487,95.53,66.187,0
618,24,80.92,7.071,305.054,8679.32,100.0,49.064,1
619,24,66.185,3.772,321.122,1180.95,92.876,50.08,0
620,24,64.688,3.487,308.789,112.032,93.678,76.166,0
621,24,68.124,4.092,321.25,1225.244,94.651,66.536,0
622,24,68.14,4.428,345.305,2338.089,93.262,38.869,0
623,24,60.68,3.884,321.686,173.189,93.665,34.54,0
624,24,73.669,5.691,315.949,7190.422,100.0,56.166,0
625,25,80.34,3.945,324.596,3303.616,81.938,57.542,0
626,25,80.15,3.921,309.667,5247.67,89.141,78.009,0
627,25,85.203,3.782,301.389,6632.348,82.184,55.466,0
628,25,72.119,3.308,316.865,241.443,81.684,45.017,0
629,25,73.654,3.159,306.622,2621.001,76.312,43.881,0
630,25,73.143,2.789,314.039,139.767,72.746,46.035,0
631,25,75.277,2.613,302.377,949.157,82.91,64.63,0
632,25,81.908,3.728,334.832,2837.533,79.853,60.105,0
633,25,74.729,2.735,315.694,43.789,76.479,61.131,0
634,25,80.124,3.849,304.12,3027.169,69.404,75.228,0
635,25,77.666,2.847,323.532,890.332,68.433,37.498,0
636,25,82.807,5.07,321.369,6359.4,80.49,57.885,0
637,25,81.095,4.798,315.054,4520.042,68.255,58.141,0
638,25,89.263,5.775,315.395,7639.134,72.591,56.708,0
639,25,85.055,4.832,318.529,8011.067,77.839,40.811,1
640,25,83.609,5.516,302.662,6137.323,77.379,70.758,0
641,25,81.14,4.01,325.459,4985.76,62.049,50.006,0
642,25,75.672,3.418,309.382,677.16,71.124,43.103,0
643,25,83.7,5.387,317.893,7751.773,73.439,70.669,0
644,25,75.607,3.57,323.274,1872.516,66.89,62.519,0
645,25,77.002,2.701,331.394,1374.235,74.599,65.548,0
646,25,85.614,5.496,337.514,6963.293,82.733,61.509,0
647,25,83.232,4.468,320.402,5363.536,73.978,47.999,0
648,25,81.498,4.178,324.245,3443.131,68.751,62.985,0
649,25,73.248,3.509,327.307,1107.874,61.254,41.58,0
650,26,72.74,3.291,334.662,949.676,33.892,46.27,0
651,26,81.89,4.468,326.947,3601.276,30.935,54.192,0
652,26,89.106,6.136,310.197,8982.895,32.566,52.948,0
653,26,83.933,5.463,298.942,6035.681,35.632,34.596,0
654,26,82.274,3.935,324.149,5139.528,31.361,73.384,0
655,26,85.861,4.257,324.152,5143.246,21.932,58.87,0
656,26,88.216,5.062,329.41,7338.782,30.674,37.955,0
657,26,82.82,5.17,312.742,5363.938,31.092,62.061,0
658,26,81.855,5.295,291.817,5156.307,31.667,56.55,0
659,26,86.758,5.742,308.217,7994.163,32.436,62.625,1
660,26,81.197,4.198,304.847,4116.452,50.553,82.815,0
661,26,79.267,5.524,321.884,4550.304,44.821,61.957,0
662,26,75.021,3.304,328.829,1940.704,44.531,86.144,0
663,26,88.647,5.779,320.602,8457.653,36.62,49.6,0
664,26,90.339,5.609,330.368,7914.66,45.522,39.825,1
665,26,75.151,2.897,295.579,1080.702,29.52,84.959,0
666,26,88.723,5.269,333.881,8486.864,37.13,51.391,0
667,26,85.599,5.656,315.385,7439.719,41.61,61.307,0
668,26,78.439,4.617,307.094,3718.283,46.59,58.133,0
669,26,77.496,4.631,294.322,3734.586,42.98,80.903,0
670,26,78.094,3.356,328.148,2093.211,34.698,60.444,0
671,26,76.083,4.428,335.8,3244.162,38.698,65.473,0
672,26,85.393,5.987,311.251,8222.162,29.671,82.607,0
673,26,75.694,4.099,308.16,3241.448,41.2,74.738,0
674,26,81.137,5.028,319.456,5055.021,36.191,73.182,0
675,27,90.93,3.976,328.503,5224.399,48.467,54.572,0
676,27,96.244,4.525,325.434,8236.591,57.874,55.658,1
677,27,82.352,2.329,324.849,1908.573,51.122,42.91,0
678,27,86.195,3.224,312.997,4666.679,46.918,30.622,0
679,27,91.966,3.571,319.004,7315.165,39.94,87.756,0
680,27,91.025,2.88,335.624,4299.402,61.54,57.338,0
681,27,90.6,3.849,320.645,7517.413,44.85,59.633,0
682,27,92.328,3.167,309.922,3944.883,54.063,57.365,0
683,27,85.493,2.886,289.222,3658.185,49.335,42.107,0
684,27,95.759,3.589,309.158,6732.264,55.475,56.459,0
685,27,84.591,1.565,316.581,873.913,50.473,79.863,0
686,27,96.007,4.414,327.535,8691.515,47.007,55.079,0
687,27,92.1,3.791,320.83,7215.582,55.486,69.435,0
688,27,91.092,3.335,308.929,3451.449,59.122,47.31,0
689,27,85.167,4.02,331.983,3656.069,49.917,52.119,0
690,27,86.7,3.532,335.452,3759.934,50.19,49.397,0
691,27,91.73,3.901,313.131,4530.04,48.356,49.119,0
692,27,92.671,4.006,315.778,7119.19,46.625,56.208,0
693,27,84.31,3.701,324.435,4818.147,46.652,51.267,1
694,27,83.626,0.991,337.163,846.193,39.213,55.841,0
695,27,89.613,3.195,332.612,4397.411,51.897,55.283,0
696,27,86.286,3.46,306.337,5483.809,57.458,47.722,0
697,27,83.372,2.098,315.89,1028.412,54.919,52.66,0
698,27,84.498,3.26,298.641,4310.889,48.237,58.392,0
699,27,83.023,1.636,305.862,1155.804,54.66,64.414,0
700,28,89.578,6.254,322.699,8769.587,82.581,39.023,0
701,28,79.72,3.932,323.955,3484.725,89.608,37.332,0
702,28,89.373,4.971,299.671,7765.932,87.953,62.535,0
703,28,86.22,5.485,311.617,7224.439,94.344,56.57,0
704,28,88.896,4.155,306.61,6361.118,87.376,54.698,0
705,28,79.972,4.161,314.586,4062.725,75.236,47.645,0
706,28,89.317,6.068,307.088,6998.072,99.995,54.815,0
707,28,82.739,4.564,306.502,4679.235,89.589,54.835,0
708,28,84.579,4.424,323.091,5564.382,98.216,50.586,0
709,28,85.207,4.652,303.024,2862.637,90.003,69.044,0
710,28,90.585,5.337,331.529,7781.434,96.17,54.536,1
711,28,86.932,4.055,290.798,3769.214,83.969,77.215,0
712,28,80.754,3.306,348.761,954.272,98.295,60.267,0
713,28,83.805,3.349,315.072,1637.221,89.342,38.872,0
714,28,87.197,4.452,326.143,5254.627,91.997,85.579,0
715,28,84.3,4.158,315.354,5483.711,86.981,56.294,0
716,28,92.277,5.027,303.661,7326.349,88.088,79.146,0
717,28,86.06,3.595,298.14,2960.061,94.466,42.609,0
718,28,87.607,4.367,297.205,3391.541,91.616,79.067,0
719,28,90.888,5.577,308.177,8529.477,99.025,44.352,0
720,28,80.025,2.886,328.772,668.363,78.279,55.401,0
721,28,88.797,5.094,312.433,6746.736,94.941,67.997,1
722,28,91.182,5.44,293.176,7847.926,98.484,44.926,1
723,28,79.273,2.485,313.906,810.415,84.231,48.825,0
724,28,81.364,3.109,343.64,404.407,86.304,67.423,0
725,29,89.223,5.349,333.626,7410.23,37.418,57.152,0
726,29,80.697,3.952,317.622,4580.054,38.554,52.234,0
727,29,89.351,5.043,296.135,8319.079,23.861,62.734,0
728,29,74.604,2.509,325.906,969.857,26.735,44.916,0
729,29,74.075,1.759,321.671,912.842,31.673,52.853,0
730,29,76.151,3.073,321.763,2507.202,26.571,50.231,0
731,29,73.739,1.093,319.431,112.66,35.118,67.578,0
732,29,71.69,2.705,351.883,1809.709,38.071,56.451,0
733,29,76.097,2.903,337.442,776.383,45.194,44.44,0
734,29,77.777,2.719,298.742,3062.283,36.551,64.345,0
735,29,79.535,3.576,309.515,4589.491,44.565,48.767,0
736,29,80.63,3.841,309.464,3956.437,35.84,46.096,0
737,29,77.01,2.463,337.677,1159.15,25.022,57.295,0
738,29,80.895,3.329,334.545,4417.068,33.975,64.326,0
739,29,86.589,4.513,313.526,8123.607,42.752,70.886,0
740,29,76.272,1.647,301.705,614.791,36.472,70.673,0
741,29,84.55,4.863,326.712,6445.255,32.881,64.11,0
742,29,78.692,2.739,323.401,2854.298,41.338,63.224,0
743,29,88.656,4.769,314.684,7712.765,38.302,63.117,0
744,29,79.866,4.254,306.242,5461.014,41.127,74.825,0
745,29,79.703,3.066,325.476,2974.22,34.822,54.008,0
746,29,80.375,3.868,297.54,4914.903,44.293,54.318,0
747,29,83.854,3.642,292.144,5073.451,34.622,53.51,0
748,29,77.5,2.992,320.018,3246.09,32.854,49.182,0
749,29,73.094,2.486,313.491,1752.465,40.246,52.655,0
750,30,74.731,3.52,314.554,4179.842,94.369,56.579,0
751,30,71.521,4.421,315.482,6144.52,81.474,55.441,0
752,30,76.527,3.605,319.015,7285.084,90.33,51.526,0
753,30,77.233,4.811,299.769,7861.526,91.911,62.638,0
754,30,72.557,4.328,327.431,5626.332,80.695,47.299,0
755,30,76.018,4.669,332.587,6966.389,88.687,36.368,0
756,30,64.715,2.428,321.31,1171.863,86.417,68.273,0
757,30,71.11,4.267,332.126,5801.929,92.404,40.085,0
758,30,75.761,4.624,331.06,7850.957,82.558,63.608,0
759,30,78.135,4.336,313.499,8760.701,83.803,50.179,0
760,30,72.733,4.624,317.961,5123.054,92.154,77.446,0
761,30,78.789,5.172,310.194,8572.527,89.297,46.658,0
762,30,80.569,4.773,320.206,8181.057,88.735,60.694,0
763,30,73.896,3.869,334.13,4209.878,92.677,80.813,0
764,30,81.647,5.509,337.348,8705.57,90.312,47.616,0
765,30,65.51400000000001,3.346,292.426,2865.399,88.935,60.276,0
766,30,71.453,3.361,323.933,3764.224,87.253,65.356,0
767,30,74.321,5.107,321.589,7876.803,80.683,33.243,0
768,30,76.99,3.834,303.907,5147.489,97.126,47.91,0
769,30,71.223,2.287,340.125,3551.505,84.913,79.022,0
770,30,75.515,4.106,323.888,6955.175,83.6,32.767,0
771,30,67.11699999999999,2.611,311.263,3565.835,87.205,48.671,0
772,30,67.507,2.279,326.143,1989.606,90.401,45.718,0
773,30,73.588,3.993,336.821,5251.953,85.362,49.789,0
774,30,75.279,3.494,297.918,3521.615,76.175,61.734,0
775,31,82.346,4.625,309.56,1759.241,47.671,55.634,0
776,31,96.867,6.229,291.747,7472.034,44.854,65.113,0
777,31,88.745,4.224,301.771,2543.522,52.382,44.316,0
778,31,87.274,3.301,333.797,54.844,49.287,56.832,0
779,31,85.672,4.634,332.982,1496.32,40.044,47.095,0
780,31,93.544,5.585,301.241,4625.187,47.731,74.189,0
781,31,92.362,5.465,323.769,7111.771,41.468,55.627,0
782,31,89.918,4.032,330.066,4143.554,54.294,83.254,0
783,31,89.566,4.676,297.828,3089.219,32.239,51.355,0
784,31,95.671,5.743,318.47,7401.078,40.561,66.582,0
785,31,97.813,5.568,316.158,6749.919,45.942,57.911,0
786,31,95.505,5.457,315.445,6935.987,48.375,76.163,0
787,31,91.515,5.238,346.899,3089.935,46.679,71.735,0
788,31,91.513,5.801,298.578,5654.651,40.424,62.781,0
789,31,85.277,3.386,337.148,709.943,39.191,51.905,0
790,31,93.784,6.643,319.32,7977.011,42.535,49.048,1
791,31,85.321,4.968,307.769,3297.54,37.774,56.593,0
792,31,93.181,6.231,316.714,8626.46,52.47,48.269,0
793,31,89.76,4.195,284.271,4039.228,54.493,37.775,0
794,31,96.828,6.403,312.782,7856.643,38.067,58.441,0
795,31,89.176,4.363,293.164,2595.14,50.568,50.091,0
796,31,96.17,4.64,291.78,4229.931,42.314,60.965,0
797,31,92.983,4.536,319.414,3834.343,51.656,78.098,0
798,31,95.907,5.538,335.473,6503.442,49.958,60.303,0
799,31,96.825,5.817,319.724,7354.024,43.916,62.242,0
800,32,97.912,3.864,310.501,3813.753,48.632,59.094,0
801,32,104.477,5.206,308.36,7438.77,58.382,57.106,0
802,32,94.118,3.377,301.792,1866.638,70.005,65.567,0
803,32,103.228,5.302,325.411,7472.472,54.865,56.037,0
804,32,92.851,2.853,313.227,151.392,56.647,54.731,0
805,32,91.161,2.117,302.175,298.692,55.071,54.1,0
806,32,109.882,5.483,307.57,7814.211,66.118,48.215,0
807,32,102.112,5.54,345.434,7539.559,52.564,66.653,1
808,32,94.123,3.79,280.695,1068.513,48.721,73.805,0
809,32,103.138,5.595,329.946,8999.084,42.119,45.265,0
810,32,92.84,2.691,323.269,464.572,45.675,42.407,0
811,32,98.282,4.002,293.913,4953.662,53.224,39.685,0
812,32,104.563,6.158,302.08,8468.864,54.5,56.969,1
813,32,97.44,4.821,316.661,5919.63,59.674,55.192,0
814,32,92.833,4.128,306.533,2567.215,59.367,54.224,0
815,32,101.487,4.672,276.299,4623.342,44.94,58.479,1
816,32,93.74,3.268,320.758,473.965,59.525,90.094,0
817,32,96.117,3.091,294.053,2190.882,56.672,61.968,0
818,32,94.579,3.309,330.837,337.734,53.231,48.559,0
819,32,92.057,3.369,325.587,892.324,51.023,76.207,0
820,32,103.755,4.947,352.196,7065.137,62.268,56.953,1
821,32,104.539,6.165,325.537,8191.729,53.606,43.009,1
822,32,92.189,2.746,314.13,74.893,44.001,64.303,0
823,32,99.788,2.964,303.9,3265.847,51.592,73.133,0
824,32,97.733,3.484,315.217,3074.397,57.493,57.477,0
825,33,112.933,6.943,309.544,7119.979,100.0,68.599,0
826,33,111.452,7.082,302.395,6819.366,92.797,66.808,0
827,33,110.601,6.545,352.135,4675.499,92.726,84.377,1
828,33,110.172,7.471,334.203,7006.178,96.426,49.983,1
829,33,113.99,6.756,315.339,7093.858,94.32,32.809,1
830,33,108.631,5.851,337.366,3962.085,100.0,61.457,0
831,33,103.588,6.438,288.855,1491.555,98.021,55.154,1
832,33,107.598,6.531,312.278,4763.146,100.0,64.801,1
833,33,106.321,6.305,309.055,2827.391,90.892,72.459,0
834,33,105.446,6.194,320.367,2397.749,93.45,62.774,0
835,33,111.104,7.784,319.177,5956.239,98.672,61.327,1
836,33,106.853,6.449,335.556,3705.591,90.938,66.465,1
837,33,102.22,5.538,318.188,1402.798,100.0,69.591,0
838,33,112.052,8.138,320.536,7297.465,96.308,34.655,1
839,33,112.142,8.054,323.683,8089.075,87.878,85.488,1
840,33,99.356,5.224,340.16,526.826,95.692,65.591,0
841,33,108.117,6.369,309.098,846.382,96.536,39.63,0
842,33,104.359,6.455,323.214,3381.733,92.073,63.031,1
843,33,103.173,5.92,319.541,757.604,97.527,62.969,0
844,33,107.619,6.717,325.512,4444.579,92.334,37.367,1
845,33,110.095,6.276,318.805,5622.45,92.692,60.635,0
846,33,108.75,6.334,322.358,5472.632,90.965,61.343,1
847,33,100.924,4.593,321.12,692.504,84.631,70.527,0
848,33,101.285,5.651,294.795,1728.036,95.475,56.801,0
849,33,102.211,6.083,330.446,2678.711,90.862,51.328,0
850,34,100.032,4.571,294.851,1371.249,37.817,77.608,0
851,34,113.713,6.913,300.124,7805.132,40.042,55.832,1
852,34,102.376,4.249,307.671,625.633,36.383,46.009,0
853,34,115.966,6.458,306.49,6758.233,39.877,51.536,1
854,34,110.626,6.468,335.658,6756.918,34.981,68.619,0
855,34,100.453,4.077,315.438,432.654,31.697,79.166,0
856,34,104.151,4.527,307.465,1770.515,31.51,48.022,0
857,34,106.378,5.42,321.356,2304.256,40.245,43.367,0
858,34,106.934,5.94,316.239,5393.464,44.828,60.435,0
859,34,104.479,5.24,333.634,2852.948,41.976,80.048,0
860,34,108.303,5.001,312.101,4897.795,33.933,60.525,0
861,34,106.261,5.82,302.898,4722.455,44.651,57.499,0
862,34,105.864,5.185,302.752,2709.717,44.074,30.276,0
863,34,111.44,6.565,313.403,6738.515,33.422,63.036,0
864,34,110.614,6.765,295.951,6636.326,30.795,42.605,0
865,34,105.231,5.25,331.328,3516.493,29.555,71.948,0
866,34,111.445,5.545,313.169,5205.346,29.561,54.985,1
867,34,111.015,4.743,312.895,3597.083,29.005,54.611,0
868,34,105.362,5.37,310.913,4468.445,45.007,84.94,0
869,34,114.86,8.172,328.522,8781.16,35.567,50.85,1
870,34,111.384,6.875,332.125,7867.08,34.812,52.81,0
871,34,111.632,4.566,328.437,2661.83,42.838,77.88,0
872,34,108.653,5.874,286.824,5670.055,33.935,43.621,0
873,34,109.768,6.529,304.152,4232.763,44.149,58.583,0
874,34,109.074,4.314,315.919,5169.538,37.154,61.062,0
875,35,80.641,5.682,311.917,7781.565,79.067,58.088,0
876,35,81.359,4.965,347.104,7418.891,85.506,51.774,0
877,35,81.293,5.739,315.785,7363.052,87.41,59.17,0
878,35,67.67099999999999,2.628,277.434,469.768,92.478,60.504,0
879,35,82.645,5.742,342.906,7548.39,85.438,56.735,0
880,35,70.811,2.851,332.59,1364.751,96.193,54.521,0
881,35,78.664,4.523,329.105,6575.84,85.145,62.114,0
882,35,72.302,4.122,312.169,1537.012,85.089,49.797,0
883,35,71.606,4.154,299.991,3803.556,88.022,58.413,0
884,35,86.259,4.807,302.693,7111.802,83.682,42.124,0
885,35,69.72200000000001,4.328,329.336,4052.376,74.006,50.472,0
886,35,75.284,3.03,316.194,3188.584,84.383,70.247,0
887,35,80.178,5.242,339.713,6956.242,93.206,51.63,0
888,35,77.026,4.842,319.237,7328.438,91.592,64.369,0
889,35,71.979,2.674,315.693,2439.128,83.922,48.078,0
890,35,86.002,4.459,330.601,7008.938,95.771,60.415,0
891,35,70.258,3.031,324.479,2930.353,90.193,50.668,0
892,35,72.128,3.14,354.775,773.367,100.0,34.653,0
893,35,81.209,5.329,303.936,7731.794,83.966,66.172,0
894,35,73.03,3.253,323.037,2807.811,95.255,61.607,0
895,35,76.464,3.924,323.851,3431.816,94.191,81.202,0
896,35,78.564,5.805,336.098,7948.661,82.876,61.818,0
897,35,75.222,2.294,329.66,1717.827,86.827,77.632,0
898,35,74.256,3.36,307.868,2607.533,88.376,43.164,0
899,35,74.687,4.089,335.299,4114.769,87.618,53.293,0
900,36,84.124,4.486,290.671,1671.522,64.963,54.807,0
901,36,95.98,5.746,310.952,8112.605,84.08,39.951,0
902,36,85.998,4.683,321.363,3408.538,67.076,71.401,0
903,36,82.381,3.964,316.993,3335.785,67.827,83.503,0
904,36,83.988,4.866,312.284,2292.483,76.505,54.651,0
905,36,92.817,6.192,316.344,8080.319,79.549,63.495,0
906,36,87.812,5.554,323.798,5531.327,67.419,84.567,0
907,36,88.995,5.11,322.887,6280.354,74.967,62.999,0
908,36,79.77,4.009,315.792,3169.812,67.823,40.197,0
909,36,80.638,2.654,295.546,123.036,76.162,63.86,0
910,36,84.294,5.58,309.201,5243.964,70.593,62.22,0
911,36,88.33,6.534,306.494,5693.782,73.945,54.698,1
912,36,90.164,5.887,329.383,7445.52,77.487,39.756,0
913,36,90.92,6.259,292.268,7087.215,71.464,62.711,0
914,36,94.149,6.745,311.849,8543.783,61.565,62.217,0
915,36,80.019,4.862,323.546,1333.051,75.663,44.383,0
916,36,84.151,5.517,298.337,4240.061,67.168,67.416,0
917,36,88.944,4.709,327.971,5081.915,67.501,43.719,0
918,36,86.48,5.101,289.698,4180.503,74.211,56.971,0
919,36,95.612,6.295,305.367,6707.152,59.631,48.166,0
920,36,94.349,6.67,336.213,8134.057,72.061,75.665,0
921,36,78.18,4.938,327.255,2111.453,68.174,46.841,0
922,36,81.697,3.518,326.96,346.643,70.914,68.002,0
923,36,91.86,5.938,317.947,6542.554,68.739,85.369,0
924,36,89.904,5.14,322.871,3607.939,77.175,61.98,0
925,37,93.806,5.962,302.525,8658.879,83.696,66.645,1
926,37,91.347,6.788,322.45,7118.955,76.281,58.462,0
927,37,92.795,6.402,322.619,8217.292,74.273,44.462,1
928,37,89.719,6.273,300.566,8439.968,72.779,65.136,0
929,37,82.937,2.754,322.108,807.441,78.477,55.146,0
930,37,89.039,5.623,330.467,6907.495,67.451,53.17,0
931,37,85.66,4.826,324.465,3484.976,78.254,67.78,0
932,37,87.615,5.381,321.663,5659.266,72.986,60.98,1
933,37,93.297,5.942,314.779,8136.922,78.293,66.996,0
934,37,82.726,3.313,345.907,595.916,77.268,69.44,0
935,37,90.257,5.773,344.609,7496.834,69.478,55.872,0
936,37,94.881,5.917,331.185,8377.197,80.539,40.514,1
937,37,89.396,4.747,337.688,4044.911,79.937,45.183,1
938,37,90.921,6.311,306.287,8295.334,86.522,45.564,1
939,37,85.023,5.033,296.215,4835.634,71.93,60.908,0
940,37,87.574,5.177,309.938,3930.941,69.323,61.475,0
941,37,94.849,6.641,349.153,8639.666,77.599,57.774,1
942,37,81.984,4.32,321.671,2350.301,73.49,65.227,0
943,37,90.617,4.882,307.31,4903.027,81.043,78.694,1
944,37,93.652,6.316,322.318,7441.865,76.913,40.463,0
945,37,85.132,3.466,310.508,965.939,81.743,70.682,0
946,37,87.591,5.001,316.019,5621.668,75.129,58.093,0
947,37,88.627,6.239,326.25,7426.056,65.603,67.889,1
948,37,81.239,3.957,283.264,679.328,77.157,73.544,0
949,37,93.632,5.141,312.92,6224.245,71.414,56.575,0
950,38,61.486,4.824,303.403,1839.039,90.207,48.319,0
951,38,62.229,3.904,352.582,2648.396,91.882,66.558,0
952,38,72.877,7.013,313.893,7633.585,82.884,35.644,0
953,38,58.746,3.865,292.713,2024.611,78.618,56.383,0
954,38,58.497,3.76,339.036,2561.737,82.4,64.514,0
955,38,62.012,4.033,317.792,2134.396,76.301,68.461,0
956,38,62.982,4.75,334.587,3863.608,72.041,59.774,0
957,38,67.231,5.941,341.363,4839.775,77.945,57.246,0
958,38,59.009,3.546,320.755,1651.512,76.2,56.797,0
959,38,58.974,3.434,336.191,178.581,75.142,78.001,0
960,38,66.295,5.951,317.216,7332.144,87.099,58.235,0
961,38,59.806,4.832,323.549,3757.954,75.946,57.143,0
962,38,65.32300000000001,4.876,336.206,5764.798,100.0,47.622,0
963,38,59.897,4.654,318.251,2981.316,91.259,56.403,0
964,38,70.026,6.414,302.963,7645.878,84.646,64.242,1
965,38,63.592,5.967,284.634,6157.054,82.036,64.73,1
966,38,69.003,5.59,330.051,6685.7,71.784,58.245,0
967,38,65.88300000000001,4.816,329.622,3863.644,84.735,46.971,0
968,38,62.01,4.138,318.088,5246.87,79.036,59.487,0
969,38,64.48400000000001,5.167,321.981,3661.914,83.554,49.326,0
970,38,63.94,6.494,343.229,8046.343,82.129,58.537,0
971,38,69.524,6.503,302.985,7826.046,76.63,38.428,0
972,38,72.8,6.262,312.924,8395.222,76.953,58.31,0
973,38,71.206,6.385,320.115,8272.491,79.112,51.591,0
974,38,68.813,5.821,345.729,7738.521,91.218,71.237,1
975,39,90.603,6.491,313.983,6253.531,28.65,59.196,0
976,39,91.686,6.458,323.466,8611.046,31.663,74.478,1
977,39,84.851,6.219,299.761,6112.788,29.576,59.733,0
978,39,86.702,6.282,304.3,5505.92,40.911,54.476,0
979,39,91.48,7.137,304.536,7355.462,35.969,44.883,0
980,39,76.037,3.912,341.536,260.493,45.92,65.042,0
981,39,77.129,4.963,335.59,1161.726,29.604,63.557,0
982,39,90.292,8.216,309.993,8540.634,23.57,43.941,1
983,39,78.336,4.768,318.095,1549.357,41.746,52.569,0
984,39,78.986,5.359,338.778,3222.497,27.389,53.703,0
985,39,87.815,7.038,322.152,6459.74,25.436,72.449,0
986,39,75.97,4.928,327.614,505.591,23.369,70.558,0
987,39,79.644,5.2,294.218,2495.936,35.42,61.07,0
988,39,84.835,6.688,348.927,5383.817,33.415,49.495,0
989,39,80.939,4.559,321.641,1277.131,29.28,75.934,0
990,39,75.163,4.395,334.757,715.085,29.075,57.312,0
991,39,85.788,6.552,322.172,6515.647,36.707,46.366,0
992,39,85.483,6.04,333.22,5840.673,43.03,51.984,0
993,39,84.474,7.525,348.693,8487.603,45.745,63.266,1
994,39,82.363,5.018,307.91,1284.431,31.523,52.715,0
995,39,80.179,6.736,327.722,4099.292,48.046,55.38,0
996,39,87.629,7.041,295.756,6134.679,25.288,45.711,0
997,39,90.01,7.04,316.617,6258.824,29.336,75.287,0
998,39,72.763,5.4,302.758,579.181,39.746,59.423,0
999,39,89.16,5.869,307.198,8434.469,30.426,49.595,1
1000,40,99.916,3.076,336.675,3480.353,47.936,51.238,0
1001,40,93.147,1.862,331.053,1100.773,36.273,38.6,0
1002,40,100.66,2.95,338.62,4187.875,50.227,58.407,0
1003,40,107.533,4.621,321.449,8820.172,52.114,68.173,0
1004,40,104.872,4.113,317.406,5866.677,60.937,68.161,1
1005,40,103.128,4.735,291.269,8384.745,46.719,61.728,0
1006,40,104.365,3.935,346.397,5023.744,37.671,59.639,0
1007,40,101.764,2.707,310.495,5838.08,43.922,54.989,0
1008,40,101.744,3.414,328.848,5890.977,45.673,79.528,0
1009,40,104.869,3.813,312.935,7788.552,49.442,70.703,0
1010,40,96.172,2.915,332.997,2910.493,44.727,46.834,0
1011,40,96.848,3.34,320.475,5291.625,43.306,35.856,0
1012,40,98.43,2.868,335.26,3712.831,48.789,50.517,0
1013,40,101.717,2.378,321.419,4231.832,54.439,51.078,0
1014,40,94.173,2.761,306.321,4870.686,49.209,88.515,0
1015,40,94.579,2.298,337.248,971.108,57.492,37.542,0
1016,40,95.466,2.069,345.063,311.78,45.168,51.736,0
1017,40,100.11,3.126,330.864,6439.122,49.341,64.283,0
1018,40,91.675,1.828,306.601,1402.663,50.175,47.042,0
1019,40,97.785,2.386,302.089,4860.186,42.178,68.914,0
1020,40,99.323,4.38,311.477,6360.527,52.21,55.706,0
1021,40,88.983,2.085,335.981,1007.861,56.042,51.582,0
1022,40,93.61,2.311,290.745,2357.292,51.664,56.208,0
1023,40,103.129,3.014,320.791,6751.278,54.386,44.843,0
1024,40,104.599,4.095,330.394,8660.986,49.962,63.885,1
1025,41,107.255,6.04,293.265,4747.088,50.112,60.059,0
1026,41,112.43,6.68,309.639,8125.498,45.377,52.017,1
1027,41,112.941,6.111,309.44,4873.715,46.675,54.138,0
1028,41,104.267,4.218,319.922,99.353,32.77,61.457,0
1029,41,111.606,6.034,303.712,6253.009,29.913,39.551,0
1030,41,106.574,4.64,310.756,1721.513,44.148,73.014,0
1031,41,112.313,5.38,324.507,4775.812,38.481,68.686,0
1032,41,111.082,5.149,351.399,3764.863,39.517,67.665,0
1033,41,108.641,5.529,336.112,3209.285,40.837,51.096,0
1034,41,109.355,5.366,328.387,3442.427,36.748,56.914,0
1035,41,112.145,5.485,325.197,4994.092,33.47,68.895,0
1036,41,100.49,4.434,298.016,1089.904,38.319,72.296,0
1037,41,110.51,5.748,319.572,3034.439,40.54,81.466,0
1038,41,116.526,7.313,295.357,8659.457,34.205,34.616,1
1039,41,116.273,8.009,306.648,8868.23,33.3,60.391,0
1040,41,107.647,5.953,307.006,4029.092,41.195,64.108,0
1041,41,116.873,7.108,308.445,7873.172,37.961,59.29,1
1042,41,119.946,7.964,313.009,8496.564,45.177,59.781,1
1043,41,115.388,6.003,317.485,5600.777,38.058,70.377,0
1044,41,109.908,5.123,302.397,3828.428,45.466,53.479,0
1045,41,114.719,7.158,326.849,7172.862,39.788,67.107,0
1046,41,114.173,6.627,337.493,4968.878,37.532,35.168,0
1047,41,112.121,6.241,338.489,5792.967,44.125,61.49,1
1048,41,110.814,5.054,317.632,2869.12,42.12,64.566,0
1049,41,112.918,7.268,291.805,7121.433,54.591,77.964,0
1050,42,81.135,3.179,339.966,5201.242,55.151,59.12,0
1051,42,77.918,3.158,294.005,2312.657,41.02,40.647,0
1052,42,82.759,3.593,309.909,4193.384,48.719,62.64,0
1053,42,75.583,3.414,323.427,1573.584,44.652,23.36,0
1054,42,86.836,3.381,326.415,4330.681,58.789,71.208,0
1055,42,85.741,3.403,312.328,7066.735,41.501,40.736,0
1056,42,84.751,3.451,283.998,3559.501,45.717,67.67,0
1057,42,87.204,3.666,311.889,6421.493,47.869,49.619,0
1058,42,78.304,2.846,331.541,4257.859,37.057,55.331,0
1059,42,89.982,4.689,312.518,7671.346,46.802,55.921,0
1060,42,84.52,2.71,330.714,2792.271,44.062,82.044,0
1061,42,88.549,4.253,333.475,6198.135,49.547,65.034,0
1062,42,79.926,1.966,312.441,1110.414,59.797,47.794,0
1063,42,82.176,3.183,308.991,3576.634,46.503,63.265,0
1064,42,78.812,2.172,320.828,1042.245,43.772,37.938,0
1065,42,82.283,3.415,327.425,3115.268,45.342,58.046,0
1066,42,90.315,5.143,317.241,8691.357,37.705,37.165,0
1067,42,88.053,3.956,312.765,6399.864,43.89,59.094,0
1068,42,79.6,2.864,344.124,1857.104,44.843,79.78,0
1069,42,82.556,2.86,292.905,1403.857,38.711,71.889,0
1070,42,80.006,1.37,305.039,198.982,30.404,57.729,0
1071,42,82.436,2.173,326.128,1528.11,50.023,69.905,0
1072,42,76.081,1.83,327.527,693.798,46.54,45.553,0
1073,42,86.61,3.899,328.576,6723.283,48.547,52.435,0
1074,42,84.186,3.984,326.976,5539.187,57.001,67.627,0
1075,43,76.873,3.35,324.346,1000.166,45.21,50.844,0
1076,43,91.349,6.321,321.026,8053.3,48.145,57.649,0
1077,43,86.928,5.405,315.227,6740.541,45.99,56.773,0
1078,43,83.663,4.502,299.41,3616.654,46.14,80.789,0
1079,43,86.28,5.456,325.669,7127.396,44.862,50.606,0
1080,43,86.407,4.183,299.345,5254.712,39.007,52.18,0
1081,43,80.667,4.073,317.24,2270.421,45.359,67.454,0
1082,43,78.157,3.017,318.062,728.078,39.581,61.578,0
1083,43,78.776,3.242,344.323,2425.096,44.324,53.869,0
1084,43,89.294,5.436,280.353,7030.084,47.76,60.236,0
1085,43,80.183,4.628,324.367,4606.053,38.49,63.319,0
1086,43,79.554,3.947,321.729,2393.313,48.661,55.62,0
1087,43,80.488,4.709,335.101,3042.278,43.983,68.65,0
1088,43,75.628,3.874,337.301,11.417,62.462,71.536,0
1089,43,84.589,4.877,319.186,2520.7,52.712,35.939,0
1090,43,84.714,5.349,327.47,6462.617,45.052,50.604,0
1091,43,74.408,3.918,320.067,101.022,40.45,60.715,0
1092,43,89.321,5.615,348.303,7968.192,45.633,81.688,0
1093,43,87.49,5.211,323.145,6404.879,55.079,46.184,0
1094,43,85.661,4.74,299.35,5149.851,36.77,55.66,0
1095,43,79.184,3.976,307.274,4815.746,42.828,73.889,0
1096,43,90.648,5.559,312.724,7249.063,45.727,68.955,0
1097,43,77.764,3.683,308.132,2342.212,45.622,59.198,0
1098,43,77.791,3.672,331.129,825.296,41.437,43.255,0
1099,43,88.19,5.613,320.734,7797.489,46.296,73.04,0
1100,44,77.043,2.721,296.182,843.211,52.433,37.183,0
1101,44,75.224,2.942,305.874,948.756,57.626,61.746,0
1102,44,81.406,4.038,322.497,6277.086,47.909,46.279,0
1103,44,74.059,2.619,332.151,193.269,51.873,49.281,0
1104,44,80.651,3.768,330.371,3396.504,58.004,78.679,0
1105,44,79.455,3.296,321.854,2013.864,59.778,42.624,0
1106,44,84.907,4.409,304.95,5324.847,47.815,52.892,0
1107,44,82.67,4.911,349.817,8372.973,61.973,56.463,0
1108,44,82.961,4.776,320.613,6666.863,76.23,44.805,0
1109,44,75.54,2.801,331.659,1240.092,58.351,59.282,0
1110,44,87.08,5.51,291.924,8345.549,51.932,61.433,0
1111,44,79.188,3.147,316.441,2842.566,47.723,53.542,0
1112,44,77.371,2.392,318.679,368.657,56.306,64.638,0
1113,44,76.472,4.01,302.888,2577.516,56.087,72.375,0
1114,44,76.623,3.124,335.47,1432.969,56.09,65.294,0
1115,44,72.821,2.783,335.705,539.695,63.211,49.418,0
1116,44,84.266,4.387,340.521,5802.216,56.788,61.119,0
1117,44,89.12,5.096,321.905,7693.473,50.424,59.118,0
1118,44,86.541,4.712,321.831,7147.259,44.464,33.549,0
1119,44,88.502,5.938,309.638,8921.726,40.981,85.709,1
1120,44,85.43,5.135,315.687,8261.539,51.82,59.747,0
1121,44,76.993,2.497,319.505,192.753,47.635,49.379,0
1122,44,86.362,3.93,306.367,6206.944,51.882,53.416,0
1123,44,81.897,4.186,318.624,6041.846,61.516,74.808,0
1124,44,86.761,5.665,348.637,7976.838,64.375,57.562,0
1125,45,81.756,4.056,326.32,5664.439,85.865,78.937,0
1126,45,75.586,2.632,312.023,1910.231,100.0,53.873,0
1127,45,78.236,4.385,308.278,4884.911,90.53,46.958,0
1128,45,81.971,3.775,315.79,4468.883,93.25,64.931,0
1129,45,82.685,4.787,324.084,8230.015,86.115,58.343,1
1130,45,79.983,5.334,340.391,8331.714,89.586,73.6,0
1131,45,84.099,4.997,296.946,7904.595,100.0,51.596,1
1132,45,79.039,4.139,322.146,5083.784,96.054,62.362,0
1133,45,83.61,4.262,308.395,4199.204,89.553,47.821,0
1134,45,77.606,3.157,312.062,3474.293,90.651,57.777,0
1135,45,88.035,5.442,326.159,8583.947,88.801,55.77,0
1136,45,74.872,2.902,315.528,2527.374,85.664,29.187,0
1137,45,80.536,3.884,346.727,5050.554,93.799,75.3,0
1138,45,69.702,2.656,315.02,107.622,88.75,57.295,0
1139,45,70.812,2.085,311.106,244.572,96.549,76.954,0
1140,45,78.247,4.299,336.582,5770.131,96.713,43.928,1
1141,45,70.607,2.816,337.493,2192.459,80.994,40.622,0
1142,45,80.106,3.851,333.893,3513.183,87.342,59.291,0
1143,45,79.647,4.475,306.611,4341.877,94.491,55.098,0
1144,45,77.806,1.771,319.563,688.189,100.0,85.885,0
1145,45,84.696,4.208,308.437,7328.66,88.411,59.479,0
1146,45,75.43,3.295,308.991,2296.978,97.294,52.561,0
1147,45,77.027,3.102,338.425,2301.139,91.444,62.205,0
1148,45,83.961,4.508,318.283,6732.516,98.367,63.446,0
1149,45,73.289,3.459,310.432,2985.977,96.185,54.338,0
1150,46,91.133,4.49,306.154,6320.765,97.635,54.394,0
1151,46,93.641,4.607,344.98,7514.112,85.044,63.302,0
1152,46,81.176,2.578,310.222,2051.786,80.629,56.288,0
1153,46,84.83,3.669,326.891,3345.108,81.391,74.184,0
1154,46,92.847,4.142,314.124,5928.976,94.185,31.456,0
1155,46,77.624,2.078,321.552,90.692,72.201,57.083,0
1156,46,95.05,5.53,289.816,8949.287,84.844,54.441,0
1157,46,84.894,2.516,317.831,1466.336,88.954,51.537,0
1158,46,93.631,5.382,324.08,8543.297,79.685,41.27,1
1159,46,79.763,2.273,319.745,660.799,87.013,72.75,0
1160,46,84.256,3.483,316.843,2053.764,79.454,63.407,0
1161,46,94.158,5.288,336.405,8432.111,75.13,43.859,0
1162,46,93.121,5.081,325.148,8946.724,83.839,70.168,0
1163,46,85.638,3.188,305.003,3062.896,78.006,69.902,0
1164,46,90.118,4.847,322.458,7397.797,71.739,71.254,0
1165,46,88.683,3.857,312.235,4221.489,83.079,57.282,0
1166,46,85.775,4.562,324.587,4510.548,83.955,59.327,0
1167,46,90.163,3.073,332.158,5168.997,84.33,63.163,0
1168,46,89.654,3.039,320.785,4166.504,81.696,49.317,0
1169,46,81.286,2.346,324.174,808.726,74.379,52.649,0
1170,46,81.154,2.512,336.929,277.254,83.075,65.057,0
1171,46,86.075,4.537,308.607,4477.04,79.114,46.868,0
1172,46,93.211,4.581,306.135,7904.389,83.651,70.613,0
1173,46,80.415,2.474,332.044,1233.652,85.062,41.66,0
1174,46,86.284,4.102,299.175,4542.74,79.883,68.947,0
1175,47,79.897,4.134,326.031,2125.049,28.837,54.22,0
1176,47,78.009,3.462,321.53,1404.128,36.644,65.654,0
1177,47,78.315,4.522,310.517,2433.405,21.804,40.763,0
1178,47,94.864,5.791,306.138,8611.228,42.452,57.568,0
1179,47,79.225,3.471,309.569,692.394,28.563,60.581,0
1180,47,86.693,5.685,295.873,6047.183,32.531,39.922,0
1181,47,84.401,4.431,326.167,3786.437,28.47,63.983,0
1182,47,79.647,3.884,318.172,2441.811,31.906,54.428,0
1183,47,90.705,5.238,319.473,6021.937,26.673,85.908,0
1184,47,87.236,6.617,337.579,7352.18,23.801,35.561,0
1185,47,83.621,4.747,305.566,6101.56,21.899,62.832,0
1186,47,90.933,5.406,320.423,6386.899,16.996,57.802,0
1187,47,80.934,3.756,327.115,1917.611,36.242,76.634,0
1188,47,86.386,5.701,299.745,5775.261,25.143,68.611,0
1189,47,88.805,5.671,353.089,8539.248,23.896,39.735,0
1190,47,79.774,3.71,330.702,1878.432,19.206,71.508,0
1191,47,91.585,6.178,306.873,8603.945,30.348,59.788,1
1192,47,89.817,5.488,319.348,5676.033,35.8,72.012,0
1193,47,92.487,5.553,322.66,7524.897,37.183,52.471,0
1194,47,76.796,2.811,337.769,1104.771,32.264,35.326,0
1195,47,90.727,4.692,302.03,7141.048,38.103,72.175,0
1196,47,86.347,4.91,347.43,4370.647,21.351,38.204,0
1197,47,86.254,4.875,314.794,6139.925,34.589,56.888,0
1198,47,79.384,3.368,314.076,1520.31,32.421,63.516,0
1199,47,88.623,5.53,298.106,8203.229,26.269,54.032,0
1200,48,80.125,2.932,303.085,2811.471,59.571,42.991,0
1201,48,76.942,2.708,314.235,2764.111,73.215,61.459,0
1202,48,79.902,2.801,322.487,2789.648,57.989,51.553,0
1203,48,82.79,3.273,317.392,3806.572,61.05,80.61,0
1204,48,81.942,4.413,337.478,3968.532,69.27,80.169,0
1205,48,84.201,4.136,310.355,5875.418,72.104,67.202,0
1206,48,75.334,2.447,307.257,2636.331,63.789,59.847,0
1207,48,90.096,3.779,326.73,8917.946,76.624,66.62,1
1208,48,89.553,5.079,314.759,8235.238,72.695,50.624,1
1209,48,85.354,4.501,304.267,6419.42,71.62,56.077,0
1210,48,77.133,2.373,310.009,2437.457,67.302,54.736,0
1211,48,82.531,2.782,325.817,2150.624,77.05,58.134,0
1212,48,80.824,4.05,332.118,5490.375,71.771,64.746,0
1213,48,84.071,4.598,312.266,8067.979,82.651,42.326,0
1214,48,89.775,4.829,346.784,7757.321,61.287,63.04,0
1215,48,85.63,3.395,344.004,4546.308,69.432,60.411,0
1216,48,78.546,2.607,331.845,2544.706,52.771,52.025,0
1217,48,85.041,5.322,338.625,7983.559,74.456,72.382,0
1218,48,75.855,2.925,319.795,933.398,69.437,58.183,0
1219,48,79.695,2.932,329.112,2995.949,72.693,54.219,0
1220,48,83.552,4.2,323.587,6473.748,64.116,42.63,0
1221,48,80.262,4.15,319.747,4674.692,55.19,44.534,1
1222,48,81.253,2.445,308.868,2442.292,63.768,61.127,0
1223,48,75.914,3.43,321.506,1902.363,83.14,51.503,0
1224,48,76.693,3.041,316.026,3134.946,71.21,69.803,0
1225,49,81.816,2.878,318.924,85.148,87.8,51.754,0
1226,49,96.808,5.216,305.207,6681.746,83.854,36.709,0
1227,49,86.815,4.274,307.315,2371.801,91.319,76.738,0
1228,49,81.157,3.935,296.413,604.201,79.669,92.627,0
1229,49,87.343,2.967,307.306,359.115,89.969,64.297,0
1230,49,79.864,3.462,313.604,647.617,91.676,26.356,0
1231,49,91.561,4.962,307.708,5344.7,84.7,77.77,0
1232,49,96.108,5.183,303.27,7545.226,92.061,57.361,0
1233,49,88.758,5.3,334.272,2786.662,93.412,49.711,0
1234,49,90.522,4.962,319.844,4236.101,91.544,68.618,0
1235,49,91.506,4.994,292.152,4582.543,79.18,51.433,0
1236,49,79.391,2.733,323.975,56.541,89.303,51.687,0
1237,49,94.584,5.246,339.711,5680.859,83.049,67.493,0
1238,49,84.744,3.508,333.322,1110.357,96.956,53.878,0
1239,49,98.681,6.243,305.278,8291.225,81.084,45.454,1
1240,49,90.118,5.911,306.653,6973.872,91.441,60.474,0
1241,49,81.711,3.968,345.773,1215.118,90.732,52.834,0
1242,49,96.925,5.021,324.615,7997.787,76.323,64.77,1
1243,49,82.5,3.325,306.561,1813.092,76.583,56.171,0
1244,49,88.131,5.376,313.285,5919.982,88.395,62.766,0
1245,49,94.11,4.629,325.283,6750.475,83.634,64.351,0
1246,49,91.483,5.362,315.02,5510.604,84.49,68.991,0
1247,49,91.04,3.932,321.043,3317.251,86.165,72.465,1
1248,49,89.732,3.884,319.346,2266.916,87.932,63.021,0
1249,49,90.448,3.748,321.876,2292.076,88.644,52.334,0
1250,50,98.111,6.257,335.861,7735.574,41.108,76.985,0
1251,50,95.638,6.956,290.709,7239.055,51.614,65.885,0
1252,50,84.834,4.089,310.436,27.187,50.86,67.549,0
1253,50,97.243,7.181,315.375,7725.83,58.771,51.81,1
1254,50,95.595,5.24,321.743,4336.458,48.884,64.111,0
1255,50,95.033,5.023,329.448,5463.592,41.676,47.299,0
1256,50,94.909,5.593,323.272,4436.944,47.091,65.992,1
1257,50,91.303,5.647,328.019,5002.604,57.882,71.222,0
1258,50,84.3,4.801,276.931,1938.988,53.369,58.814,0
1259,50,87.624,5.265,311.673,4736.14,46.734,73.219,0
1260,50,92.035,5.23,311.747,4244.624,63.499,36.211,1
1261,50,90.526,5.039,326.091,3808.51,47.386,58.268,0
1262,50,94.933,5.902,306.805,6362.743,39.699,67.911,0
1263,50,93.219,5.074,321.558,5207.999,53.379,59.371,0
1264,50,91.675,6.519,293.052,7119.408,47.486,57.173,0
1265,50,93.09,6.219,314.475,5285.673,36.159,52.363,0
1266,50,92.682,5.801,315.928,6079.722,51.551,51.117,0
1267,50,97.263,5.94,326.316,8841.367,42.096,70.633,0
1268,50,91.656,5.26,287.829,3469.011,50.157,64.946,0
1269,50,85.015,3.553,331.028,577.72,55.414,62.634,0
1270,50,83.887,4.298,346.895,1798.777,47.288,58.966,0
1271,50,88.572,4.49,286.983,2983.059,48.016,53.407,0
1272,50,95.943,6.306,312.468,6337.846,52.219,63.75,1
1273,50,97.616,6.789,317.917,8546.861,43.862,64.743,0
1274,50,95.906,6.642,324.948,8341.885,53.842,80.151,1
1275,51,72.363,5.597,338.079,3269.296,89.219,42.806,1
1276,51,70.358,5.066,340.727,2194.206,84.962,53.319,0
1277,51,73.105,4.682,300.277,2470.056,84.284,51.949,0
1278,51,84.014,7.443,326.618,8672.618,85.518,52.502,1
1279,51,71.258,4.603,313.468,1033.129,82.195,56.428,0
1280,51,79.038,5.985,293.779,4489.314,90.448,51.529,0
1281,51,67.65299999999999,4.517,304.109,879.779,93.481,51.508,0
1282,51,77.755,5.768,322.595,4411.435,86.866,36.552,0
1283,51,74.902,5.63,310.09,3114.207,86.263,42.765,1
1284,51,78.746,5.816,317.57,4590.057,94.385,80.75,0
1285,51,81.594,6.364,321.927,4740.451,78.692,54.179,0
1286,51,77.653,6.296,312.484,6995.913,84.934,38.563,0
1287,51,74.152,5.447,322.529,4843.786,84.185,54.063,0
1288,51,69.689,4.667,306.709,1326.705,81.125,80.73,0
1289,51,73.424,5.575,350.925,5251.517,85.587,68.691,0
1290,51,74.834,5.374,336.026,3663.28,86.761,50.67,0
1291,51,78.805,7.452,318.426,8778.061,91.027,53.2,0
1292,51,80.696,6.781,331.671,7215.425,82.492,70.083,0
1293,51,83.049,7.856,334.808,7050.045,91.985,49.126,0
1294,51,80.398,6.257,320.569,5629.27,88.514,47.599,0
1295,51,73.526,4.293,351.861,1462.452,94.525,53.531,0
1296,51,72.21,5.174,283.077,2307.193,87.467,41.958,0
1297,51,82.024,6.8,340.732,8043.561,85.01,48.912,1
1298,51,77.974,5.79,327.707,5406.851,98.484,51.327,0
1299,51,69.53,4.296,306.882,240.984,84.876,62.629,0
1300,52,105.732,6.347,332.153,7096.535,80.177,68.291,0
1301,52,104.067,4.785,335.117,4128.385,77.517,57.233,0
1302,52,108.066,5.436,326.272,6986.785,85.463,53.33,1
1303,52,104.651,4.959,322.102,4860.21,89.326,72.88,0
1304,52,105.789,4.367,348.011,5261.46,73.222,69.828,0
1305,52,110.145,6.061,336.514,7451.83,82.199,69.222,1
1306,52,100.781,3.986,335.905,1170.847,86.359,58.094,0
1307,52,94.603,3.049,323.161,98.474,83.691,45.075,0
1308,52,108.139,5.716,316.57,7794.757,84.794,62.956,0
1309,52,106.644,6.523,307.524,8388.688,82.995,50.768,1
1310,52,104.632,5.181,323.864,5098.685,84.484,71.732,0
1311,52,105.906,4.829,299.6,5077.972,87.353,52.303,1
1312,52,109.871,5.582,294.024,8790.967,80.895,70.617,1
1313,52,109.653,6.012,325.631,8256.5,77.551,87.323,0
1314,52,105.585,4.795,314.763,3926.908,74.451,60.361,0
1315,52,104.985,5.29,335.411,5476.265,74.378,68.651,1
1316,52,105.194,4.534,329.873,5808.064,70.512,57.974,0
1317,52,112.709,5.914,349.516,8922.613,85.062,46.321,0
1318,52,102.826,5.137,318.692,4297.964,68.503,69.452,0
1319,52,103.167,4.763,321.911,3776.921,85.864,68.848,1
1320,52,111.017,6.624,339.196,7088.635,79.07,58.517,1
1321,52,104.721,5.15,309.944,6243.621,82.226,55.406,0
1322,52,99.394,4.075,308.459,1424.289,76.531,70.701,0
1323,52,108.324,5.648,326.37,7177.028,71.147,68.111,1
1324,52,102.669,4.533,331.841,2672.044,83.974,55.693,1
1325,53,104.906,6.381,312.641,8995.463,98.322,46.894,0
1326,53,98.734,5.189,304.661,5326.509,100.0,24.8,0
1327,53,96.691,5.936,295.234,5192.387,91.921,60.791,0
1328,53,94.167,4.537,338.157,2157.808,94.255,55.245,0
1329,53,96.299,4.335,310.888,4553.857,87.826,68.049,0
1330,53,101.852,5.611,328.86,4552.871,93.184,61.963,0
1331,53,101.958,6.335,332.624,6122.782,96.16,73.176,0
1332,53,96.601,4.789,284.413,3259.794,96.309,47.103,0
1333,53,92.065,4.388,317.947,1432.459,85.832,51.313,0
1334,53,102.028,4.815,304.915,4217.303,91.781,49.096,0
1335,53,95.815,3.463,318.424,1543.755,93.666,44.414,0
1336,53,91.426,5.302,329.103,2211.826,88.915,62.74,0
1337,53,100.881,6.005,305.785,5780.673,86.381,62.361,1
1338,53,92.436,3.147,305.508,343.863,100.0,91.517,0
1339,53,94.547,4.759,316.219,2712.69,95.905,47.011,0
1340,53,104.165,5.486,322.973,6685.083,96.79,52.491,1
1341,53,94.683,4.443,290.715,1812.323,92.948,44.957,0
1342,53,99.246,4.812,318.136,3223.797,96.454,70.006,0
1343,53,105.157,6.127,301.145,8931.194,93.387,71.613,1
1344,53,97.061,4.957,310.745,4391.428,100.0,39.057,0
1345,53,101.99,6.432,323.103,7501.678,100.0,50.947,1
1346,53,107.802,5.99,333.482,7357.863,88.47,40.821,0
1347,53,100.492,4.232,300.64,4451.539,98.891,40.564,0
1348,53,99.077,5.128,294.926,4829.796,100.0,59.702,0
1349,53,94.08,4.384,312.373,2436.225,100.0,75.569,0
1350,54,87.598,5.408,340.467,7394.06,91.131,44.53,1
1351,54,79.074,3.103,336.173,1439.423,83.452,47.606,0
1352,54,80.329,3.639,305.911,2147.19,88.228,52.452,0
1353,54,88.747,5.288,330.182,8706.109,73.253,78.698,0
1354,54,80.562,2.613,338.784,1255.48,78.276,45.846,0
1355,54,86.336,5.673,312.693,6515.334,80.34,50.89,1
1356,54,76.033,3.271,320.202,213.095,77.299,79.544,0
1357,54,79.119,3.369,307.23,1698.496,68.091,58.612,0
1358,54,85.249,4.986,279.333,5220.586,81.956,34.18,0
1359,54,76.117,3.334,322.293,1795.395,80.691,45.479,0
1360,54,79.492,2.523,295.05,859.483,76.046,55.7,0
1361,54,77.101,3.159,317.292,392.1,76.191,74.03,0
1362,54,75.228,2.398,321.523,41.174,70.944,66.603,0
1363,54,87.226,5.047,292.573,6137.727,74.353,63.835,0
1364,54,88.564,5.858,316.667,8881.007,86.951,69.282,1
1365,54,78.09,2.957,332.542,941.343,90.619,65.317,0
1366,54,79.847,3.904,316.739,2633.026,86.903,47.892,0
1367,54,81.1,4.18,332.638,3496.712,76.529,40.422,0
1368,54,76.144,2.761,340.384,479.642,73.312,73.785,0
1369,54,80.62,3.71,300.97,3619.333,66.813,75.591,0
1370,54,83.07,4.094,342.003,5083.027,83.497,37.583,1
1371,54,82.307,4.197,311.02,2670.518,81.086,96.72,0
1372,54,79.654,4.203,320.945,4111.425,82.903,64.634,0
1373,54,79.632,4.09,324.483,2100.364,75.888,28.438,0
1374,54,91.368,5.206,315.901,7258.239,76.179,67.355,0
1375,55,94.825,9.892,335.883,8047.861,92.54,65.969,1
1376,55,78.212,6.045,287.708,235.386,96.978,56.593,0
1377,55,89.04,8.658,310.008,6000.987,83.833,44.09,1
1378,55,86.972,8.984,310.231,6133.77,94.977,49.455,1
1379,55,97.705,8.849,279.991,8601.733,83.855,65.189,1
1380,55,91.95,9.347,312.413,8762.586,92.852,79.874,1
1381,55,88.318,9.19,331.47,6792.039,83.254,37.379,1
1382,55,93.212,9.282,325.949,7483.298,86.6,31.909,1
1383,55,80.635,7.018,302.765,682.718,88.268,57.54,0
1384,55,78.659,6.316,316.718,667.521,97.268,36.786,0
1385,55,81.117,7.738,307.525,3222.279,75.75,53.566,1
1386,55,81.05,7.605,298.946,2941.857,91.128,47.872,0
1387,55,91.242,8.476,330.302,6500.715,85.21,56.551,1
1388,55,85.994,7.91,302.414,2877.053,84.004,65.395,0
1389,55,88.985,10.181,297.661,6704.544,92.24,64.019,1
1390,55,89.515,8.519,308.768,5878.487,87.033,40.943,1
1391,55,83.796,7.901,302.831,2012.798,84.866,49.488,1
1392,55,90.169,8.696,306.311,6516.101,95.52,39.041,0
1393,55,83.809,7.747,312.228,1984.761,94.027,70.821,0
1394,55,87.673,8.843,308.907,5590.58,90.796,45.733,1
1395,55,90.395,8.94,325.186,7445.266,82.563,32.705,1
1396,55,81.835,6.992,327.129,1810.336,87.661,63.364,0
1397,55,84.441,8.07,308.227,4986.122,83.59,49.783,1
1398,55,83.009,8.112,318.021,4235.692,87.081,72.418,0
1399,55,84.949,8.302,326.824,3259.358,85.689,62.1,1
1400,56,77.572,5.339,308.283,6773.835,71.771,63.001,0
1401,56,64.919,3.297,311.372,388.247,64.427,53.646,0
1402,56,70.458,2.25,325.701,872.387,73.809,53.24,0
1403,56,72.211,1.8,305.203,1287.966,63.119,54.548,0
1404,56,67.003,3.053,325.845,2209.297,81.226,83.708,0
1405,56,74.761,2.356,333.25,3496.708,67.657,56.85,0
1406,56,70.28,2.9,321.403,1720.079,65.039,61.276,0
1407,56,77.439,5.014,303.945,7751.236,69.943,67.644,0
1408,56,77.776,4.6,323.438,6048.495,68.411,56.62,0
1409,56,75.442,3.58,311.913,4264.201,58.253,48.276,0
1410,56,66.503,3.423,303.309,2304.319,64.793,53.459,0
1411,56,77.982,5.741,314.163,7041.901,65.511,65.158,0
1412,56,84.22,4.519,335.111,8640.71,77.634,70.273,0
1413,56,69.001,4.357,312.748,4175.414,74.56,57.162,0
1414,56,79.135,5.154,313.894,8435.269,68.131,46.811,1
1415,56,66.854,2.551,324.436,1130.079,57.9,48.275,0
1416,56,78.71,3.79,332.91,6776.326,67.254,53.977,0
1417,56,79.5,4.602,317.238,6854.553,64.666,80.845,0
1418,56,65.768,2.367,339.801,689.272,62.197,38.067,0
1419,56,71.433,4.03,350.838,3053.838,71.561,42.599,0
1420,56,78.226,5.013,309.965,7972.058,60.495,40.714,0
1421,56,74.504,3.215,311.25,3254.962,70.435,55.657,0
1422,56,66.243,3.016,298.317,47.086,65.996,73.441,0
1423,56,77.738,4.117,323.539,4649.832,66.911,72.094,0
1424,56,66.559,2.147,321.317,133.599,72.543,53.556,0
1425,57,90.91,6.192,307.747,7972.89,68.506,63.229,1
1426,57,90.272,5.618,333.794,5429.605,66.229,87.983,0
1427,57,89.24,5.409,330.034,6610.219,68.556,66.253,0
1428,57,93.979,6.141,340.021,8634.808,67.418,44.624,0
1429,57,93.325,6.559,325.146,8594.347,69.609,61.295,0
1430,57,93.978,6.067,323.305,7943.468,70.735,63.259,1
1431,57,86.15,5.153,323.166,4110.201,77.574,76.185,0
1432,57,86.464,3.963,318.71,1497.555,76.866,63.698,0
1433,57,96.565,5.965,316.922,8300.861,86.569,68.975,0
1434,57,84.384,4.4,334.387,2429.003,72.671,41.352,0
1435,57,88.65,4.1,302.98,4456.177,79.468,48.636,0
1436,57,89.297,4.812,334.395,2923.506,76.687,53.725,0
1437,57,81.297,3.555,308.752,868.875,69.261,82.496,0
1438,57,87.728,5.434,330.427,3664.913,66.838,55.437,0
1439,57,88.537,5.097,322.372,3913.438,64.198,63.71,0
1440,57,89.784,5.097,292.484,3888.029,59.758,64.248,0
1441,57,85.584,4.787,323.784,1204.223,71.953,71.962,0
1442,57,90.859,5.94,309.236,5414.847,73.546,56.109,0
1443,57,89.603,5.557,300.362,5398.526,68.964,73.771,0
1444,57,85.418,4.579,322.72,873.551,66.86,69.06,0
1445,57,89.882,5.602,335.319,6199.432,70.523,53.073,1
1446,57,80.809,3.867,321.909,1851.175,76.078,42.699,0
1447,57,92.157,5.357,303.262,5875.572,70.375,79.569,1
1448,57,91.995,6.124,301.732,7124.161,65.93,61.422,0
1449,57,89.785,5.192,322.165,4817.753,76.325,61.141,0
1450,58,86.602,2.67,304.637,1708.841,69.303,73.37,0
1451,58,98.014,4.078,321.165,7358.835,75.406,45.704,0
1452,58,89.346,2.562,335.007,2511.219,66.69,29.357,0
1453,58,90.79,3.886,313.48,6426.81,69.768,54.843,1
1454,58,94.137,3.016,314.708,3952.553,74.655,58.359,0
1455,58,103.115,4.647,319.337,8718.028,69.955,49.945,0
1456,58,93.201,2.403,305.666,2700.701,66.565,69.404,0
1457,58,91.535,2.172,321.161,3192.718,74.225,57.659,0
1458,58,88.489,2.457,314.872,2652.947,75.745,63.417,0
1459,58,95.497,2.987,290.368,4351.147,86.562,25.828,0
1460,58,96.594,3.916,299.209,7216.785,65.766,72.189,1
1461,58,83.228,1.616,354.218,139.552,71.683,64.457,0
1462,58,93.395,3.858,287.402,4059.85,73.999,52.686,0
1463,58,91.305,2.269,310.878,3306.854,60.231,61.782,0
1464,58,90.613,3.123,321.394,4846.29,80.328,47.91,0
1465,58,101.085,4.107,328.859,8528.222,64.233,50.984,0
1466,58,100.293,3.848,301.636,7553.616,71.6,53.935,0
1467,58,87.578,1.342,297.325,104.724,59.975,68.173,0
1468,58,100.432,4.208,331.141,7710.586,72.656,54.895,0
1469,58,94.637,3.681,330.796,4927.876,67.168,41.501,0
1470,58,98.251,4.79,322.484,7328.494,67.964,64.02,0
1471,58,94.685,4.219,296.757,6969.685,74.654,78.663,0
1472,58,97.517,5.09,317.145,8888.826,71.128,55.268,1
1473,58,97.763,3.728,329.019,7429.266,69.386,73.872,0
1474,58,100.6,3.85,320.912,8139.892,67.022,76.422,0
1475,59,71.09,1.96,287.859,380.506,76.967,64.929,0
1476,59,72.925,1.409,307.47,255.353,79.298,65.882,0
1477,59,81.533,4.259,297.342,6207.182,86.399,48.307,0
1478,59,84.008,3.816,301.718,7830.137,84.374,50.225,0
1479,59,84.706,3.76,346.999,7507.085,91.901,52.16,0
1480,59,84.117,2.97,316.22,7387.06,81.029,33.717,0
1481,59,69.368,1.42,305.322,459.887,88.492,63.335,0
1482,59,77.686,2.455,356.097,5178.681,81.673,65.542,0
1483,59,74.261,2.199,327.659,1410.274,84.283,80.524,0
1484,59,85.657,4.518,298.245,6976.702,76.217,45.45,0
1485,59,84.386,3.977,304.982,8269.883,79.127,73.67,1
1486,59,83.363,3.59,318.229,5700.484,78.236,67.916,0
1487,59,85.791,4.295,308.315,7999.542,86.447,57.269,0
1488,59,80.149,3.033,334.645,4810.646,84.905,57.997,0
1489,59,77.783,2.767,316.466,5246.298,88.726,36.232,0
1490,59,71.234,1.971,331.951,406.205,94.183,45.175,0
1491,59,82.166,4.136,316.264,5452.131,96.081,34.052,0
1492,59,83.232,3.43,304.502,6606.115,93.74,50.385,0
1493,59,81.269,4.053,309.354,5703.343,82.872,40.113,0
1494,59,88.805,4.072,309.929,8401.67,94.381,61.486,0
1495,59,83.857,4.207,322.624,7592.964,95.916,54.827,0
1496,59,79.298,2.671,294.189,4040.882,90.08,47.577,0
1497,59,83.823,3.608,331.142,5457.812,79.139,49.876,0
1498,59,79.411,3.061,304.378,6067.151,92.567,55.979,0
1499,59,84.614,4.364,306.268,8703.916,83.652,58.403,0
1500,60,85.182,6.952,311.505,8118.323,34.758,50.032,1
1501,60,76.955,4.249,337.256,1809.261,26.056,66.526,0
1502,60,81.572,5.151,323.137,3309.289,30.363,44.412,0
1503,60,74.513,3.076,295.49,559.054,28.894,44.368,0
1504,60,80.882,4.495,307.443,3427.821,37.89,64.512,0
1505,60,73.839,4.344,336.913,1259.215,12.497,53.991,0
1506,60,79.723,3.842,306.799,2998.357,30.603,61.728,0
1507,60,79.125,3.486,336.541,1929.666,19.712,44.818,0
1508,60,82.593,5.048,316.301,4914.841,28.997,59.871,0
1509,60,80.85,5.634,311.945,6018.31,28.358,69.832,0
1510,60,82.692,6.214,290.051,6343.07,28.703,62.898,0
1511,60,85.851,5.078,321.332,6937.654,19.505,77.548,0
1512,60,76.342,5.579,309.51,5189.428,30.084,76.32,0
1513,60,90.476,6.351,314.003,8771.006,24.012,56.749,1
1514,60,85.067,6.087,343.167,7540.736,36.84,66.326,0
1515,60,84.263,5.758,323.425,7713.859,24.002,57.028,0
1516,60,83.342,5.961,336.203,7938.081,39.6,83.637,0
1517,60,75.323,4.305,318.911,1609.125,27.121,52.042,0
1518,60,75.999,3.801,313.872,2462.025,28.89,77.16,0
1519,60,77.937,4.221,328.072,2521.804,29.143,66.583,0
1520,60,77.936,4.001,307.098,1937.951,40.938,75.685,0
1521,60,81.581,5.34,324.54,4871.035,33.968,48.433,0
1522,60,83.861,6.399,324.652,8696.573,28.788,65.847,1
1523,60,72.31,3.438,343.349,796.028,39.796,48.526,0
1524,60,85.953,6.069,310.664,7958.885,26.33,54.366,0
1525,61,87.322,3.609,348.147,1918.9,100.0,63.607,0
1526,61,83.155,2.524,304.674,2001.724,94.735,67.682,0
1527,61,82.176,2.823,308.824,17.059,100.0,54.636,0
1528,61,84.419,3.003,316.099,2720.61,100.0,55.249,0
1529,61,90.818,3.941,331.446,5410.557,95.421,47.134,0
1530,61,93.692,4.966,346.806,5860.506,96.894,45.966,0
1531,61,93.69,5.999,311.118,8682.585,96.985,47.764,1
1532,61,91.761,3.811,315.87,3445.077,89.31,65.19,0
1533,61,93.64,6.645,302.823,8785.3,84.47,50.88,0
1534,61,88.691,3.805,328.089,2324.951,90.76,67.646,0
1535,61,84.212,2.955,312.363,1321.213,100.0,47.155,0
1536,61,86.511,2.544,305.16,731.802,96.514,40.938,0
1537,61,88.025,2.995,321.373,824.559,87.546,67.153,0
1538,61,88.692,3.37,305.123,1650.506,98.205,65.959,0
1539,61,91.19,3.788,323.986,5339.421,88.602,44.268,0
1540,61,97.933,5.879,322.866,8392.971,100.0,36.329,1
1541,61,81.813,2.477,327.498,110.066,97.888,58.044,1
1542,61,88.26,3.106,344.564,2595.984,90.904,47.25,0
1543,61,93.737,3.603,330.765,4689.565,96.142,52.049,0
1544,61,91.99,4.332,303.441,6852.808,100.0,67.312,1
1545,61,92.472,4.899,322.806,6286.403,88.906,73.784,0
1546,61,89.007,3.815,274.396,2975.539,92.831,79.374,0
1547,61,87.223,3.324,314.925,2186.541,100.0,60.105,0
1548,61,96.133,4.848,321.781,8412.437,85.387,59.159,1
1549,61,90.126,4.102,331.191,5112.723,91.558,79.212,1
1550,62,68.291,3.117,286.291,272.377,45.79,59.63,0
1551,62,75.082,3.886,327.096,2645.053,60.247,52.835,0
1552,62,74.139,3.226,322.879,3889.616,54.286,51.608,0
1553,62,72.774,3.09,345.872,1327.724,59.562,43.934,0
1554,62,72.296,3.223,319.81,3916.454,61.914,49.588,0
1555,62,80.864,5.009,345.832,7148.435,58.792,40.534,0
1556,62,77.038,4.564,327.22,6425.106,62.606,57.619,0
1557,62,77.431,4.399,323.007,5994.255,68.072,74.302,0
1558,62,75.347,4.589,314.811,4149.292,62.593,55.412,0
1559,62,68.163,2.598,312.834,1604.585,55.675,38.438,0
1560,62,81.976,4.328,303.835,6157.845,57.058,59.068,0
1561,62,81.273,5.273,305.375,8285.789,46.232,40.6,0
1562,62,75.174,2.647,340.495,3382.231,54.376,37.312,0
1563,62,75.176,3.289,330.714,4058.508,60.134,77.804,0
1564,62,69.944,3.043,344.232,2407.53,56.879,52.85,0
1565,62,67.30799999999999,2.691,335.088,243.58,56.647,68.272,0
1566,62,70.641,3.351,321.425,1791.431,49.004,63.361,0
1567,62,66.37299999999999,2.519,324.27,699.279,59.419,50.514,0
1568,62,81.351,4.759,318.776,7042.961,54.18,59.765,0
1569,62,69.201,3.001,343.419,1972.616,61.291,47.504,0
1570,62,75.553,4.565,309.265,7397.295,56.805,43.204,0
1571,62,72.769,3.951,307.19,4036.652,65.125,57.606,0
1572,62,81.875,3.71,327.67,6103.784,54.535,71.418,0
1573,62,77.894,4.201,306.612,5140.459,60.469,73.99,0
1574,62,71.802,2.12,323.141,593.781,69.243,56.807,0
1575,63,85.43,4.357,312.705,6798.627,42.398,50.561,0
1576,63,77.447,2.735,317.803,2732.69,34.939,55.3,0
1577,63,88.706,4.368,313.456,7785.56,46.927,61.407,0
1578,63,80.984,4.453,321.322,4858.764,52.718,58.841,0
1579,63,77.852,3.084,319.143,3186.956,45.653,58.345,0
1580,63,83.191,4.645,305.141,5987.895,29.766,53.449,0
1581,63,83.723,5.51,303.847,8951.475,49.159,55.269,1
1582,63,89.778,5.657,328.922,8755.406,45.298,52.319,1
1583,63,83.469,4.238,302.999,4697.609,43.502,62.947,0
1584,63,89.079,5.684,330.238,8325.827,45.886,45.746,0
1585,63,85.28,5.632,307.156,8523.294,39.802,63.288,0
1586,63,73.239,3.163,305.424,411.715,41.854,79.841,0
1587,63,79.344,2.946,336.939,2190.627,41.516,47.719,0
1588,63,86.563,5.269,320.608,6726.762,44.432,50.832,0
1589,63,85.382,4.408,315.189,7426.674,50.759,54.34,0
1590,63,86.0,4.876,287.921,6228.263,37.055,51.229,0
1591,63,83.594,5.257,354.13,7107.545,45.431,60.457,0
1592,63,80.318,4.223,318.586,3988.882,41.64,70.291,0
1593,63,80.917,3.382,314.466,3883.444,45.262,50.996,0
1594,63,82.912,3.982,297.966,5032.704,48.956,70.602,0
1595,63,83.999,4.075,333.368,6590.804,44.347,64.73,0
1596,63,80.261,4.97,310.17,6778.689,48.137,73.808,0
1597,63,72.647,2.574,331.425,1225.818,53.008,100.0,0
1598,63,82.92,5.152,345.238,6403.003,44.681,47.021,0
1599,63,76.248,2.745,302.966,2240.963,36.807,50.699,0
1600,64,86.836,4.585,319.065,6110.204,64.917,66.524,0
1601,64,81.37,1.838,297.611,750.0,67.948,50.156,0
1602,64,78.366,2.619,315.963,131.809,69.937,52.027,0
1603,64,85.766,3.621,322.687,3557.291,77.64,56.274,0
1604,64,83.282,3.969,308.14,5623.708,75.19,51.413,0
1605,64,84.078,2.852,305.744,3334.032,78.079,60.451,0
1606,64,82.001,2.908,300.593,1851.879,70.166,60.065,0
1607,64,93.879,5.112,321.271,8989.744,67.748,49.698,0
1608,64,88.121,5.284,304.776,8505.255,79.656,82.455,1
1609,64,80.773,2.548,300.473,559.965,61.987,64.801,0
1610,64,90.508,4.879,314.657,5970.757,66.626,48.934,0
1611,64,87.091,4.172,324.716,4685.276,76.717,55.646,0
1612,64,83.775,3.603,313.046,3676.13,68.48,76.066,0
1613,64,88.179,4.901,336.681,7927.225,64.931,78.404,0
1614,64,87.44,4.943,304.561,6528.469,65.243,48.712,0
1615,64,82.033,3.882,313.272,2428.692,73.744,57.587,0
1616,64,88.854,3.232,318.217,4088.098,71.013,88.98,0
1617,64,94.184,5.496,305.612,8855.151,62.429,57.72,0
1618,64,89.111,3.9,328.435,5869.642,75.584,79.566,0
1619,64,83.596,3.204,314.772,2352.67,74.133,44.589,0
1620,64,94.425,4.716,312.508,8727.534,77.844,58.858,0
1621,64,89.144,4.792,308.381,6266.838,73.156,66.525,0
1622,64,89.343,5.225,292.19,8920.313,73.145,76.231,0
1623,64,86.959,4.249,313.096,5357.566,71.037,51.621,0
1624,64,80.945,2.607,313.341,1579.159,69.905,69.896,0
1625,65,83.612,3.437,307.744,1549.072,71.003,67.703,0
1626,65,87.403,4.863,336.742,4524.692,83.816,63.343,0
1627,65,94.731,4.789,296.423,5876.889,81.188,50.055,0
1628,65,88.837,4.115,315.411,4917.128,87.911,62.175,0
1629,65,88.781,3.834,319.191,3043.002,77.437,46.462,0
1630,65,89.453,5.42,295.015,6883.493,75.243,72.865,0
1631,65,94.893,5.308,316.765,7058.935,78.105,62.969,0
1632,65,90.186,4.779,327.016,5105.592,71.675,52.962,0
1633,65,80.262,2.833,318.73,25.086,75.703,48.912,0
1634,65,100.163,5.204,298.344,8699.605,85.962,81.302,0
1635,65,82.241,3.338,337.898,84.965,72.938,59.992,0
1636,65,93.271,4.326,297.85,7562.028,75.169,52.294,0
1637,65,93.839,5.03,294.982,7640.313,69.329,51.445,0
1638,65,97.094,5.035,313.888,7318.586,73.601,43.652,1
1639,65,84.241,3.83,331.397,1558.715,83.964,75.665,0
1640,65,83.845,2.247,303.883,228.014,78.153,66.923,0
1641,65,93.338,4.488,339.444,6310.692,79.494,53.827,1
1642,65,80.838,3.149,298.072,1758.171,86.008,53.065,0
1643,65,83.68,3.111,308.106,934.082,76.635,32.681,0
1644,65,82.559,1.722,334.86,368.236,79.756,67.855,0
1645,65,87.757,5.14,303.935,5537.217,80.94,48.457,0
1646,65,83.091,3.635,308.519,2221.058,83.243,53.583,0
1647,65,91.075,4.159,319.532,5501.485,79.233,69.193,0
1648,65,87.532,3.289,338.092,3881.548,72.356,81.068,0
1649,65,85.806,4.082,342.591,2336.832,79.35,55.03,0
1650,66,87.917,5.337,323.815,7327.164,48.486,60.237,0
1651,66,90.408,5.452,317.459,8337.219,55.715,41.875,0
1652,66,77.931,3.69,335.423,3353.263,60.669,52.309,0
1653,66,71.468,2.958,319.6,1606.123,44.543,60.987,0
1654,66,82.388,5.617,310.019,6089.707,52.032,57.693,0
1655,66,82.713,5.939,299.018,7187.068,62.451,45.769,0
1656,66,83.332,5.051,311.731,6885.767,54.181,47.101,0
1657,66,77.926,3.119,305.3,1991.272,62.767,71.66,0
1658,66,78.102,4.323,328.063,3920.625,56.053,49.09,0
1659,66,77.096,3.772,343.21,3882.653,59.263,70.268,0
1660,66,75.438,3.836,328.323,2643.947,49.002,31.787,0
1661,66,77.231,2.938,336.944,2210.133,55.338,68.366,0
1662,66,73.366,3.39,292.994,635.969,55.744,64.157,0
1663,66,78.552,4.251,321.039,3154.27,54.724,67.219,0
1664,66,78.971,3.974,288.158,2568.635,54.488,60.183,0
1665,66,85.144,5.44,310.524,6935.645,54.706,57.5,0
1666,66,85.196,6.242,326.209,8671.955,61.965,64.398,1
1667,66,85.508,5.545,329.794,8608.497,62.807,58.337,0
1668,66,78.807,3.617,315.467,2199.682,53.851,49.532,0
1669,66,79.427,5.043,294.974,4697.952,49.795,58.213,0
1670,66,78.4,3.478,322.898,3085.303,61.216,68.162,0
1671,66,88.233,4.906,310.066,6869.313,61.098,53.401,0
1672,66,79.183,4.551,335.411,4904.956,56.889,50.042,0
1673,66,82.6,5.206,332.043,5942.073,55.804,72.775,0
1674,66,85.48,5.561,311.641,8328.541,63.725,58.8,0
1675,67,98.461,4.581,300.76,7168.275,57.361,57.584,0
1676,67,87.388,2.654,304.11,898.842,73.036,49.873,0
1677,67,95.512,4.222,328.965,5632.397,61.727,48.111,0
1678,67,91.163,4.022,322.84,4475.85,62.164,89.883,0
1679,67,91.464,3.364,313.888,4625.016,58.136,59.038,0
1680,67,90.902,3.959,311.49,1955.959,69.441,82.259,0
1681,67,86.095,3.794,315.699,117.184,67.21,55.725,0
1682,67,93.586,4.89,327.349,6628.33,61.064,55.776,1
1683,67,88.375,3.03,322.141,1313.551,66.233,51.026,0
1684,67,95.63,5.538,315.745,5777.623,72.642,49.983,1
1685,67,91.057,3.576,305.596,4749.301,60.498,38.294,0
1686,67,97.019,5.161,319.0,8149.318,66.074,44.19,1
1687,67,96.58,4.858,314.429,5741.97,58.973,54.696,0
1688,67,94.384,3.687,318.26,4722.295,63.296,24.818,0
1689,67,100.617,6.361,317.735,8475.739,65.62,60.95,1
1690,67,93.933,4.67,301.278,5882.688,70.942,56.196,0
1691,67,88.661,2.635,329.481,676.695,62.029,91.935,0
1692,67,86.856,4.155,301.316,4888.9,57.229,60.394,0
1693,67,90.046,3.852,299.899,1701.956,67.767,66.611,0
1694,67,96.885,5.093,326.128,6757.072,59.564,73.695,0
1695,67,98.839,5.771,311.36,7960.64,68.292,55.763,0
1696,67,88.281,4.04,300.301,2109.288,53.62,44.714,0
1697,67,94.538,4.249,311.804,6285.818,71.297,53.84,0
1698,67,98.637,4.612,322.42,7704.524,58.668,48.997,1
1699,67,93.628,4.884,289.589,8165.48,72.132,53.848,0
1700,68,88.658,5.053,298.343,7974.503,78.38,61.707,0
1701,68,83.03,4.809,327.149,5425.283,84.051,51.198,0
1702,68,84.794,4.783,306.872,6641.96,73.997,44.301,0
1703,68,80.897,2.543,324.693,2905.807,74.479,59.525,0
1704,68,86.076,3.61,311.823,5737.755,74.837,80.156,0
1705,68,84.966,3.68,321.795,3933.555,64.962,54.857,0
1706,68,79.632,3.297,324.959,2813.212,79.534,57.701,0
1707,68,81.817,3.113,336.053,3302.297,69.61,41.137,0
1708,68,88.373,4.565,325.842,7104.494,83.311,59.49,0
1709,68,91.492,4.67,297.73,7813.591,71.197,52.638,1
1710,68,84.445,3.775,332.48,2830.961,80.235,55.635,0
1711,68,82.849,2.932,302.869,3094.325,65.385,62.399,0
1712,68,88.407,4.001,331.904,6193.39,80.366,45.095,0
1713,68,79.049,2.311,303.279,2784.618,65.837,60.77,0
1714,68,88.152,3.477,321.322,6400.572,82.78,74.732,0
1715,68,78.701,3.383,318.517,2062.705,69.609,51.276,0
1716,68,76.576,2.692,347.84,955.572,78.865,30.016,0
1717,68,77.594,1.724,333.973,617.082,82.527,68.075,0
1718,68,81.567,2.284,325.531,1660.987,75.208,51.973,0
1719,68,86.158,4.424,310.091,8886.515,70.732,46.782,0
1720,68,90.176,5.267,302.957,8567.184,78.062,44.769,0
1721,68,91.716,4.712,318.196,7854.874,70.652,53.563,0
1722,68,85.028,3.443,328.763,4462.498,63.837,58.332,0
1723,68,87.037,4.034,309.819,5578.845,72.453,66.352,0
1724,68,91.821,4.333,309.595,6782.658,83.95,64.038,0
1725,69,94.975,6.514,326.46,3877.751,78.248,58.16,1
1726,69,91.183,7.533,314.621,4425.599,66.268,74.249,1
1727,69,92.657,7.911,272.245,4472.567,81.515,60.856,0
1728,69,100.144,7.696,315.381,5504.254,73.988,71.397,1
1729,69,88.239,6.753,312.521,2049.863,70.674,63.53,0
1730,69,94.134,7.113,323.613,1789.001,66.027,49.177,1
1731,69,98.795,8.172,314.83,7287.847,68.326,53.509,1
1732,69,89.579,6.014,327.457,2043.197,81.71,54.728,0
1733,69,90.966,5.64,321.74,1143.413,66.776,68.061,0
1734,69,92.218,6.348,309.668,1503.121,75.016,67.565,0
1735,69,88.687,6.165,307.166,14.942,76.29,80.676,0
1736,69,84.178,6.265,310.629,285.772,77.367,65.629,0
1737,69,96.405,8.276,326.823,6498.766,68.121,77.905,1
1738,69,101.012,7.896,323.544,6340.408,74.348,46.362,0
1739,69,92.259,7.015,322.21,2112.847,81.114,61.938,0
1740,69,103.751,8.514,318.588,7756.103,77.382,66.069,1
1741,69,91.288,6.33,300.393,1218.167,71.623,58.266,0
1742,69,89.657,5.819,313.812,1457.994,75.498,50.635,0
1743,69,94.063,6.745,304.883,3940.832,73.583,36.799,1
1744,69,89.774,6.399,313.262,1596.403,76.33,47.429,1
1745,69,92.033,7.243,319.021,1279.577,78.29,52.98,0
1746,69,87.667,5.664,316.259,83.202,85.778,57.096,0
1747,69,92.559,7.45,326.147,3509.855,78.595,87.605,0
1748,69,100.745,8.291,338.72,7375.44,77.757,62.823,1
1749,69,99.094,7.598,312.814,5386.482,77.08,65.341,1
1750,70,107.172,5.488,318.923,8642.474,54.026,51.857,0
1751,70,100.297,2.766,323.982,3278.848,45.958,57.352,0
1752,70,95.807,1.734,294.993,345.281,49.726,33.645,0
1753,70,93.841,2.096,329.512,158.234,37.931,65.264,0
1754,70,107.486,4.006,324.727,6814.745,53.104,55.569,0
1755,70,98.578,0.842,301.019,72.272,47.808,62.895,0
1756,70,107.189,4.307,305.709,6653.898,43.68,37.934,0
1757,70,101.366,2.463,321.191,2099.631,45.601,65.603,0
1758,70,99.894,2.412,306.773,1663.765,54.496,58.508,0
1759,70,103.085,4.402,314.696,7357.262,41.238,57.831,0
1760,70,104.535,3.877,320.53,6321.888,38.995,71.293,0
1761,70,105.37,5.242,347.081,8873.792,49.487,26.713,0
1762,70,103.651,3.94,312.952,6689.095,53.716,85.349,0
1763,70,104.213,3.602,315.827,5380.916,52.621,42.828,0
1764,70,95.093,1.354,320.912,243.778,50.358,53.469,0
1765,70,100.667,4.45,297.673,5264.471,41.73,48.852,0
1766,70,96.129,1.778,302.511,561.488,39.754,63.886,0
1767,70,107.209,3.743,319.769,7400.963,37.746,69.302,0
1768,70,106.773,3.647,322.628,6276.74,50.333,60.313,1
1769,70,109.574,5.111,339.183,8943.46,37.063,56.081,0
1770,70,98.542,1.766,315.292,1196.169,39.736,56.265,0
1771,70,105.06,4.143,302.902,5732.767,33.515,65.734,0
1772,70,110.214,4.742,323.29,8353.496,39.786,49.31,1
1773,70,102.419,3.324,336.455,2893.474,36.834,34.686,0
1774,70,99.343,2.82,316.299,116.813,47.543,54.416,0
1775,71,90.549,6.525,316.393,7336.644,39.002,50.427,0
1776,71,91.273,5.008,344.452,8216.061,44.307,54.616,0
1777,71,88.207,4.248,280.544,6233.381,36.836,65.15,0
1778,71,77.771,3.269,322.256,285.075,43.715,72.794,0
1779,71,85.44,4.913,333.89,4127.43,42.721,72.257,0
1780,71,90.168,6.244,328.61,8773.677,24.702,87.156,0
1781,71,90.924,6.873,337.44,7777.593,30.883,68.032,1
1782,71,84.076,6.139,293.235,5129.632,44.787,43.751,0
1783,71,86.995,6.018,307.571,5774.339,30.774,48.603,0
1784,71,90.107,6.511,319.952,6647.733,36.594,56.711,0
1785,71,82.247,3.657,333.256,1529.675,36.105,51.387,0
1786,71,80.148,4.058,309.751,2345.792,38.304,51.182,0
1787,71,90.382,5.458,325.315,6939.913,35.902,64.609,0
1788,71,82.949,5.164,314.863,4734.053,39.176,79.123,0
1789,71,86.703,4.945,309.32,3286.272,33.932,47.752,0
1790,71,83.612,4.415,340.307,3652.178,37.856,45.159,0
1791,71,83.668,5.284,306.348,4334.227,39.691,59.334,0
1792,71,82.13,4.513,320.127,4200.285,44.288,41.55,0
1793,71,89.789,6.403,304.422,7925.07,36.532,52.119,1
1794,71,84.231,4.704,319.931,4859.167,36.508,68.605,0
1795,71,86.808,5.914,316.642,6419.165,35.734,58.936,0
1796,71,74.123,3.651,299.451,480.976,43.262,70.579,0
1797,71,72.616,3.191,343.157,12.457,37.043,67.564,0
1798,71,76.811,4.469,289.469,1974.288,37.229,60.559,0
1799,71,81.089,3.699,305.775,715.917,47.631,54.89,0
1800,72,66.3,4.219,319.129,4563.308,39.927,39.549,0
1801,72,75.948,5.547,336.175,8130.755,51.737,68.1,0
1802,72,68.547,5.547,311.137,3944.21,47.661,64.715,0
1803,72,67.869,2.999,348.096,2379.059,49.3,63.276,0
1804,72,70.57,4.713,294.877,4520.475,44.229,67.728,0
1805,72,71.411,5.367,317.146,6538.542,51.987,60.423,0
1806,72,72.926,5.536,317.486,6683.165,43.75,64.751,0
1807,72,74.308,4.788,342.536,6666.476,40.065,58.958,0
1808,72,65.507,3.593,305.833,1421.504,47.19,57.187,0
1809,72,73.367,6.339,306.644,6407.207,37.901,43.225,0
1810,72,72.465,5.051,327.219,5060.546,42.413,44.033,0
1811,72,69.163,3.076,334.814,1100.813,50.989,70.648,0
1812,72,75.267,6.081,312.904,8544.336,21.186,59.298,0
1813,72,65.265,3.343,306.946,1137.337,40.643,76.852,0
1814,72,67.095,3.106,345.313,952.005,51.178,79.105,0
1815,72,76.453,5.452,331.821,7469.155,46.004,73.899,0
1816,72,77.246,6.11,315.255,8073.804,40.062,59.069,0
1817,72,66.074,4.053,313.155,2969.788,45.112,62.459,0
1818,72,62.318,2.23,299.644,129.105,43.372,78.9,0
1819,72,71.394,4.327,305.757,3856.226,38.022,77.772,0
1820,72,76.385,6.356,306.235,8770.056,40.971,45.692,0
1821,72,77.245,5.359,328.055,8600.4,44.424,84.858,0
1822,72,78.017,6.349,324.614,8197.318,43.505,53.405,0
1823,72,82.647,5.832,294.446,8957.2,50.24,66.02,0
1824,72,62.314,2.282,347.948,652.257,56.584,70.57,0
1825,73,99.638,2.891,314.784,3060.151,88.741,67.152,0
1826,73,94.684,2.343,317.068,2690.509,94.452,58.567,0
1827,73,102.343,4.568,309.398,7610.237,88.385,65.845,0
1828,73,95.629,1.476,328.181,587.816,84.592,72.472,0
1829,73,107.271,5.035,321.515,8209.741,91.096,52.338,1
1830,73,103.227,3.081,299.301,4726.883,86.047,77.289,0
1831,73,93.138,1.845,311.895,843.096,77.974,40.77,0
1832,73,97.975,2.344,341.168,3539.792,84.58,58.809,0
1833,73,106.703,3.758,303.753,7419.91,89.09,56.612,1
1834,73,104.686,4.22,309.648,7965.475,91.126,62.685,0
1835,73,104.659,4.555,296.706,8564.509,91.428,60.671,0
1836,73,93.558,2.552,312.961,2505.276,85.706,56.427,0
1837,73,96.814,3.108,319.889,3695.571,87.323,65.353,0
1838,73,94.145,2.078,330.659,119.509,91.988,84.637,0
1839,73,103.241,3.863,311.622,5676.658,90.692,53.375,0
1840,73,95.367,2.555,334.589,3172.635,85.082,58.188,0
1841,73,109.19,4.858,332.97,8083.804,79.566,63.562,0
1842,73,104.411,3.386,331.135,6563.273,97.168,57.069,0
1843,73,105.18,4.275,324.395,7658.597,86.09,61.262,0
1844,73,103.849,3.983,315.941,7018.245,100.0,76.266,0
1845,73,105.293,5.179,325.7,8740.261,91.64,56.786,0
1846,73,96.975,2.078,293.847,1824.849,90.04,54.241,0
1847,73,95.738,2.322,344.708,1864.028,83.213,53.426,0
1848,73,101.331,3.295,310.723,3077.449,99.074,61.138,0
1849,73,105.151,5.126,299.611,7348.113,92.606,57.251,1
1850,74,75.746,5.664,310.765,1886.824,77.975,78.794,0
1851,74,78.627,6.297,318.73,6068.964,95.359,46.015,1
1852,74,82.123,6.898,321.861,5446.904,90.922,43.116,0
1853,74,77.364,6.321,313.785,6949.712,83.882,67.845,1
1854,74,78.077,6.177,334.96,6337.28,82.195,52.192,0
1855,74,81.793,7.158,331.104,6787.546,85.852,71.76,1
1856,74,84.899,7.382,343.961,6744.648,76.445,65.319,0
1857,74,77.722,7.051,323.657,7031.753,91.978,64.563,0
1858,74,81.374,7.809,335.918,7625.114,79.091,48.788,0
1859,74,74.032,5.308,310.256,1769.833,73.069,39.039,0
1860,74,72.292,4.839,321.859,2135.03,76.169,55.289,0
1861,74,68.851,5.551,332.193,1430.836,87.189,78.332,0
1862,74,69.46000000000001,3.879,292.976,401.618,77.737,62.423,0
1863,74,70.863,5.438,297.236,571.153,83.267,70.969,0
1864,74,70.832,4.771,312.427,98.165,84.212,43.176,0
1865,74,81.63,7.329,303.692,6543.955,84.314,63.594,1
1866,74,85.126,7.776,313.983,8554.096,90.341,50.583,1
1867,74,72.443,5.945,323.289,2472.247,93.81,76.791,0
1868,74,81.976,6.873,290.95,4216.062,87.173,42.641,1
1869,74,78.396,7.833,327.543,7218.719,84.152,63.375,0
1870,74,73.897,4.862,322.647,2138.17,95.637,49.707,0
1871,74,75.054,6.343,319.421,6110.077,83.441,49.337,1
1872,74,65.57300000000001,4.955,321.288,448.679,79.044,61.596,0
1873,74,71.469,5.634,307.691,2182.295,86.014,67.864,0
1874,74,84.251,8.345,322.985,8781.399,74.33,52.046,0
1875,75,67.17699999999999,6.49,306.993,6898.285,43.234,34.198,0
1876,75,73.356,6.956,307.913,8546.964,43.395,52.862,0
1877,75,70.891,5.772,318.561,5482.774,43.745,51.03,0
1878,75,65.39699999999999,5.813,301.422,3814.821,40.197,49.965,0
1879,75,61.717,4.815,322.347,1270.382,45.643,42.611,0
1880,75,66.70400000000001,5.641,320.285,5707.045,39.223,42.742,0
1881,75,64.951,5.574,329.852,4896.347,41.676,36.661,0
1882,75,63.121,6.715,331.118,4393.744,40.391,71.806,0
1883,75,72.159,6.818,292.487,7825.213,41.248,82.207,1
1884,75,62.008,3.729,311.957,92.284,38.467,90.94,0
1885,75,68.249,5.538,288.138,3860.022,49.159,64.574,0
1886,75,63.78,5.212,324.655,4400.941,44.607,55.529,0
1887,75,69.07900000000001,6.993,322.484,6134.846,40.423,64.675,0
1888,75,60.954,5.418,313.845,1165.635,33.42,52.264,0
1889,75,73.353,6.952,333.044,7803.339,45.832,63.505,0
1890,75,70.786,6.313,359.683,6321.319,40.396,50.425,0
1891,75,69.616,6.733,317.959,5580.637,43.307,48.086,0
1892,75,63.704,5.525,323.056,4105.942,41.572,75.753,0
1893,75,58.204,4.659,323.763,1199.596,52.214,68.916,0
1894,75,71.61,7.051,336.999,7539.602,49.441,58.824,0
1895,75,70.484,6.822,305.891,8285.191,42.952,53.103,0
1896,75,67.292,6.439,336.573,6193.041,35.595,59.204,0
1897,75,63.437,5.068,318.667,2926.097,64.741,64.892,0
1898,75,65.965,5.064,342.402,4871.623,47.371,60.071,0
1899,75,71.744,6.34,312.165,6087.615,38.639,80.199,0
1900,76,85.331,3.868,339.028,6562.925,73.067,46.538,0
1901,76,90.494,4.214,350.877,8081.197,86.345,70.253,0
1902,76,89.737,4.448,314.677,8887.623,83.663,65.837,1
1903,76,73.357,1.428,320.483,183.384,85.512,43.646,0
1904,76,80.311,1.681,323.607,1560.283,79.609,52.792,0
1905,76,84.87,4.256,327.245,6617.712,84.018,50.475,1
1906,76,74.705,2.196,335.676,351.387,86.345,46.251,0
1907,76,84.611,3.436,328.76,6077.972,86.226,67.439,0
1908,76,86.412,2.727,307.841,5656.863,96.803,47.042,0
1909,76,78.623,1.52,325.757,868.783,85.259,52.446,0
1910,76,84.924,3.995,322.408,4602.942,78.398,43.246,0
1911,76,82.473,5.058,338.088,7702.877,75.728,61.902,0
1912,76,91.405,5.185,321.493,7873.555,80.545,85.672,0
1913,76,80.112,2.535,325.821,4839.906,87.475,44.626,0
1914,76,85.46,2.937,316.651,5495.037,87.447,56.087,0
1915,76,74.557,1.497,332.305,1577.767,79.247,66.613,0
1916,76,81.717,2.241,328.2,3826.824,97.182,50.65,0
1917,76,83.377,3.936,294.769,5809.081,78.228,64.446,0
1918,76,83.78,2.871,327.298,4322.846,77.089,66.767,0
1919,76,88.927,4.642,321.482,7638.112,84.011,69.281,0
1920,76,86.087,3.501,351.73,4743.98,83.625,66.942,0
1921,76,80.913,3.865,310.986,3979.557,83.099,68.8,0
1922,76,76.51,3.817,330.178,4743.956,80.943,58.851,0
1923,76,83.472,2.779,314.516,4106.596,78.492,61.627,0
1924,76,81.781,3.066,310.971,5541.795,87.665,74.793,0
1925,77,79.068,2.45,355.753,3748.858,75.998,53.543,0
1926,77,76.654,2.256,303.589,2473.059,97.842,73.578,0
1927,77,84.699,4.672,303.901,7075.651,82.142,74.678,0
1928,77,83.033,4.034,328.662,5907.186,91.475,65.634,0
1929,77,84.016,2.612,314.147,6142.53,99.55,52.005,0
1930,77,81.527,3.807,325.028,3782.603,100.0,47.852,0
1931,77,78.211,3.318,330.063,2953.689,79.217,60.799,0
1932,77,84.739,4.062,330.127,5605.246,78.266,60.371,0
1933,77,84.264,4.093,325.389,7004.52,81.894,81.071,0
1934,77,82.414,4.164,316.386,8927.612,87.292,29.379,0
1935,77,80.322,5.15,323.955,7273.262,81.013,52.297,0
1936,77,76.598,2.009,304.646,1992.063,93.922,47.645,0
1937,77,78.699,2.942,325.945,3124.53,92.571,53.155,0
1938,77,77.839,2.683,307.41,1452.436,92.928,71.072,0
1939,77,86.883,3.835,308.903,6265.863,83.882,51.546,0
1940,77,82.008,3.662,329.939,5681.306,94.261,58.967,1
1941,77,82.286,4.54,311.163,7619.368,97.043,48.576,0
1942,77,79.764,2.725,323.315,3235.111,77.608,46.014,0
1943,77,76.099,3.198,286.941,4483.15,95.835,59.631,0
1944,77,73.218,2.613,307.32,1322.703,94.361,45.78,0
1945,77,86.003,4.15,323.848,7930.119,82.791,64.245,0
1946,77,76.891,2.718,308.601,2958.95,88.724,57.761,0
1947,77,73.085,1.914,304.154,1006.794,90.876,33.799,0
1948,77,78.791,2.952,325.562,2708.113,97.697,30.4,0
1949,77,72.958,2.185,313.026,145.99,89.535,49.139,0
1950,78,96.111,4.359,324.064,5026.438,68.458,49.678,0
1951,78,101.16,4.687,290.504,8301.209,69.676,52.375,0
1952,78,97.378,3.573,312.395,2456.032,89.392,63.215,0
1953,78,94.062,3.943,326.798,3626.001,74.738,65.38,0
1954,78,98.846,4.578,314.035,7005.264,78.146,59.399,0
1955,78,90.562,2.492,331.806,2862.524,65.481,63.956,0
1956,78,88.84,2.19,326.202,411.222,76.901,60.017,0
1957,78,95.024,2.752,324.052,4065.932,69.088,73.482,0
1958,78,85.694,3.166,314.251,1062.639,66.823,56.859,0
1959,78,95.324,2.752,318.572,3142.817,65.961,35.176,0
1960,78,90.352,2.813,318.902,1319.024,68.037,78.889,0
1961,78,95.621,3.245,331.002,3800.404,72.527,69.193,0
1962,78,95.696,3.193,320.838,3605.142,66.932,46.457,0
1963,78,101.178,5.932,303.322,7763.097,73.657,58.515,0
1964,78,99.253,4.225,328.639,5675.08,69.927,59.402,0
1965,78,95.648,4.132,323.54,7133.68,78.646,36.466,0
1966,78,100.315,4.102,320.208,6446.619,76.895,87.998,0
1967,78,92.604,2.562,307.481,1877.752,70.741,63.191,0
1968,78,86.252,1.742,348.314,574.013,68.966,56.674,0
1969,78,98.201,3.522,325.35,5901.75,68.936,34.259,0
1970,78,95.803,4.142,300.971,6191.446,68.417,69.764,0
1971,78,96.511,4.006,311.184,5209.381,64.207,59.751,0
1972,78,102.317,4.483,307.322,7870.546,69.873,40.055,0
1973,78,91.805,2.286,340.292,227.202,66.078,48.935,0
1974,78,100.706,5.753,315.374,7807.869,77.785,54.038,1
1975,79,103.221,5.046,314.411,7902.256,88.852,41.939,1
1976,79,105.261,4.552,320.507,7899.185,88.193,66.556,0
1977,79,102.673,3.507,316.007,5178.471,85.018,81.281,0
1978,79,96.862,4.073,337.436,3102.338,79.379,63.408,0
1979,79,99.493,3.937,319.461,5568.105,74.177,41.364,1
1980,79,98.996,3.438,328.53,4421.913,85.852,74.82,0
1981,79,90.667,1.56,308.574,825.7,86.646,56.812,0
1982,79,95.362,2.404,317.548,2815.98,84.503,74.665,0
1983,79,97.044,3.354,302.597,3988.764,78.506,60.457,0
1984,79,96.781,3.99,325.199,6333.949,88.784,59.074,1
1985,79,107.025,4.458,299.001,8022.672,86.981,68.32,0
1986,79,95.467,2.702,316.043,3024.003,88.588,36.099,0
1987,79,103.108,2.623,288.762,4995.471,85.154,60.372,0
1988,79,101.332,4.607,321.828,8041.124,86.428,59.387,0
1989,79,88.593,1.022,312.335,166.832,83.261,64.697,0
1990,79,91.808,2.047,304.9,1128.535,86.001,46.02,0
1991,79,103.968,4.128,325.001,6168.572,75.94,56.769,0
1992,79,97.641,3.435,322.465,5432.439,86.326,56.081,0
1993,79,88.551,2.691,338.721,109.577,86.545,42.132,0
1994,79,104.105,4.134,344.841,6947.115,80.392,55.699,0
1995,79,94.86,3.449,328.647,5493.389,78.722,72.07,0
1996,79,104.741,4.434,303.973,8001.925,86.282,37.687,1
1997,79,102.677,4.369,310.328,7193.833,86.142,50.706,0
1998,79,105.508,3.869,305.956,6585.352,75.569,68.279,1
1999,79,105.374,4.596,331.647,8103.746,79.408,64.003,0
2000,80,77.982,3.679,322.763,4673.793,88.655,44.933,0
2001,80,77.818,3.27,333.181,5155.142,100.0,54.219,0
2002,80,83.71,4.474,297.116,7756.287,93.761,58.347,0
2003,80,77.364,1.582,322.663,1469.996,92.64,69.031,0
2004,80,81.521,3.237,309.928,3365.107,88.603,60.415,0
2005,80,83.463,4.991,315.701,6731.747,98.427,51.845,0
2006,80,74.311,3.255,313.262,2842.857,100.0,46.513,0
2007,80,82.523,5.449,311.504,8459.078,83.711,58.26,0
2008,80,73.68,1.695,324.048,894.802,88.764,43.936,0
2009,80,73.834,3.188,329.653,1101.047,83.436,49.487,0
2010,80,88.9,4.91,290.725,8819.206,100.0,50.033,0
2011,80,70.399,1.993,318.19,182.14,83.952,70.046,0
2012,80,73.074,2.554,350.529,569.816,97.808,68.402,0
2013,80,75.74,2.704,314.322,2634.924,92.812,58.836,0
2014,80,79.604,3.693,311.412,3331.997,92.114,63.363,0
2015,80,72.843,2.28,305.527,495.305,97.927,73.959,0
2016,80,77.111,2.847,298.245,2200.339,100.0,47.708,0
2017,80,83.674,4.472,315.44,6577.079,96.825,56.354,0
2018,80,79.791,4.03,314.446,4459.792,88.943,60.551,0
2019,80,72.893,2.886,333.582,1365.534,98.033,62.056,0
2020,80,76.553,3.13,344.223,2028.581,86.844,40.497,0
2021,80,80.621,4.837,345.85,5400.153,100.0,59.647,0
2022,80,75.36,2.723,326.57,1105.214,94.68,60.518,0
2023,80,76.573,1.216,308.772,753.606,82.847,74.268,0
2024,80,81.327,5.289,309.684,6035.314,95.714,43.49,0
2025,81,81.175,3.474,317.585,5709.148,27.684,61.257,0
2026,81,72.748,2.366,307.919,932.8,25.476,64.79,0
2027,81,82.348,4.467,323.638,8531.527,27.186,48.992,0
2028,81,83.851,4.637,284.89,8047.693,32.857,45.954,0
2029,81,73.53,2.832,328.117,3194.751,26.659,68.799,0
2030,81,74.736,0.832,293.08,36.923,37.773,42.107,0
2031,81,71.376,2.047,302.407,202.693,42.184,50.034,0
2032,81,74.235,2.694,314.18,2449.685,29.884,53.546,0
2033,81,86.216,5.267,331.164,8129.064,24.843,50.608,0
2034,81,76.605,2.136,323.419,3376.107,31.794,66.509,0
2035,81,72.473,2.581,331.366,1065.845,25.351,62.065,0
2036,81,77.739,1.912,305.025,2060.877,26.141,67.534,0
2037,81,78.476,4.182,305.974,5226.248,41.701,76.458,0
2038,81,76.705,3.314,335.194,3630.56,30.918,63.821,0
2039,81,70.844,1.933,305.077,338.336,36.807,34.404,0
2040,81,79.699,3.786,317.782,5897.02,30.065,68.363,0
2041,81,73.469,2.517,313.887,2688.305,35.664,46.447,0
2042,81,83.51,4.068,331.768,7542.501,32.751,67.215,0
2043,81,81.047,4.006,323.4,5924.387,34.544,66.174,0
2044,81,84.597,3.83,324.477,6148.536,30.087,70.685,0
2045,81,78.709,3.732,332.318,6699.879,32.729,54.55,0
2046,81,72.594,3.02,311.006,3863.776,36.786,48.422,0
2047,81,73.79,2.169,336.348,691.714,48.118,61.951,0
2048,81,77.802,2.9,343.77,2860.144,39.733,69.244,0
2049,81,68.822,1.673,333.67,83.996,42.038,50.995,0
2050,82,77.818,4.353,337.716,5815.812,46.451,71.227,0
2051,82,63.219,1.769,324.531,365.221,53.329,53.344,0
2052,82,79.769,5.346,329.522,8815.573,43.447,63.623,0
2053,82,74.03,4.572,323.733,6910.024,49.118,34.674,0
2054,82,65.89,3.815,327.994,1728.195,51.358,65.843,0
2055,82,78.544,4.464,326.798,3769.046,31.83,55.714,0
2056,82,65.806,2.974,310.306,155.531,42.154,48.694,0
2057,82,77.511,5.283,337.018,6903.635,49.435,52.686,1
2058,82,68.577,2.753,307.265,518.119,47.543,47.996,0
2059,82,77.632,4.574,327.139,7868.052,50.78,49.104,0
2060,82,73.756,3.98,324.914,6198.947,44.854,57.278,0
2061,82,73.442,4.523,329.173,4129.71,46.688,62.022,0
2062,82,80.396,5.19,306.749,7710.483,33.709,64.958,0
2063,82,75.715,3.685,296.634,5487.724,37.159,53.755,0
2064,82,69.89099999999999,2.557,290.642,695.266,52.098,48.693,0
2065,82,73.517,4.829,305.02,5490.453,38.09,49.323,0
2066,82,68.58500000000001,3.154,321.651,1157.535,51.088,56.96,0
2067,82,82.984,6.064,345.499,7841.674,34.755,47.079,0
2068,82,76.553,4.855,309.926,6460.264,44.286,81.619,0
2069,82,74.26,3.903,328.892,2957.959,48.159,52.397,0
2070,82,75.625,5.104,323.595,6415.645,53.838,44.084,0
2071,82,82.868,4.415,347.946,7892.654,42.353,39.91,0
2072,82,78.824,3.712,305.248,5976.817,37.498,63.708,0
2073,82,78.658,5.23,322.182,8317.163,48.388,39.156,0
2074,82,81.909,5.48,329.933,8311.488,49.597,65.15,0
2075,83,85.967,4.003,309.403,1347.557,41.406,57.625,0
2076,83,86.542,4.765,308.7,2507.834,46.206,39.59,0
2077,83,95.589,6.951,319.102,8601.537,51.942,69.317,0
2078,83,82.945,3.82,331.589,323.543,40.125,57.727,0
2079,83,90.734,4.326,305.546,1832.404,40.631,34.45,0
2080,83,85.655,4.054,309.299,2194.943,46.374,31.932,1
2081,83,92.635,5.163,297.697,7046.6,52.548,67.499,1
2082,83,87.839,4.651,322.236,4454.035,58.103,61.304,0
2083,83,85.857,3.765,324.918,2200.329,53.619,65.537,0
2084,83,90.164,4.637,323.555,3007.452,38.036,47.987,0
2085,83,82.358,3.407,321.673,552.969,39.265,63.259,0
2086,83,91.477,4.695,308.373,2749.086,43.758,71.176,0
2087,83,94.458,6.346,299.055,8770.317,43.785,72.223,0
2088,83,94.683,6.638,329.043,8151.797,42.278,65.555,0
2089,83,86.064,4.225,316.213,654.82,47.151,76.232,0
2090,83,93.583,7.324,321.74,8988.239,38.869,59.283,1
2091,83,89.55,5.703,316.295,4484.312,50.032,52.287,0
2092,83,82.38,4.184,323.682,1721.032,47.0,22.512,0
2093,83,82.215,3.955,328.781,1370.868,48.858,57.616,0
2094,83,94.11,6.93,327.762,7459.257,42.946,57.342,0
2095,83,85.728,4.188,329.496,2251.393,40.355,51.432,0
2096,83,89.443,5.599,319.725,3554.118,43.432,60.862,0
2097,83,90.265,4.714,348.417,5327.652,44.245,70.744,0
2098,83,96.315,6.594,329.928,7883.67,45.034,53.664,0
2099,83,96.855,6.946,321.477,8983.138,46.976,83.04,1
2100,84,105.38,6.795,310.615,8192.879,38.165,72.461,1
2101,84,100.328,5.123,327.723,6204.397,58.477,47.902,0
2102,84,102.834,5.642,310.869,6816.248,30.9,69.15,1
2103,84,96.828,3.36,299.004,937.177,36.194,74.631,0
2104,84,99.89,5.491,320.962,5263.321,33.709,52.006,0
2105,84,101.597,5.265,324.18,4940.485,22.521,68.049,0
2106,84,100.376,5.031,323.41,5323.224,36.994,41.796,0
2107,84,107.573,6.885,294.814,8828.918,52.204,54.678,1
2108,84,102.784,5.321,325.343,6674.943,38.313,46.141,1
2109,84,100.777,5.02,302.844,6077.124,25.639,41.406,0
2110,84,103.961,6.053,322.026,7853.416,37.014,63.077,1
2111,84,101.479,5.437,304.465,5665.159,32.392,55.609,0
2112,84,107.799,6.482,326.719,8696.26,45.615,45.759,0
2113,84,104.628,5.282,312.835,7882.351,31.94,56.944,0
2114,84,105.059,6.309,311.107,8892.572,41.91,49.592,0
2115,84,94.499,4.054,340.721,2365.088,38.993,61.665,0
2116,84,104.36,6.549,319.173,6799.858,46.589,65.543,0
2117,84,97.016,3.486,311.95,2608.222,37.93,81.681,0
2118,84,91.22,4.482,325.256,295.439,43.23,60.4,0
2119,84,90.625,4.5,286.214,1854.948,44.656,39.715,0
2120,84,99.102,5.964,322.995,5972.213,32.551,70.855,0
2121,84,104.888,5.955,316.466,7925.592,30.143,57.585,1
2122,84,92.033,5.224,318.935,4771.117,37.606,58.855,0
2123,84,99.776,4.978,314.229,4426.86,43.811,70.786,0
2124,84,90.206,4.263,317.703,212.993,45.938,66.499,0
2125,85,84.308,2.627,290.218,5094.06,83.895,64.934,0
2126,85,87.665,3.466,319.625,5940.587,83.016,65.482,1
2127,85,89.8,4.035,323.621,7165.365,71.051,64.231,0
2128,85,88.462,4.536,343.376,5405.327,87.935,44.083,0
2129,85,82.992,1.578,328.316,28.013,86.048,65.7,0
2130,85,92.575,5.324,331.657,8342.022,72.237,45.091,0
2131,85,82.244,2.137,342.125,1167.576,91.438,52.788,0
2132,85,89.337,3.722,296.475,5785.378,85.421,53.388,0
2133,85,87.295,3.371,350.646,3793.019,73.832,59.166,0
2134,85,91.262,4.851,313.903,6450.691,81.569,83.453,0
2135,85,95.153,5.008,341.274,8974.259,84.516,48.406,1
2136,85,93.796,4.442,320.84,6807.552,79.667,60.776,0
2137,85,85.884,3.963,321.532,5521.381,82.086,69.168,0
2138,85,91.099,4.573,321.949,8171.378,84.149,38.041,0
2139,85,86.485,3.559,333.061,4543.718,85.687,52.347,0
2140,85,91.851,4.155,300.342,5448.565,79.512,54.052,0
2141,85,86.53,2.401,310.54,2487.498,74.999,33.871,0
2142,85,96.215,5.251,331.606,7894.264,89.003,52.825,0
2143,85,87.702,4.241,304.461,6528.655,78.207,46.034,0
2144,85,93.007,4.596,271.632,6211.063,87.146,47.501,0
2145,85,85.86,2.819,303.005,2517.407,75.494,41.237,0
2146,85,88.451,3.213,316.55,3717.109,78.675,67.226,0
2147,85,90.746,3.185,335.254,4687.414,82.19,73.355,0
2148,85,86.38,3.48,341.398,3180.109,75.53,63.144,0
2149,85,85.676,3.911,308.555,3894.373,87.114,39.036,0
2150,86,96.969,3.467,319.363,5115.133,84.126,56.794,0
2151,86,90.534,2.708,307.186,1258.005,75.552,58.856,0
2152,86,94.44,2.543,339.148,1366.136,77.15,46.098,0
2153,86,90.027,2.855,299.875,765.525,83.587,47.487,0
2154,86,95.666,4.611,335.274,5048.955,86.412,38.085,0
2155,86,95.504,2.465,332.314,762.27,85.686,51.461,0
2156,86,101.87,4.437,323.936,6565.704,73.496,54.262,0
2157,86,96.381,4.729,334.277,7673.561,91.074,44.914,0
2158,86,103.024,4.268,306.288,7837.448,94.838,46.197,0
2159,86,90.962,3.824,322.045,1578.882,86.961,89.146,0
2160,86,98.316,5.449,328.345,6174.4,84.988,75.442,0
2161,86,103.182,4.964,310.596,7999.964,88.902,56.797,0
2162,86,89.369,3.924,320.486,2857.41,84.772,61.562,0
2163,86,90.862,2.986,317.747,1370.348,87.96,41.713,0
2164,86,94.308,3.127,340.718,2826.416,78.376,54.294,0
2165,86,95.805,4.083,330.098,4716.33,77.717,61.154,0
2166,86,103.27,4.672,307.126,7978.77,70.053,64.745,1
2167,86,102.585,4.294,304.877,7819.536,90.549,80.931,1
2168,86,95.317,2.122,345.877,2106.041,85.598,68.567,0
2169,86,96.453,3.628,297.284,5107.753,85.746,51.914,0
2170,86,90.589,2.802,323.016,2512.66,87.376,53.117,0
2171,86,102.46,5.335,313.587,8600.431,91.585,71.37,0
2172,86,98.946,5.664,309.522,8907.641,86.251,54.752,1
2173,86,99.099,4.355,308.737,7139.237,90.888,41.277,0
2174,86,96.507,4.266,330.231,5250.084,82.091,53.765,0
2175,87,92.474,5.832,324.948,8224.757,63.601,75.85,0
2176,87,92.014,5.52,307.168,8672.4,72.288,43.32,0
2177,87,88.458,3.78,307.74,3243.521,66.822,37.905,0
2178,87,81.863,3.266,320.455,1765.495,63.983,71.125,0
2179,87,87.575,4.879,320.965,5701.843,77.635,68.944,1
2180,87,78.508,3.073,304.62,326.946,65.362,48.328,0
2181,87,89.775,5.273,307.109,8175.024,72.877,53.615,0
2182,87,85.835,3.971,326.473,3727.309,79.085,66.526,0
2183,87,82.392,2.934,342.62,976.277,65.16,63.016,0
2184,87,83.937,3.822,319.231,1959.481,74.6,46.32,0
2185,87,82.332,2.894,324.535,274.651,65.145,58.95,0
2186,87,81.775,2.843,349.914,1256.625,76.137,30.482,0
2187,87,77.694,3.642,352.612,2573.586,76.474,62.139,0
2188,87,86.646,4.095,335.846,3630.305,70.648,60.934,0
2189,87,89.062,5.095,323.799,5660.705,77.571,43.683,0
2190,87,90.061,4.823,315.561,5604.24,73.105,55.267,0
2191,87,84.895,3.586,353.661,1885.567,70.902,69.076,0
2192,87,84.531,2.48,307.152,1756.754,71.086,47.822,0
2193,87,86.684,4.023,303.726,1468.041,72.078,40.95,0
2194,87,94.1,5.429,311.169,7957.873,72.526,80.793,0
2195,87,82.997,4.166,327.544,3205.582,69.984,80.412,0
2196,87,81.77,3.463,326.805,2887.733,74.315,79.556,0
2197,87,89.522,4.972,325.046,6882.844,64.022,64.685,0
2198,87,83.492,3.772,304.131,3097.092,59.09,50.585,0
2199,87,90.772,5.454,328.794,6626.852,68.445,49.748,0
2200,88,61.529,2.194,289.763,775.688,66.19,68.195,0
2201,88,64.319,3.825,321.288,4085.865,68.366,62.028,0
2202,88,64.866,1.997,327.744,453.294,79.974,52.928,0
2203,88,58.08,2.196,294.257,200.867,77.272,54.547,0
2204,88,71.766,3.788,315.703,8979.857,65.257,57.801,0
2205,88,75.974,4.495,326.758,8852.816,80.161,60.476,0
2206,88,70.442,3.369,309.766,4534.163,81.786,77.263,0
2207,88,67.363,3.342,325.576,4858.724,78.109,67.027,0
2208,88,64.152,2.891,295.065,2483.107,69.708,31.207,0
2209,88,72.219,4.138,339.401,7549.915,62.125,56.4,0
2210,88,67.63300000000001,2.837,331.258,3923.94,61.319,58.592,0
2211,88,62.359,1.969,314.31,519.595,73.575,70.404,0
2212,88,70.587,3.828,324.854,6814.553,76.163,67.831,0
2213,88,67.098,3.363,310.34,5935.036,81.723,54.452,0
2214,88,71.649,3.838,310.507,5839.482,77.297,56.319,0
2215,88,58.665,2.07,313.854,814.351,78.379,58.729,0
2216,88,63.041,1.569,314.827,1678.433,64.31,37.069,0
2217,88,59.745,1.977,337.862,80.634,76.876,73.423,0
2218,88,73.788,3.914,297.925,6494.643,74.669,41.477,0
2219,88,73.222,4.844,319.63,8919.65,76.612,55.383,0
2220,88,72.762,5.112,311.624,6906.27,80.033,45.309,0
2221,88,69.44200000000001,3.128,321.893,4675.658,82.673,51.276,0
2222,88,72.843,3.7,289.916,5966.509,57.067,59.239,0
2223,88,59.724,1.775,324.841,1662.968,75.971,40.24,0
2224,88,66.515,3.041,295.405,4061.779,78.798,46.524,0
2225,89,90.189,6.488,279.882,8004.883,55.098,46.937,0
2226,89,88.487,6.091,344.382,8174.213,37.838,55.271,0
2227,89,84.045,3.54,318.782,1982.217,49.098,50.098,0
2228,89,82.642,4.803,319.532,2724.717,47.245,66.145,0
2229,89,76.084,3.521,313.256,481.557,51.637,57.853,0
2230,89,81.436,5.376,310.494,5254.447,52.202,76.27,0
2231,89,85.526,5.966,296.74,6467.719,46.502,37.55,0
2232,89,77.29,3.304,327.77,1328.772,60.381,57.927,0
2233,89,88.429,5.712,298.238,7856.669,57.551,66.43,1
2234,89,89.357,6.47,341.513,8407.818,58.355,53.74,0
2235,89,78.102,4.89,330.866,3619.807,39.793,63.386,0
2236,89,91.424,6.362,312.764,8493.424,50.666,40.322,0
2237,89,84.067,4.178,290.773,2941.406,61.224,44.51,0
2238,89,83.527,3.738,309.418,3877.357,52.754,83.525,0
2239,89,89.716,6.113,312.738,7215.805,67.23,70.191,0
2240,89,83.88,5.511,318.929,4512.492,45.127,68.121,0
2241,89,86.871,5.441,332.408,6173.067,54.62,44.486,0
2242,89,82.508,5.675,322.06,5403.024,56.181,66.174,0
2243,89,82.77,4.112,310.795,4446.835,37.749,60.825,0
2244,89,87.691,6.174,313.313,6314.694,52.051,66.638,0
2245,89,92.091,6.485,314.858,8507.825,53.297,38.729,1
2246,89,84.395,5.386,314.008,6077.166,48.503,59.814,0
2247,89,84.074,5.047,346.891,4838.241,44.896,58.647,0
2248,89,81.892,4.854,301.748,3288.377,55.523,60.146,0
2249,89,80.046,4.486,333.122,5311.738,55.739,59.615,0
2250,90,100.895,6.266,314.189,8524.496,79.289,63.696,0
2251,90,86.584,4.193,342.969,2724.668,68.969,62.176,0
2252,90,91.711,4.292,322.878,3985.736,70.532,58.085,0
2253,90,89.192,3.433,325.827,4605.312,79.725,87.358,0
2254,90,89.232,4.45,302.869,4105.213,87.652,50.069,0
2255,90,84.814,2.53,305.029,405.585,81.877,51.41,0
2256,90,90.458,4.103,282.421,4827.693,79.395,62.1,0
2257,90,93.133,4.022,319.273,3274.4,88.455,40.221,0
2258,90,89.031,4.318,312.722,4560.603,77.184,63.674,0
2259,90,92.771,4.372,323.952,4762.925,68.459,66.661,0
2260,90,93.07,3.116,339.602,3236.287,81.231,66.331,0
2261,90,87.807,4.404,306.984,2601.478,85.781,40.753,0
2262,90,94.046,3.457,315.657,3276.107,72.894,43.956,0
2263,90,89.163,3.385,274.913,2312.902,74.781,70.331,0
2264,90,86.133,3.291,319.592,2119.054,84.897,58.405,0
2265,90,88.588,2.931,323.706,1557.659,78.487,64.637,0
2266,90,94.018,4.997,312.725,4809.985,82.72,52.614,0
2267,90,98.412,4.791,324.39,5981.012,73.157,54.807,0
2268,90,88.672,3.904,320.81,4163.003,85.46,38.991,0
2269,90,92.455,4.33,324.384,2455.979,83.532,50.155,0
2270,90,88.288,2.322,320.769,651.733,61.223,57.101,0
2271,90,91.334,4.087,318.286,4495.71,74.516,58.067,0
2272,90,98.936,5.871,310.231,8310.612,71.46,55.318,1
2273,90,94.2,4.681,282.996,5038.576,75.82,52.929,0
2274,90,94.263,5.27,317.446,6816.255,72.685,49.782,0
2275,91,85.715,5.369,314.442,794.92,35.304,37.119,0
2276,91,91.389,5.237,300.157,337.24,32.513,59.704,0
2277,91,90.621,4.824,305.943,485.457,46.465,37.345,0
2278,91,100.197,6.709,313.137,7368.608,39.193,57.877,0
2279,91,94.81,5.701,299.532,4582.343,34.815,65.371,0
2280,91,93.466,5.883,330.671,4510.685,34.521,49.816,0
2281,91,91.872,6.434,318.099,4361.414,41.941,65.758,0
2282,91,88.056,5.661,301.058,2152.308,32.855,64.752,0
2283,91,94.798,6.462,303.105,5208.394,35.542,50.291,0
2284,91,98.078,6.422,319.665,5510.768,31.276,56.465,0
2285,91,98.135,8.093,330.151,8117.67,32.842,62.105,0
2286,91,93.981,5.926,344.159,6109.126,35.761,81.362,0
2287,91,87.256,5.155,328.827,151.829,42.022,46.715,0
2288,91,100.47,6.132,322.414,7557.092,37.341,57.34,0
2289,91,87.108,5.467,308.515,2134.655,38.806,74.135,0
2290,91,92.677,6.044,313.927,3582.642,54.289,37.061,0
2291,91,90.396,5.727,309.977,2774.984,29.351,72.302,0
2292,91,96.095,6.737,328.494,3667.611,39.746,61.595,0
2293,91,98.58,7.07,289.845,6922.795,31.87,50.181,0
2294,91,93.817,5.854,312.324,3561.65,27.993,75.779,1
2295,91,91.999,6.432,316.94,5368.164,34.129,52.905,0
2296,91,96.08,6.65,324.88,6315.052,40.782,47.242,0
2297,91,89.918,4.748,311.94,1878.981,50.97,56.669,0
2298,91,97.264,5.686,311.925,5634.082,35.701,58.368,0
2299,91,92.703,6.485,323.419,5754.704,33.871,49.771,0
2300,92,68.75399999999999,1.628,324.061,320.825,74.712,67.498,0
2301,92,68.944,1.334,345.893,389.495,72.245,75.938,0
2302,92,79.416,2.915,304.393,5325.339,84.068,57.74,0
2303,92,83.008,4.563,311.013,8360.84,74.177,62.968,0
2304,92,81.12,4.365,320.531,7945.251,88.759,78.006,0
2305,92,78.845,4.274,318.428,5827.05,79.255,63.032,0
2306,92,71.407,2.537,325.678,1138.328,91.887,80.673,0
2307,92,74.465,3.303,326.326,2048.851,79.698,70.378,0
2308,92,70.917,1.064,317.079,44.166,83.515,59.787,0
2309,92,77.425,4.284,304.145,6848.172,84.668,58.701,0
2310,92,78.476,3.821,318.581,6107.462,84.303,66.088,0
2311,92,72.754,2.751,321.22,1937.261,73.538,71.186,0
2312,92,73.274,3.688,322.755,5358.297,82.015,82.677,0
2313,92,70.674,1.885,307.795,1331.592,79.543,48.6,0
2314,92,75.524,4.027,314.085,4106.729,88.081,49.662,0
2315,92,71.076,1.846,304.806,1023.165,85.473,53.752,0
2316,92,79.485,5.24,315.761,8179.686,69.53,56.258,0
2317,92,78.894,3.755,308.399,4135.909,83.782,57.15,0
2318,92,72.036,1.506,329.357,1807.04,93.406,59.438,0
2319,92,79.665,3.815,314.962,5338.445,81.457,56.308,0
2320,92,73.352,2.994,343.755,1817.673,78.252,46.666,0
2321,92,80.443,4.293,297.9,5836.066,67.496,65.074,0
2322,92,77.415,2.558,304.262,4939.132,77.432,52.543,0
2323,92,79.834,3.819,306.941,5352.206,69.015,37.356,0
2324,92,82.371,4.016,322.454,7088.601,80.634,47.253,0
2325,93,99.787,5.384,310.845,5865.203,37.866,57.562,0
2326,93,90.012,5.235,333.589,3046.424,42.544,70.81,0
2327,93,104.386,6.872,297.864,8953.647,36.176,59.097,1
2328,93,97.364,6.689,313.45,6258.387,27.729,70.693,0
2329,93,100.464,6.415,314.489,7240.798,41.139,63.324,0
2330,93,93.216,4.746,320.153,2870.476,55.049,62.994,0
2331,93,105.917,7.274,326.503,8178.245,48.414,53.694,1
2332,93,92.478,4.081,308.694,1708.337,40.209,47.815,0
2333,93,101.665,7.056,346.959,7530.11,39.07,56.353,1
2334,93,95.872,5.142,334.422,3877.368,34.453,65.27,0
2335,93,96.084,5.168,318.261,3073.224,43.658,68.835,0
2336,93,97.946,5.675,285.774,4319.271,44.983,52.708,0
2337,93,96.725,6.404,349.305,7285.062,37.273,63.962,1
2338,93,100.126,7.467,287.973,8949.971,38.635,66.083,0
2339,93,97.234,5.363,306.998,6218.724,36.587,79.758,0
2340,93,95.522,5.658,318.598,4306.344,43.558,59.046,1
2341,93,92.868,5.973,331.759,4786.457,45.841,47.643,0
2342,93,91.777,6.085,299.465,4625.231,41.022,52.728,0
2343,93,97.168,5.498,305.804,6744.438,31.401,47.636,0
2344,93,98.52,5.422,291.666,5449.994,44.838,51.926,0
2345,93,103.425,6.565,323.75,7664.549,51.295,65.228,0
2346,93,96.758,5.637,321.169,6280.396,49.285,60.566,1
2347,93,92.22,4.9,308.099,1698.712,34.291,81.787,0
2348,93,90.52,4.08,319.817,1078.632,35.579,59.19,0
2349,93,100.426,6.59,321.895,7846.443,50.191,44.407,1
2350,94,77.013,2.973,308.537,3567.482,87.9,49.553,0
2351,94,69.268,3.038,344.385,69.82,98.411,68.205,0
2352,94,70.837,2.682,311.869,745.223,100.0,47.224,0
2353,94,86.683,3.669,322.674,7516.246,90.888,47.983,0
2354,94,79.471,4.364,350.955,7973.61,88.735,56.816,0
2355,94,76.088,3.087,294.836,3824.961,100.0,61.169,0
2356,94,74.59,2.953,324.459,2057.316,95.766,69.103,0
2357,94,72.547,2.492,309.685,336.5,96.44,44.51,0
2358,94,76.32,3.337,326.588,2618.029,89.82,45.47,0
2359,94,75.496,2.4,318.054,2715.262,94.667,86.355,0
2360,94,73.522,2.659,320.683,1666.51,93.929,56.604,0
2361,94,79.673,4.786,331.504,6836.213,96.766,43.359,0
2362,94,76.018,3.962,311.659,1642.603,93.216,56.576,0
2363,94,82.996,5.017,326.283,7992.936,100.0,72.8,0
2364,94,76.087,2.774,320.935,2293.607,87.645,52.016,0
2365,94,80.453,2.957,321.875,3608.695,97.917,53.535,0
2366,94,71.121,3.23,312.545,2345.445,100.0,43.532,0
2367,94,78.135,3.936,327.755,4932.257,92.549,36.582,1
2368,94,84.23,4.941,324.025,6185.458,93.871,74.929,0
2369,94,79.5,4.771,301.614,4900.716,99.561,49.622,0
2370,94,70.998,2.006,313.354,409.601,96.844,57.772,0
2371,94,84.201,4.699,308.247,8047.132,90.23,51.149,0
2372,94,80.27,4.205,317.487,6176.837,85.795,42.403,0
2373,94,74.723,4.189,331.918,3356.718,94.114,51.784,0
2374,94,83.828,4.612,317.646,7043.173,89.478,75.393,0
2375,95,116.375,5.218,306.501,5514.74,79.947,45.229,1
2376,95,115.989,4.459,327.387,7176.586,82.45,58.297,1
2377,95,116.051,5.074,307.909,5904.797,85.741,64.819,0
2378,95,105.172,3.268,337.699,952.444,84.677,46.215,0
2379,95,111.259,2.563,307.817,1036.777,77.132,62.558,0
2380,95,118.384,5.851,327.851,8004.316,86.553,57.911,1
2381,95,114.968,4.322,317.565,5498.596,97.472,72.467,0
2382,95,113.651,4.011,314.412,4339.539,72.444,54.771,0
2383,95,121.115,5.599,318.479,7750.546,100.0,60.96,1
2384,95,117.272,5.196,341.737,8312.838,90.201,27.414,1
2385,95,121.675,4.858,302.539,6762.544,83.262,51.954,0
2386,95,110.154,2.812,324.858,674.401,78.271,66.003,0
2387,95,109.378,2.809,321.24,965.5,82.767,51.294,0
2388,95,108.026,2.406,304.691,2011.367,78.119,21.178,0
2389,95,109.49,3.023,318.043,1680.614,85.118,40.646,0
2390,95,110.836,3.089,328.117,1748.742,81.794,62.834,0
2391,95,108.744,3.437,339.299,3323.804,77.19,39.17,0
2392,95,118.736,4.45,341.567,6305.216,92.601,63.02,1
2393,95,111.288,3.21,324.804,1775.693,85.112,57.117,0
2394,95,108.463,2.509,321.416,2114.449,93.992,57.42,0
2395,95,113.98,3.883,324.558,3569.812,83.379,60.928,0
2396,95,107.766,2.528,314.1,235.043,88.777,59.528,0
2397,95,115.836,2.924,323.123,3442.625,77.406,72.15,0
2398,95,114.738,3.384,329.874,4906.818,88.016,43.396,0
2399,95,117.512,4.639,314.133,6708.266,82.07,61.585,1
2400,96,84.444,4.566,321.028,1749.603,42.933,68.359,0
2401,96,98.25,6.324,327.656,7282.642,50.099,64.293,0
2402,96,93.361,6.979,312.244,4526.638,54.277,60.458,0
2403,96,92.695,4.778,319.03,395.775,53.732,74.29,0
2404,96,100.127,7.49,306.55,8531.079,56.961,70.397,0
2405,96,95.809,5.677,307.01,2366.614,44.538,55.193,0
2406,96,95.771,6.48,321.313,5808.751,57.518,45.097,0
2407,96,94.39,6.353,317.843,5250.598,42.003,47.684,0
2408,96,99.842,6.615,314.584,7185.001,44.126,55.722,0
2409,96,102.659,6.367,276.586,6499.366,58.281,66.801,1
2410,96,91.282,5.047,332.797,1761.827,46.684,75.36,0
2411,96,90.963,5.534,311.542,696.287,44.748,67.581,0
2412,96,93.751,7.439,317.026,6710.194,53.405,55.847,1
2413,96,91.468,5.528,312.631,2376.168,47.562,54.285,1
2414,96,94.093,5.124,319.104,2552.07,43.722,48.941,0
2415,96,92.519,5.228,326.095,2920.935,57.999,52.209,0
2416,96,93.658,6.111,328.954,3613.798,53.964,34.471,0
2417,96,93.227,4.486,299.781,389.011,47.954,41.761,0
2418,96,93.501,5.73,321.138,3891.825,45.694,52.157,0
2419,96,94.066,4.049,313.716,1566.568,40.564,70.414,0
2420,96,91.867,5.594,330.778,5132.776,49.58,48.741,0
2421,96,97.214,6.68,314.229,6223.724,41.387,25.277,0
2422,96,101.816,7.77,319.637,7735.529,58.541,43.313,1
2423,96,101.912,6.87,310.722,7830.572,50.812,74.759,1
2424,96,94.215,6.15,328.16,5138.697,56.567,64.326,0
2425,97,84.736,6.638,294.69,6330.425,48.304,60.429,0
2426,97,78.944,5.18,308.042,3101.356,51.446,69.693,0
2427,97,80.585,5.813,323.864,3329.703,64.591,60.468,0
2428,97,78.841,4.654,316.776,74.833,70.711,60.66,0
2429,97,76.654,5.464,320.966,2283.55,71.002,51.694,0
2430,97,86.088,6.819,308.986,6186.716,53.27,78.777,1
2431,97,79.59,4.947,313.765,2265.603,71.271,58.09,1
2432,97,80.381,5.003,307.408,1063.832,59.483,58.77,0
2433,97,79.501,5.007,323.39,1407.769,55.613,76.732,0
2434,97,72.435,4.052,330.589,552.072,57.893,47.308,0
2435,97,86.678,6.476,322.346,6306.154,71.368,64.753,1
2436,97,85.871,7.821,326.528,7104.941,59.126,71.065,1
2437,97,90.195,7.483,326.533,7740.818,57.733,63.993,1
2438,97,76.272,3.799,330.918,141.579,47.434,50.407,0
2439,97,79.68,5.256,325.296,2547.154,62.391,37.516,0
2440,97,80.375,6.087,308.409,4793.861,60.05,50.637,0
2441,97,85.905,6.452,305.446,6735.195,54.329,59.32,0
2442,97,84.579,6.478,323.798,5122.498,62.376,52.205,0
2443,97,82.342,7.076,318.348,5768.903,66.935,68.231,0
2444,97,83.345,7.125,344.112,5451.925,55.049,55.31,0
2445,97,79.705,6.154,295.49,3352.511,56.391,66.825,0
2446,97,79.697,4.635,337.27,229.936,47.543,53.068,0
2447,97,86.814,6.622,331.885,8173.703,54.164,62.022,0
2448,97,85.602,6.573,288.913,6097.581,65.722,87.737,0
2449,97,75.141,5.476,314.316,1590.587,58.293,63.266,0
2450,98,79.529,3.451,289.712,3079.216,44.264,60.724,0
2451,98,85.137,4.855,307.45,5916.238,46.727,35.554,0
2452,98,82.899,4.677,333.363,3339.191,34.182,36.374,0
2453,98,86.168,5.329,329.261,7183.418,38.361,34.385,0
2454,98,79.87,4.074,318.757,4485.666,43.526,61.932,0
2455,98,84.249,4.402,320.447,6048.849,57.763,54.084,0
2456,98,86.044,6.101,292.284,8829.151,46.855,54.141,0
2457,98,84.448,5.424,324.687,6891.255,55.625,44.359,0
2458,98,83.822,3.597,340.04,4855.173,43.106,74.78,1
2459,98,87.164,4.862,295.765,8045.847,35.682,32.375,0
2460,98,83.268,5.049,306.161,7564.079,46.326,58.823,0
2461,98,86.145,4.46,328.806,6653.8,47.194,60.018,0
2462,98,84.844,4.994,321.189,5578.649,53.761,53.902,0
2463,98,89.151,5.751,305.799,8449.968,50.284,49.005,0
2464,98,78.648,3.103,334.015,3876.18,37.717,55.99,0
2465,98,85.009,4.187,313.307,6049.017,43.164,36.691,0
2466,98,75.273,3.381,294.236,819.319,44.44,54.042,0
2467,98,77.749,3.397,319.985,2200.244,47.981,46.236,0
2468,98,85.658,5.636,304.059,7161.603,46.237,60.183,0
2469,98,81.967,4.756,322.008,5429.68,41.696,67.082,0
2470,98,88.22,4.528,332.734,7193.563,46.968,55.983,0
2471,98,80.199,3.772,307.791,2660.825,35.517,68.618,0
2472,98,78.323,4.479,321.765,3870.108,45.894,57.251,0
2473,98,77.671,4.207,321.026,3028.439,41.948,60.128,0
2474,98,78.843,2.796,322.526,2023.584,38.022,47.72,0
2475,99,103.784,5.331,310.039,8630.906,24.863,51.872,0
2476,99,102.207,4.558,317.89,8341.907,28.01,60.941,0
2477,99,92.858,3.301,329.843,5204.344,41.303,69.016,0
2478,99,94.193,2.723,307.38,1896.768,30.229,51.222,0
2479,99,106.382,4.909,320.27,8796.137,22.687,58.724,0
2480,99,93.88,2.571,320.913,1995.195,31.81,77.658,0
2481,99,100.239,3.249,306.67,5473.742,34.285,54.278,0
2482,99,103.611,4.121,343.96,8688.082,41.216,75.489,0
2483,99,100.312,4.774,304.956,6436.492,36.429,54.068,1
2484,99,94.638,3.575,318.6,4284.941,27.112,56.934,0
2485,99,99.309,3.392,310.122,4332.304,25.642,72.906,0
2486,99,94.856,4.228,319.205,4693.919,34.69,64.872,0
2487,99,100.614,4.907,317.918,6362.113,40.317,47.517,0
2488,99,93.191,2.85,302.994,1936.757,31.457,64.179,0
2489,99,96.496,3.693,321.46,4721.767,30.076,55.508,0
2490,99,90.516,1.869,318.024,877.751,35.578,35.803,0
2491,99,92.593,2.263,321.334,796.874,40.926,71.918,0
2492,99,102.047,3.836,287.03,7661.997,28.726,57.59,0
2493,99,93.792,2.486,327.069,1742.294,38.947,66.544,0
2494,99,101.983,3.539,312.438,5124.827,40.981,39.538,0
2495,99,91.304,2.306,345.854,1843.937,28.733,45.692,0
2496,99,90.834,1.799,339.348,347.808,31.537,62.713,0
2497,99,98.705,3.745,343.538,5097.877,28.416,38.032,0
2498,99,91.47,2.768,296.351,1585.347,29.019,56.332,0
2499,99,97.502,2.871,316.504,3732.77,31.471,54.676,0
2500,100,78.334,4.947,319.535,4859.016,77.817,51.511,0
2501,100,73.471,3.771,326.044,2616.163,85.379,75.675,0
2502,100,82.731,4.203,345.073,6335.132,85.522,72.25,0
2503,100,77.642,2.754,310.213,2301.876,84.648,72.306,0
2504,100,77.671,3.217,311.257,2914.743,90.752,66.995,0
2505,100,71.709,3.676,295.415,1265.599,79.112,61.731,0
2506,100,82.259,4.88,345.16,5586.825,91.581,43.873,0
2507,100,77.276,3.84,325.803,2512.614,78.543,78.172,0
2508,100,80.389,4.393,307.743,5426.267,90.646,56.532,0
2509,100,77.301,3.824,345.594,2259.022,84.045,35.696,0
2510,100,84.965,4.904,321.467,6766.378,73.822,74.509,0
2511,100,73.671,3.361,328.884,2858.538,75.738,53.468,0
2512,100,85.526,5.641,322.13,8631.023,76.755,53.549,0
2513,100,80.9,3.457,328.658,4523.657,84.781,44.275,0
2514,100,83.155,5.886,297.217,6555.135,76.237,42.977,1
2515,100,74.754,3.696,352.917,2909.468,78.764,65.161,0
2516,100,79.102,4.117,333.881,3740.553,86.205,68.305,0
2517,100,79.026,4.438,318.372,4121.746,82.627,75.105,0
2518,100,81.604,4.503,314.396,6104.691,73.469,61.254,0
2519,100,83.91,5.403,338.076,6773.782,78.851,51.44,0
2520,100,77.423,4.434,310.744,3612.742,82.293,63.984,1
2521,100,71.874,2.866,320.618,1117.358,83.923,59.533,0
2522,100,80.987,4.109,297.601,4378.615,89.839,77.492,0
2523,100,77.917,3.422,308.071,3504.938,83.906,68.849,0
2524,100,85.147,4.045,309.806,5549.226,82.741,31.746,0
2525,101,84.987,5.513,324.281,5074.431,98.216,86.664,1
2526,101,76.466,4.276,299.208,1395.281,100.0,64.05,0
2527,101,72.244,4.749,319.047,95.862,98.216,55.839,0
2528,101,72.589,4.306,334.279,469.508,100.0,69.634,0
2529,101,74.187,5.298,331.512,2148.479,100.0,61.768,0
2530,101,85.457,6.834,332.024,8291.046,100.0,56.401,1
2531,101,75.976,4.586,302.826,770.942,100.0,57.163,0
2532,101,83.6,5.737,331.443,8075.91,100.0,43.973,0
2533,101,77.764,4.449,310.595,1171.757,100.0,56.891,0
2534,101,80.491,5.071,314.904,3749.08,95.128,38.601,0
2535,101,78.385,5.749,315.633,3140.249,100.0,53.194,1
2536,101,78.727,5.226,310.766,1556.468,100.0,62.628,0
2537,101,88.289,7.13,301.059,7409.445,97.018,49.277,1
2538,101,86.964,6.526,333.121,8471.255,95.412,43.576,0
2539,101,86.889,6.562,305.943,8773.404,100.0,61.546,1
2540,101,87.524,7.595,310.911,8454.18,100.0,41.523,1
2541,101,82.638,7.032,307.387,7100.511,93.231,69.419,1
2542,101,78.414,5.249,304.534,2065.644,92.499,83.487,0
2543,101,84.483,6.617,335.713,8002.559,100.0,68.128,0
2544,101,85.801,6.625,335.656,7178.323,100.0,79.639,1
2545,101,85.507,5.958,316.958,5820.848,97.296,55.267,0
2546,101,79.09,6.734,298.395,5078.309,100.0,77.368,1
2547,101,82.548,5.314,311.142,3716.928,100.0,57.083,0
2548,101,80.548,6.634,299.493,6041.287,86.499,45.827,1
2549,101,84.376,5.368,315.905,5482.927,91.696,47.82,0
2550,102,79.27,3.069,306.676,2517.048,100.0,42.943,0
2551,102,84.706,4.462,335.629,6121.722,95.658,54.943,0
2552,102,80.226,4.434,303.083,4942.641,96.342,40.663,0
2553,102,87.073,5.912,323.887,6622.949,100.0,76.852,0
2554,102,76.937,3.059,321.226,1530.212,100.0,54.857,0
2555,102,81.292,3.814,309.972,2187.334,94.346,70.258,0
2556,102,77.656,4.027,339.392,2183.238,85.976,61.586,0
2557,102,84.286,4.208,309.78,5216.188,100.0,62.706,0
2558,102,71.249,3.682,317.838,2464.941,99.371,70.775,0
2559,102,88.759,6.099,301.028,8607.789,100.0,50.138,1
2560,102,89.853,6.339,326.548,8466.393,99.212,57.566,1
2561,102,87.867,4.475,300.951,7532.142,97.497,43.289,0
2562,102,87.945,5.016,327.518,8722.395,89.505,44.368,1
2563,102,75.493,2.417,316.859,638.734,92.581,53.012,0
2564,102,92.532,5.913,325.412,8998.917,97.163,25.391,0
2565,102,75.059,2.629,314.646,2257.146,100.0,59.964,0
2566,102,80.529,4.095,315.489,3394.605,100.0,65.595,0
2567,102,89.037,6.421,337.209,8506.542,100.0,58.67,0
2568,102,83.336,5.788,359.137,7411.475,90.891,33.641,1
2569,102,83.137,4.442,297.435,5457.995,89.607,71.574,0
2570,102,90.77,5.605,317.477,8946.602,94.321,57.902,0
2571,102,87.334,5.56,311.544,6710.31,100.0,59.55,1
2572,102,89.153,4.577,310.737,7865.499,99.549,68.075,1
2573,102,77.516,3.082,308.149,2551.823,100.0,98.139,0
2574,102,83.405,3.358,303.543,3614.371,97.541,68.349,0
2575,103,97.357,7.533,313.977,3919.042,38.561,46.423,1
2576,103,94.332,6.95,323.475,3877.436,42.431,52.491,0
2577,103,104.706,9.409,314.079,7450.982,35.844,76.413,1
2578,103,106.474,10.191,314.145,8863.011,30.066,52.583,1
2579,103,105.704,9.003,308.488,8584.31,33.637,49.66,1
2580,103,103.166,8.595,300.881,7744.982,36.19,45.777,0
2581,103,94.278,6.741,324.732,2092.439,30.424,55.498,0
2582,103,90.425,6.181,345.132,1553.697,31.218,73.534,0
2583,103,100.389,6.87,300.51,3853.397,32.116,68.733,0
2584,103,100.988,7.603,325.683,5753.917,34.048,64.959,0
2585,103,103.162,7.834,332.806,6650.134,41.594,47.234,1
2586,103,101.912,8.883,290.467,6277.729,28.781,69.4,0
2587,103,103.144,8.753,292.76,7792.104,22.087,52.613,1
2588,103,96.473,5.929,305.019,1898.488,39.009,58.661,0
2589,103,104.057,9.222,318.504,7371.008,50.326,66.652,1
2590,103,96.181,6.254,312.091,1907.047,45.815,58.187,0
2591,103,96.565,7.009,287.842,3144.458,31.272,67.339,1
2592,103,109.026,9.238,338.63,8377.745,34.912,40.149,1
2593,103,102.231,8.756,323.949,7328.581,40.876,67.216,0
2594,103,95.91,7.908,315.801,3867.043,50.017,66.459,0
2595,103,98.891,7.153,306.874,3521.376,31.25,48.272,0
2596,103,94.632,7.84,312.385,4631.996,42.349,54.202,0
2597,103,99.566,9.535,310.383,7793.526,48.721,64.95,1
2598,103,107.159,8.095,309.166,5974.07,33.788,67.925,0
2599,103,99.208,8.36,290.893,6591.231,40.789,76.801,1
2600,104,73.71,2.845,280.312,259.489,23.55,66.99,0
2601,104,86.193,5.432,277.858,4956.274,42.741,53.081,0
2602,104,74.07,3.935,293.125,1717.718,31.307,48.549,0
2603,104,80.806,4.955,347.138,3568.541,27.767,42.537,0
2604,104,82.48,4.357,323.196,2843.946,30.566,59.472,0
2605,104,82.208,5.321,316.035,4423.801,41.137,95.791,0
2606,104,87.15,6.723,338.924,5150.315,35.51,57.823,0
2607,104,89.796,6.612,311.857,8880.891,33.23,23.95,0
2608,104,77.007,4.286,312.465,968.388,34.464,62.103,0
2609,104,89.923,6.379,320.069,7778.319,43.406,44.895,0
2610,104,86.069,5.77,315.066,4992.09,33.648,53.303,0
2611,104,76.781,4.094,318.247,563.298,37.846,59.966,0
2612,104,85.134,5.327,323.099,4380.166,44.076,62.596,0
2613,104,86.083,5.749,322.106,5547.434,33.834,61.648,1
2614,104,82.755,5.182,304.772,2588.613,31.773,50.191,0
2615,104,82.752,5.174,333.311,5395.538,44.437,67.448,0
2616,104,87.812,5.739,310.41,6610.448,26.306,46.946,0
2617,104,86.748,5.857,297.191,7892.517,43.318,36.962,0
2618,104,91.876,6.951,311.485,8615.908,42.092,64.153,1
2619,104,80.623,5.71,312.677,3357.842,33.311,30.28,0
2620,104,90.771,6.643,334.009,8514.444,35.74,44.334,0
2621,104,85.5,5.851,301.175,5571.517,35.338,73.805,0
2622,104,84.03,5.889,313.994,5143.454,44.842,50.942,1
2623,104,88.298,5.263,309.181,5833.145,34.813,52.019,0
2624,104,87.841,6.339,309.267,8102.618,31.465,89.78,0
2625,105,85.71,3.819,321.146,2775.636,76.959,74.759,0
2626,105,90.832,6.801,304.936,8850.973,86.295,66.127,0
2627,105,82.936,3.045,333.025,1810.962,86.699,59.739,0
2628,105,84.479,4.375,311.146,1440.538,85.77,58.696,0
2629,105,79.294,5.611,300.238,1152.655,85.274,68.25,0
2630,105,91.467,5.456,322.131,5394.861,91.384,58.941,0
2631,105,83.555,5.231,319.239,3881.77,82.429,45.045,0
2632,105,82.235,4.173,313.529,2000.471,88.845,78.507,0
2633,105,83.025,4.948,317.694,5789.003,100.0,37.057,0
2634,105,99.752,6.286,325.119,8055.251,89.602,55.368,0
2635,105,88.987,6.353,304.55,6262.678,96.268,50.279,0
2636,105,89.901,5.274,318.283,4719.444,86.933,52.933,0
2637,105,85.438,4.557,312.505,5516.354,91.66,64.146,0
2638,105,83.376,3.689,297.919,1484.697,89.325,36.426,0
2639,105,81.026,4.904,310.984,2589.892,81.945,54.159,0
2640,105,86.71,5.549,304.102,4525.276,85.767,71.028,0
2641,105,87.291,4.47,313.764,4535.475,75.194,57.83,0
2642,105,82.882,2.587,328.537,256.798,76.706,38.458,0
2643,105,82.269,4.775,304.492,4256.777,80.943,48.107,0
2644,105,90.468,6.471,308.661,6454.609,84.02,46.185,0
2645,105,80.155,4.029,308.888,843.512,84.518,62.079,0
2646,105,88.307,5.013,349.205,4477.032,89.988,58.218,0
2647,105,80.291,3.206,298.776,727.057,97.833,64.852,0
2648,105,89.345,5.083,320.428,5266.867,91.874,58.442,0
2649,105,83.307,4.654,316.632,2622.377,92.953,44.891,0
2650,106,68.453,3.063,330.135,1193.619,82.926,73.323,0
2651,106,68.606,4.498,312.617,2450.231,86.301,71.433,0
2652,106,68.021,3.79,351.983,1959.243,86.386,67.871,0
2653,106,67.311,4.5,317.499,2217.688,82.863,54.327,0
2654,106,77.077,6.157,314.438,6873.604,79.534,73.909,0
2655,106,75.662,5.231,291.114,6887.363,84.514,52.039,1
2656,106,74.392,4.439,324.391,4502.686,86.807,33.605,0
2657,106,76.837,6.208,314.837,7026.629,78.65,81.936,1
2658,106,63.866,3.966,316.506,1930.555,72.044,59.316,0
2659,106,72.671,5.736,312.763,5915.909,82.3,69.69,0
2660,106,72.63,4.649,334.96,4154.11,79.387,59.871,0
2661,106,67.55,4.171,316.607,1056.364,90.301,52.164,0
2662,106,81.409,6.248,305.459,8160.484,87.126,48.459,0
2663,106,77.146,5.401,310.904,5697.628,81.906,63.507,1
2664,106,64.265,4.498,317.746,873.12,74.054,45.66,0
2665,106,76.601,6.109,331.814,8131.857,88.225,52.481,0
2666,106,67.00399999999999,5.016,348.891,4473.023,77.578,53.349,0
2667,106,66.495,2.97,329.636,1345.461,74.141,47.252,0
2668,106,74.845,4.968,320.693,5991.034,75.389,24.28,0
2669,106,77.326,5.403,308.095,6001.098,83.002,59.869,0
2670,106,74.3,4.825,299.657,4707.795,72.03,51.929,0
2671,106,65.03,3.636,317.788,474.462,81.399,72.78,0
2672,106,75.616,5.232,309.108,5867.148,70.816,56.434,0
2673,106,64.987,3.476,320.555,632.302,76.914,38.562,0
2674,106,69.77199999999999,5.275,321.111,5480.784,90.462,62.405,0
2675,107,112.17,6.821,322.208,7502.106,57.98,59.72,1
2676,107,95.305,5.0,349.975,1454.409,60.557,37.576,0
2677,107,97.207,5.272,299.187,505.671,66.533,67.406,0
2678,107,104.985,5.965,332.918,5048.666,69.48,61.341,0
2679,107,105.832,5.953,315.248,5603.853,66.036,75.569,0
2680,107,101.444,6.052,289.531,4299.072,60.583,62.073,0
2681,107,106.707,6.582,336.423,6915.204,62.774,45.755,1
2682,107,105.131,6.057,311.781,6064.242,66.267,42.359,1
2683,107,98.41,4.673,308.86,2192.506,69.719,41.137,1
2684,107,99.657,6.471,293.192,4230.187,67.797,55.346,1
2685,107,107.722,6.452,313.852,6458.087,74.367,67.063,0
2686,107,100.063,4.406,328.197,2045.178,56.847,66.541,0
2687,107,106.65,6.887,313.937,6218.457,69.809,61.054,0
2688,107,96.361,4.256,322.781,701.864,66.507,45.867,0
2689,107,104.369,6.133,327.235,5359.499,65.212,62.965,1
2690,107,99.513,4.709,310.26,1380.672,72.564,50.104,0
2691,107,104.743,6.104,354.043,7655.777,62.068,75.315,1
2692,107,108.264,6.737,331.89,8304.789,67.839,50.888,0
2693,107,103.074,5.851,324.48,4464.628,65.192,79.907,0
2694,107,96.235,4.657,306.612,261.513,67.005,53.453,0
2695,107,109.782,7.208,324.201,8419.06,71.263,43.595,1
2696,107,98.875,5.156,323.331,2282.063,77.831,62.647,0
2697,107,100.568,5.738,306.037,3258.387,67.596,46.361,0
2698,107,100.075,5.252,306.454,3528.348,73.322,59.444,0
2699,107,106.5,7.193,299.198,8973.11,71.472,86.397,1
2700,108,77.671,2.453,319.829,1198.12,95.41,42.875,0
2701,108,80.154,3.776,315.586,6619.098,99.353,39.59,0
2702,108,83.382,2.801,332.11,3015.424,95.486,47.78,0
2703,108,74.73,1.976,315.125,636.983,100.0,73.422,0
2704,108,75.34,2.623,308.122,4236.816,100.0,55.026,0
2705,108,86.702,3.503,285.785,6229.589,93.295,33.569,0
2706,108,82.305,3.787,319.868,6447.371,99.988,54.441,0
2707,108,81.633,3.72,286.111,7023.547,96.29,68.287,0
2708,108,79.679,3.178,340.928,4667.716,77.652,63.395,0
2709,108,79.36,2.821,309.291,3081.51,96.474,49.14,0
2710,108,78.065,2.461,314.703,2896.945,94.556,79.314,0
2711,108,73.413,1.811,330.92,30.926,85.519,64.136,0
2712,108,79.516,2.918,312.647,3269.808,96.502,66.02,0
2713,108,78.426,2.575,321.519,3208.389,88.439,35.516,0
2714,108,84.851,5.108,318.832,8807.732,93.178,68.122,0
2715,108,82.752,4.794,325.594,7171.735,87.914,56.787,0
2716,108,85.68,4.918,321.334,8260.608,89.892,36.665,0
2717,108,74.558,2.315,322.712,159.241,94.387,45.924,0
2718,108,76.757,1.558,313.875,70.226,94.038,60.817,0
2719,108,75.514,3.014,336.44,3266.12,85.415,54.725,0
2720,108,77.004,2.237,320.111,336.298,95.36,64.537,0
2721,108,80.348,3.843,318.482,6192.962,94.348,38.875,0
2722,108,80.823,3.012,303.856,3356.835,87.633,48.743,0
2723,108,85.17,3.65,268.148,6255.449,96.263,51.653,0
2724,108,76.474,2.443,289.393,1578.813,80.922,60.875,0
2725,109,95.058,4.044,318.055,5843.214,51.166,63.033,0
2726,109,97.904,4.529,330.942,6585.946,49.883,64.252,1
2727,109,97.066,4.827,320.104,7136.727,46.404,80.166,1
2728,109,89.425,2.204,335.416,1685.97,56.692,75.747,0
2729,109,95.683,3.797,312.106,5576.809,48.62,74.843,0
2730,109,92.415,3.489,324.098,4878.392,54.995,75.695,0
2731,109,98.5,4.363,320.647,7235.126,55.488,62.284,0
2732,109,100.786,4.761,305.18,8412.962,44.998,53.186,0
2733,109,92.345,4.248,327.06,4482.599,47.252,46.817,0
2734,109,86.857,2.568,305.725,1436.888,50.73,55.712,0
2735,109,97.887,5.253,313.832,8350.027,56.242,41.455,0
2736,109,94.16,3.481,320.993,5741.14,50.263,40.615,0
2737,109,93.344,3.907,297.129,3663.175,51.625,64.217,0
2738,109,92.352,3.106,309.24,3964.004,52.336,56.046,0
2739,109,97.633,4.744,341.947,6836.798,59.473,56.309,1
2740,109,88.514,2.46,297.764,1213.647,55.466,64.486,0
2741,109,96.088,3.516,306.505,3679.841,63.767,41.732,0
2742,109,104.315,5.122,317.771,8893.046,56.928,41.437,1
2743,109,91.495,3.847,329.948,3916.119,46.929,61.088,0
2744,109,86.456,2.401,303.501,749.071,59.631,75.99,0
2745,109,93.697,4.78,296.532,5926.621,49.74,65.173,0
2746,109,97.715,3.393,289.931,6919.282,55.384,60.234,0
2747,109,94.788,3.264,319.638,4632.62,52.596,54.421,0
2748,109,90.564,2.574,299.246,646.665,53.209,56.629,0
2749,109,101.486,4.921,309.015,8134.489,49.662,54.173,0
2750,110,75.088,4.433,297.264,8281.983,69.094,37.437,0
2751,110,71.86,4.511,323.159,7127.043,62.204,61.601,0
2752,110,71.308,4.14,313.361,4515.098,62.113,55.387,0
2753,110,70.0,4.715,294.265,6550.827,70.359,60.41,0
2754,110,72.551,4.44,314.003,6969.806,62.6,48.93,0
2755,110,71.005,4.268,327.414,6750.702,59.318,54.189,0
2756,110,64.88900000000001,2.84,310.305,1577.076,60.681,45.833,0
2757,110,80.279,4.966,334.706,8688.94,73.435,68.308,0
2758,110,70.817,4.93,338.044,5839.008,58.781,59.27,0
2759,110,69.338,4.323,321.148,4320.677,72.306,65.056,0
2760,110,71.615,5.652,308.36,7580.167,66.992,44.599,0
2761,110,64.952,3.001,326.488,696.642,72.665,66.259,0
2762,110,69.519,3.676,352.63,4881.352,65.352,63.957,0
2763,110,69.459,3.354,321.709,3780.39,70.558,57.25,0
2764,110,68.519,4.443,306.583,6107.495,66.61,79.214,0
2765,110,69.834,3.137,323.651,3812.444,59.937,49.891,0
2766,110,69.801,4.133,331.808,4947.829,69.059,55.578,0
2767,110,76.399,5.034,304.168,7974.081,63.835,64.255,0
2768,110,63.569,2.514,316.874,1970.53,72.47,57.293,0
2769,110,59.513,2.54,349.204,219.857,67.118,66.875,0
2770,110,67.35,2.415,324.249,2268.854,62.123,63.314,0
2771,110,69.57,5.002,301.307,7500.776,56.787,55.606,0
2772,110,72.581,4.713,321.25,8763.559,61.362,58.007,0
2773,110,74.66,4.84,305.191,7317.394,68.186,66.928,0
2774,110,61.735,2.386,295.134,1135.631,69.499,45.503,0
2775,111,95.787,5.102,320.036,7621.402,68.641,64.047,0
2776,111,92.241,5.232,293.089,8763.022,85.73,33.444,1
2777,111,90.639,4.79,337.55,5249.203,81.444,57.031,0
2778,111,87.29,4.116,328.402,4194.412,78.394,61.059,0
2779,111,94.595,5.867,315.419,8897.691,82.904,59.296,0
2780,111,92.077,4.565,316.826,6213.687,77.546,59.098,0
2781,111,90.65,4.134,332.187,6309.592,76.798,59.36,1
2782,111,90.035,4.014,327.527,5097.136,78.557,68.659,0
2783,111,90.161,4.038,327.946,5675.093,77.84,69.151,0
2784,111,85.28,2.42,323.263,1120.33,81.798,60.445,0
2785,111,85.043,3.712,316.941,1674.699,82.33,56.045,0
2786,111,91.075,4.779,334.657,7280.875,87.181,39.522,0
2787,111,79.799,2.729,314.185,515.043,74.656,59.807,0
2788,111,90.438,3.497,313.376,5510.03,82.196,41.747,0
2789,111,98.045,5.414,311.201,7724.989,83.472,68.228,0
2790,111,88.327,3.487,325.21,6485.158,75.433,49.045,0
2791,111,88.659,4.015,293.048,5992.961,73.175,42.214,0
2792,111,86.943,2.976,316.393,4240.767,89.307,53.385,0
2793,111,90.81,4.528,298.035,5376.771,81.949,65.601,0
2794,111,79.4,2.828,325.391,197.178,88.09,48.804,0
2795,111,89.849,3.886,338.245,4134.336,86.12,64.999,0
2796,111,90.427,4.531,299.622,5606.682,83.11,59.765,0
2797,111,95.953,5.984,303.639,8605.713,77.278,76.9,0
2798,111,93.515,4.205,333.322,6357.348,88.241,82.895,0
2799,111,84.805,3.26,315.389,1880.434,74.314,33.589,0
2800,112,83.966,6.444,326.514,5189.341,83.389,100.0,0
2801,112,80.55,5.039,305.402,3814.661,87.079,55.545,0
2802,112,76.088,3.852,297.073,1953.145,83.059,62.079,0
2803,112,83.127,4.879,311.435,3691.948,80.697,67.79,0
2804,112,88.736,6.663,311.99,7631.463,80.602,56.351,0
2805,112,76.18,4.813,337.02,2528.361,85.051,63.841,0
2806,112,80.498,4.369,312.987,3103.22,91.636,67.942,0
2807,112,76.251,4.081,321.963,333.898,82.075,39.85,0
2808,112,83.29,4.897,306.291,3579.857,99.856,29.07,1
2809,112,87.808,6.566,320.898,7315.279,89.705,63.062,0
2810,112,84.05,6.824,306.597,6561.3,90.077,61.005,0
2811,112,82.105,5.082,332.551,4385.418,94.599,62.29,0
2812,112,86.14,5.923,330.5,5525.149,90.728,49.898,0
2813,112,86.948,6.034,308.858,6863.489,88.334,51.301,0
2814,112,92.061,6.219,306.757,8532.987,85.79,56.792,1
2815,112,77.479,3.458,338.004,1076.555,77.571,32.001,0
2816,112,83.628,5.923,330.785,7092.315,87.414,57.058,0
2817,112,87.756,5.941,301.799,7489.456,94.377,42.912,0
2818,112,86.034,5.452,335.222,4984.417,95.678,74.09,0
2819,112,91.181,6.523,321.179,8300.376,79.81,61.773,0
2820,112,81.795,4.21,318.498,1473.291,88.084,60.051,0
2821,112,78.35,5.366,328.738,4917.969,97.415,46.186,0
2822,112,82.288,4.708,316.833,2748.932,100.0,65.079,0
2823,112,85.119,6.356,308.963,5373.615,87.21,38.366,0
2824,112,91.633,6.734,324.899,8491.812,91.416,63.403,0
2825,113,90.658,4.74,324.286,8214.132,67.564,55.986,0
2826,113,85.594,2.879,338.354,2606.286,59.605,67.54,0
2827,113,80.985,2.21,335.64,1741.452,54.192,71.314,0
2828,113,92.623,5.577,339.614,8768.688,59.952,45.399,0
2829,113,81.079,1.412,328.587,344.006,62.141,62.467,0
2830,113,93.619,4.075,318.982,6083.452,65.567,28.383,0
2831,113,84.719,2.233,322.244,1655.496,53.242,56.643,0
2832,113,81.08,2.624,311.655,792.185,70.713,64.638,1
2833,113,82.733,1.54,317.311,1489.417,59.579,46.248,0
2834,113,93.495,5.206,323.7,7983.189,55.581,54.294,0
2835,113,74.554,1.711,315.369,176.315,54.876,67.764,0
2836,113,87.384,3.425,317.952,3344.502,63.768,58.491,0
2837,113,77.856,1.878,295.345,239.971,66.985,38.061,0
2838,113,92.786,3.906,298.211,6359.012,62.477,60.245,0
2839,113,80.013,2.427,331.012,641.054,71.606,100.0,0
2840,113,91.077,3.667,297.071,4970.012,70.461,56.543,0
2841,113,85.022,1.09,314.472,1492.118,43.655,55.041,0
2842,113,87.824,4.185,298.049,5618.059,61.868,80.813,0
2843,113,91.182,3.906,294.222,7165.658,73.765,62.594,0
2844,113,89.666,4.159,330.641,6903.116,58.079,67.061,0
2845,113,83.217,1.212,337.188,881.576,52.78,45.334,0
2846,113,80.136,1.486,300.876,1708.833,63.104,69.605,0
2847,113,90.795,4.687,336.79,6724.174,66.939,37.518,0
2848,113,80.669,1.811,301.956,90.223,57.067,70.122,0
2849,113,88.939,4.227,327.472,4864.103,62.196,58.708,0
2850,114,70.36,2.133,312.543,1081.246,57.725,60.483,0
2851,114,78.082,4.093,341.761,5881.528,51.486,48.774,0
2852,114,85.901,4.837,337.209,8509.006,54.753,64.004,0
2853,114,82.005,4.312,310.897,4932.432,51.607,60.478,0
2854,114,77.394,2.847,320.023,3162.865,51.383,54.343,0
2855,114,86.635,4.769,313.615,7336.829,43.33,46.863,0
2856,114,79.288,3.938,302.891,4974.172,41.972,68.194,0
2857,114,80.52,3.511,334.253,3082.558,54.611,70.761,0
2858,114,83.794,3.483,326.808,5143.949,60.713,50.012,0
2859,114,75.636,2.366,322.94,529.077,49.883,61.7,0
2860,114,77.024,2.784,305.052,4245.623,44.922,24.669,0
2861,114,78.391,4.306,305.583,3718.462,44.702,37.887,0
2862,114,72.559,2.841,290.473,917.911,58.901,43.75,0
2863,114,83.451,4.147,323.237,3761.406,52.5,58.467,0
2864,114,74.575,2.49,312.295,90.977,51.796,50.678,0
2865,114,75.143,4.166,293.886,2722.927,40.038,45.437,0
2866,114,79.484,3.346,317.424,4074.078,51.066,57.38,0
2867,114,74.338,2.528,352.399,323.721,46.86,77.059,0
2868,114,85.796,4.513,329.112,8599.088,52.659,60.331,0
2869,114,80.594,4.045,309.01,4598.922,52.613,58.655,0
2870,114,74.979,2.865,323.894,773.009,59.176,41.768,0
2871,114,81.832,4.917,332.061,8002.083,46.201,59.466,0
2872,114,80.993,4.243,307.727,6801.519,57.511,35.5,0
2873,114,70.674,3.219,312.156,2463.662,41.638,64.399,0
2874,114,74.81,3.565,312.23,2697.292,53.193,64.767,0
2875,115,76.726,1.941,306.722,536.144,84.526,55.661,0
2876,115,80.425,3.176,345.858,2959.347,83.6,60.892,0
2877,115,86.718,4.836,309.858,6835.035,65.972,51.969,0
2878,115,85.966,5.014,329.924,6770.496,82.871,70.287,1
2879,115,82.055,3.362,298.954,3184.26,82.361,53.617,0
2880,115,82.233,3.574,326.897,4761.755,92.452,60.211,0
2881,115,84.33,4.385,316.428,4338.532,86.658,41.428,0
2882,115,86.775,5.199,319.169,6083.531,66.625,52.522,0
2883,115,78.168,3.064,304.208,1321.956,81.467,79.148,0
2884,115,77.973,3.563,286.611,3931.687,100.0,52.089,0
2885,115,86.637,3.722,309.629,6162.435,84.294,79.681,1
2886,115,78.677,3.412,323.506,1760.202,95.692,65.57,0
2887,115,79.297,2.867,317.692,4211.562,90.944,68.435,0
2888,115,86.903,3.301,300.874,4994.298,88.772,81.139,0
2889,115,80.73,2.337,319.82,2602.427,89.296,56.073,0
2890,115,85.207,4.569,311.981,6710.803,80.22,48.081,0
2891,115,80.178,3.625,302.386,4859.639,85.127,41.884,0
2892,115,78.063,2.741,330.202,2077.06,89.83,60.137,0
2893,115,80.416,2.647,322.691,1701.536,86.99,52.517,0
2894,115,83.621,4.126,308.988,6082.768,83.563,55.836,0
2895,115,81.752,3.801,305.29,5060.38,77.221,48.407,0
2896,115,77.077,2.634,309.089,1555.284,79.833,57.997,0
2897,115,90.66,5.011,322.816,8836.482,79.247,73.515,0
2898,115,84.154,4.913,286.41,7658.381,86.472,50.713,0
2899,115,86.431,5.389,332.164,7522.712,74.005,74.919,0
2900,116,78.21,6.085,311.502,5165.513,92.971,68.526,0
2901,116,77.677,5.067,316.161,2521.434,96.98,58.332,0
2902,116,75.53,5.042,325.023,2232.491,94.373,45.662,0
2903,116,84.573,6.858,322.753,7108.338,98.247,71.495,0
2904,116,79.906,7.122,307.528,8127.966,84.944,66.181,0
2905,116,77.906,6.548,327.073,5877.482,100.0,50.282,0
2906,116,74.329,5.45,321.448,2889.182,95.921,45.614,0
2907,116,74.982,5.144,335.304,3606.178,100.0,51.393,0
2908,116,70.913,5.174,296.08,443.466,85.313,42.208,0
2909,116,81.959,6.362,316.985,6171.663,100.0,32.488,0
2910,116,75.213,4.997,337.554,1057.22,87.671,86.743,0
2911,116,76.955,5.68,308.089,2175.458,88.552,70.156,0
2912,116,85.799,6.559,329.02,7385.827,96.536,57.66,0
2913,116,75.607,6.134,336.315,3933.878,85.553,77.4,0
2914,116,82.593,5.661,305.884,7003.051,91.432,63.677,0
2915,116,83.508,5.76,288.89,7137.431,84.186,57.427,1
2916,116,82.082,6.97,313.838,6807.581,100.0,49.406,1
2917,116,72.752,4.096,328.045,132.018,86.125,76.332,0
2918,116,82.104,6.097,307.306,4579.63,98.923,50.108,1
2919,116,78.339,5.17,331.902,3356.047,94.831,50.468,0
2920,116,77.307,5.506,301.284,4779.9,95.725,66.172,0
2921,116,82.753,6.644,306.136,7081.058,98.351,66.539,1
2922,116,80.172,5.515,321.427,5343.663,93.573,67.173,0
2923,116,81.188,6.518,316.808,6260.366,100.0,44.233,0
2924,116,82.71,6.603,298.63,5840.665,89.54,53.474,0
2925,117,95.357,5.526,294.645,6207.727,97.978,49.095,1
2926,117,84.261,2.713,335.575,1438.466,100.0,70.906,0
2927,117,93.445,5.718,319.188,4951.216,99.356,59.414,0
2928,117,86.749,3.808,319.154,3267.906,100.0,52.82,0
2929,117,87.759,3.194,325.26,232.983,100.0,70.562,0
2930,117,86.117,2.925,305.628,3132.026,96.87,65.153,0
2931,117,93.509,4.113,305.941,4856.35,93.117,63.042,0
2932,117,95.269,5.26,304.908,6540.697,100.0,48.483,0
2933,117,86.746,4.23,315.127,2313.809,90.935,62.884,0
2934,117,89.968,3.47,308.224,1218.662,98.245,70.732,0
2935,117,96.757,5.602,340.497,6799.102,94.955,63.519,0
2936,117,92.993,5.464,308.557,5360.746,91.006,79.268,0
2937,117,88.101,2.941,321.747,2167.361,91.842,64.396,0
2938,117,95.618,6.095,300.023,8900.935,100.0,71.356,1
2939,117,88.857,3.705,300.106,1873.339,94.933,50.592,0
2940,117,87.214,3.141,306.376,2142.003,95.382,66.047,0
2941,117,85.228,3.153,329.764,1812.296,93.318,59.584,0
2942,117,94.763,4.436,318.451,6827.132,92.647,44.442,0
2943,117,89.507,4.178,331.431,3048.68,97.751,60.465,0
2944,117,83.368,3.246,322.369,144.685,100.0,71.336,0
2945,117,97.122,5.876,311.415,6988.385,100.0,73.193,0
2946,117,87.476,4.593,315.729,4251.027,84.842,64.714,0
2947,117,86.472,3.401,306.248,1963.701,87.255,68.1,0
2948,117,91.03,3.455,313.114,4164.988,92.355,39.724,0
2949,117,95.873,5.433,305.808,6027.713,91.9,71.354,0
2950,118,79.392,5.137,317.832,6161.236,92.797,67.173,0
2951,118,75.411,3.538,320.914,1857.8,98.186,74.381,0
2952,118,78.31,3.426,308.228,4803.013,92.317,23.097,0
2953,118,85.736,5.079,315.09,8609.149,91.67,45.822,0
2954,118,77.25,3.117,310.377,3138.882,96.481,78.469,0
2955,118,72.226,1.945,335.652,403.251,99.938,66.18,0
2956,118,76.707,3.504,318.189,3301.492,100.0,52.561,0
2957,118,80.746,4.247,307.303,6523.573,96.514,66.123,1
2958,118,80.909,4.462,276.838,6040.302,93.219,55.512,0
2959,118,81.675,4.257,316.193,5582.768,92.889,56.672,0
2960,118,78.897,3.967,360.587,4096.183,92.296,56.675,0
2961,118,84.99,4.433,322.453,5762.833,91.443,54.591,0
2962,118,75.869,4.009,301.522,3130.499,88.438,67.911,0
2963,118,71.479,2.187,305.323,573.247,89.958,58.367,0
2964,118,85.584,4.109,307.365,6042.003,95.2,46.597,0
2965,118,73.145,3.164,311.404,2442.147,98.288,40.312,0
2966,118,77.618,3.331,327.16,4121.37,80.84,59.314,0
2967,118,80.277,2.82,341.815,2821.721,92.378,78.541,0
2968,118,75.946,3.586,305.686,1705.031,92.459,36.772,0
2969,118,79.95,4.966,292.967,5924.48,100.0,52.566,0
2970,118,69.59100000000001,2.002,317.436,995.153,92.727,51.731,0
2971,118,87.807,5.666,328.802,8446.989,88.612,61.524,0
2972,118,78.252,3.656,325.032,2630.9,100.0,76.809,0
2973,118,80.077,3.153,320.998,4056.892,86.202,67.087,0
2974,118,82.293,4.915,311.311,8117.286,93.996,69.522,0
2975,119,92.608,3.348,328.915,5589.33,40.656,70.583,0
2976,119,98.961,3.776,320.615,6296.039,35.838,56.999,0
2977,119,104.42,4.349,322.162,8714.799,47.275,49.537,0
2978,119,95.33,2.8,344.904,4765.12,49.406,61.897,0
2979,119,94.993,4.199,305.907,6914.732,34.624,27.159,0
2980,119,91.708,4.246,347.836,6702.23,42.006,57.119,0
2981,119,92.367,2.441,314.08,2487.874,35.499,63.237,0
2982,119,96.717,3.577,331.534,7173.119,29.637,38.534,0
2983,119,91.33,3.564,327.789,5655.375,45.499,46.809,0
2984,119,85.127,1.822,320.263,1242.517,40.977,58.238,0
2985,119,93.675,3.463,328.681,6281.192,35.636,69.797,0
2986,119,97.358,4.298,350.137,6721.215,39.093,75.016,0
2987,119,98.084,4.116,326.263,7255.084,37.842,49.012,0
2988,119,96.495,4.208,323.053,6681.298,45.337,57.084,0
2989,119,98.021,3.168,326.978,5390.822,34.61,57.194,0
2990,119,94.991,2.287,306.97,2557.298,40.686,62.116,0
2991,119,100.806,4.535,303.697,8683.18,41.082,70.903,0
2992,119,97.637,4.527,308.868,6340.991,44.541,73.25,0
2993,119,90.041,2.303,333.348,3760.113,41.291,64.05,0
2994,119,99.472,3.873,329.446,7200.679,39.179,58.867,0
2995,119,97.372,4.0,319.714,7758.184,34.938,61.497,0
2996,119,87.905,3.448,317.948,3009.256,35.144,68.804,0
2997,119,91.039,2.825,309.324,2529.407,45.356,76.064,0
2998,119,94.293,4.184,318.001,6886.593,39.944,57.512,0
2999,119,91.74,2.503,308.453,3165.719,53.875,50.546,0
3000,120,84.893,4.386,312.428,7688.551,37.946,52.744,0
3001,120,71.39,2.92,305.813,338.37,37.2,50.276,0
3002,120,74.772,3.94,314.721,3052.307,35.854,56.876,0
3003,120,85.57,6.045,325.083,7924.696,41.461,56.075,0
3004,120,82.257,3.743,330.286,4143.798,46.059,56.689,0
3005,120,75.219,2.834,304.292,654.293,39.758,67.373,0
3006,120,87.449,5.198,304.807,6946.273,44.873,56.049,0
3007,120,88.228,5.27,322.951,8480.119,39.516,79.514,1
3008,120,83.595,4.267,312.299,6133.058,39.939,49.329,0
3009,120,76.327,3.242,328.167,1513.524,40.351,55.562,0
3010,120,81.861,4.443,310.364,4720.157,36.443,75.096,0
3011,120,75.284,3.318,320.686,1917.561,47.697,61.047,0
3012,120,82.391,4.172,321.744,3936.506,42.313,41.754,0
3013,120,83.122,4.384,350.745,5139.873,44.69,64.044,0
3014,120,77.387,3.367,298.315,1304.222,37.477,66.089,0
3015,120,76.325,3.032,327.247,1349.273,44.392,73.325,0
3016,120,82.817,3.89,317.726,6292.97,41.25,49.539,0
3017,120,91.163,5.85,324.634,8343.169,42.687,54.729,0
3018,120,74.661,2.455,330.979,660.041,37.466,61.182,0
3019,120,83.462,4.634,311.207,7683.976,41.908,94.468,0
3020,120,87.338,5.104,343.827,7547.664,45.411,59.283,0
3021,120,76.635,3.3,312.371,1487.975,42.415,44.719,0
3022,120,73.745,2.852,327.604,1304.898,38.137,53.586,0
3023,120,77.837,3.679,336.017,2140.845,43.32,65.899,0
3024,120,75.684,3.924,332.413,1468.233,33.224,50.276,0
3025,121,92.502,2.825,341.204,4042.95,52.779,51.01,0
3026,121,95.146,4.648,323.969,7490.432,55.985,56.042,0
3027,121,83.474,1.389,312.282,304.228,56.254,65.098,0
3028,121,89.194,1.355,337.794,1087.039,45.475,64.275,0
3029,121,87.538,1.098,323.151,400.538,50.25,55.462,0
3030,121,95.247,5.404,299.145,7507.1,33.492,82.331,0
3031,121,86.604,2.327,317.865,243.481,45.118,55.74,0
3032,121,86.565,1.936,324.449,729.564,53.978,67.724,0
3033,121,93.253,2.396,335.632,3115.31,55.999,70.223,0
3034,121,98.294,3.193,335.615,5667.898,53.973,56.764,0
3035,121,86.471,2.13,285.467,173.463,53.332,68.251,0
3036,121,93.121,3.406,321.538,3267.574,61.398,95.698,0
3037,121,88.374,2.529,333.846,607.289,54.764,58.328,0
3038,121,95.262,3.957,317.583,5292.044,40.539,42.356,0
3039,121,95.116,3.983,325.52,5257.438,54.137,55.02,1
3040,121,96.865,5.323,313.586,8633.278,43.124,64.048,1
3041,121,88.697,2.193,302.792,2769.608,62.563,51.055,0
3042,121,90.349,4.0,318.777,4275.48,55.696,76.894,0
3043,121,95.945,4.198,317.188,6832.479,52.871,70.514,0
3044,121,94.297,4.79,333.871,5742.484,52.81,49.791,1
3045,121,85.84,1.738,303.618,799.273,47.109,64.214,0
3046,121,87.76,1.818,325.836,165.609,52.482,58.567,0
3047,121,94.328,3.617,325.758,4845.891,56.471,66.294,0
3048,121,92.888,3.289,324.926,2973.026,40.745,54.82,0
3049,121,90.172,3.049,326.509,3214.983,64.851,37.776,0
3050,122,81.697,4.567,311.357,1648.79,41.995,68.185,0
3051,122,87.447,7.637,317.771,8446.211,46.826,71.93,1
3052,122,83.685,5.863,312.71,3830.86,40.823,68.852,0
3053,122,79.698,4.919,307.898,3484.698,35.17,73.993,0
3054,122,87.77,6.234,310.787,5424.229,28.769,35.526,0
3055,122,83.661,6.24,280.42,3136.186,39.536,63.032,0
3056,122,78.237,3.175,309.413,992.174,32.726,60.361,0
3057,122,81.188,4.289,316.234,1019.856,43.941,67.535,0
3058,122,89.354,7.346,281.874,7865.165,29.202,79.662,0
3059,122,81.823,6.415,334.892,4056.872,43.448,51.844,0
3060,122,83.363,4.948,327.816,2095.568,39.818,63.346,0
3061,122,88.519,6.246,315.583,7682.377,41.174,73.53,1
3062,122,80.892,5.504,332.922,2900.832,44.717,51.269,0
3063,122,88.496,6.63,299.696,7309.706,47.725,53.295,0
3064,122,74.584,4.577,323.533,1372.868,30.733,42.021,0
3065,122,94.503,6.621,341.877,8633.737,43.126,55.839,0
3066,122,91.603,5.848,313.672,6730.29,42.343,49.744,0
3067,122,82.464,5.144,288.896,1937.581,35.199,59.838,0
3068,122,81.264,5.128,312.601,2505.303,49.184,46.77,0
3069,122,74.118,4.452,326.796,258.607,49.329,53.18,0
3070,122,86.513,6.043,303.134,5908.346,49.417,44.063,0
3071,122,81.649,5.357,317.899,2775.263,28.842,51.47,0
3072,122,79.499,4.843,309.774,1246.703,21.481,47.434,0
3073,122,86.668,5.796,315.727,3991.508,47.297,69.305,0
3074,122,92.079,6.176,315.787,7267.545,46.17,49.188,0
3075,123,92.104,4.93,322.289,6900.645,62.367,43.212,0
3076,123,79.793,3.417,306.955,1715.561,45.28,47.864,0
3077,123,85.668,4.636,289.302,3324.107,56.152,46.284,0
3078,123,90.417,5.097,338.109,8335.663,60.127,58.518,0
3079,123,90.671,4.888,329.612,6547.321,40.09,51.568,0
3080,123,83.01,2.979,319.186,880.419,44.219,39.489,0
3081,123,89.222,3.847,296.226,4961.068,52.083,40.585,0
3082,123,78.405,2.888,349.996,1301.296,54.144,79.514,0
3083,123,85.4,3.592,319.459,3419.317,60.606,46.489,0
3084,123,86.009,4.026,346.898,5383.691,52.028,58.282,0
3085,123,90.909,4.944,322.617,6282.62,55.876,65.922,0
3086,123,86.264,4.653,316.597,5127.23,57.853,45.73,1
3087,123,92.316,6.292,307.972,8757.672,73.539,39.713,0
3088,123,91.221,5.663,321.0,6710.97,57.011,82.862,0
3089,123,88.478,4.996,307.106,5479.092,57.778,65.099,0
3090,123,83.355,3.769,300.735,3053.239,58.46,72.107,0
3091,123,80.39,3.413,321.601,796.06,53.572,48.003,0
3092,123,89.51,4.078,340.948,4959.482,52.959,72.425,0
3093,123,96.378,5.556,330.9,8803.304,56.006,55.861,0
3094,123,90.221,4.289,318.809,6753.404,48.412,33.729,0
3095,123,80.486,3.962,315.275,3677.451,36.446,51.375,0
3096,123,79.467,3.339,296.949,365.839,61.2,45.482,0
3097,123,85.643,3.179,305.925,2933.248,60.106,51.3,0
3098,123,88.521,5.444,353.88,6820.023,64.981,40.592,0
3099,123,94.359,5.844,335.396,8994.975,59.677,42.688,0
3100,124,79.487,2.259,327.822,1237.684,25.364,64.209,0
3101,124,82.249,2.81,334.812,1725.734,42.051,70.67,0
3102,124,87.494,4.882,299.617,7165.666,35.361,63.445,0
3103,124,83.589,2.634,331.308,669.964,32.72,59.637,0
3104,124,87.563,4.503,327.441,6092.456,38.094,66.395,0
3105,124,84.422,4.567,321.675,6850.21,25.651,61.903,0
3106,124,83.427,3.543,312.981,2216.685,32.329,49.51,0
3107,124,84.734,4.492,352.903,4050.345,37.43,77.246,0
3108,124,89.444,3.927,335.395,7306.538,29.074,54.138,0
3109,124,88.278,4.779,342.073,7897.91,29.705,60.568,1
3110,124,85.077,5.285,322.046,5292.109,32.52,47.442,0
3111,124,89.575,3.999,311.909,7001.116,31.03,65.905,0
3112,124,79.272,2.793,307.561,804.9,27.756,57.573,0
3113,124,87.24,3.993,306.318,5211.149,34.119,55.737,0
3114,124,85.353,4.047,306.131,6094.351,27.143,74.815,0
3115,124,83.282,3.828,304.468,2911.913,34.94,72.189,0
3116,124,79.14,2.157,328.106,127.537,40.296,58.384,0
3117,124,91.445,5.707,345.808,8957.383,39.782,52.527,0
3118,124,86.772,3.482,312.169,4032.72,40.014,60.667,0
3119,124,85.265,2.676,342.003,4131.859,38.4,52.2,0
3120,124,84.355,3.702,313.123,3169.522,24.691,49.827,0
3121,124,88.295,3.149,308.811,3720.142,31.073,62.153,0
3122,124,76.716,2.193,305.87,1082.817,35.454,70.603,0
3123,124,85.321,3.772,321.844,4414.004,38.969,60.458,0
3124,124,86.202,4.389,290.429,6255.855,33.059,45.561,0
3125,125,91.014,6.588,327.753,6796.284,78.9,38.035,0
3126,125,84.164,4.139,298.641,2404.857,85.902,60.017,0
3127,125,91.525,7.94,335.163,8654.071,76.601,53.866,1
3128,125,92.556,6.047,303.665,5483.06,74.443,78.665,1
3129,125,86.603,5.509,327.83,5327.599,81.608,67.554,1
3130,125,93.092,6.338,293.106,8891.716,93.758,70.683,0
3131,125,79.126,4.782,305.688,179.785,84.07,50.481,0
3132,125,79.091,4.371,326.591,822.125,69.267,74.889,0
3133,125,86.639,5.115,316.748,2971.159,87.097,51.682,0
3134,125,87.44,5.841,317.243,4953.257,61.358,65.375,0
3135,125,91.949,6.295,293.083,6980.875,83.646,69.645,0
3136,125,89.422,6.445,299.246,7709.089,80.958,72.024,1
3137,125,82.634,4.837,326.669,2250.199,81.291,70.06,0
3138,125,93.233,6.306,328.257,7468.985,84.186,38.099,1
3139,125,91.053,6.589,314.982,7547.895,87.678,66.171,0
3140,125,88.333,5.757,324.051,6095.17,83.431,38.31,0
3141,125,89.762,5.942,303.596,5966.335,81.116,49.633,0
3142,125,85.482,4.595,314.923,1782.184,76.231,77.528,0
3143,125,81.193,5.267,296.579,3794.198,80.866,68.849,0
3144,125,88.41,6.285,330.46,6389.517,82.612,49.702,1
3145,125,80.733,4.304,327.729,1512.574,84.37,67.331,0
3146,125,87.856,5.953,343.968,5698.191,81.206,48.24,0
3147,125,92.053,7.163,329.592,7611.629,81.682,60.657,1
3148,125,82.23,5.435,309.392,4479.324,86.772,55.658,0
3149,125,84.799,6.478,329.705,5825.434,80.309,61.038,0
3150,126,83.1,3.587,326.535,2981.309,88.022,73.352,0
3151,126,86.014,3.593,312.048,4450.606,84.627,32.613,0
3152,126,81.878,2.745,310.955,1815.874,87.345,66.717,0
3153,126,85.434,2.99,347.362,2607.413,84.193,45.576,0
3154,126,84.124,3.891,307.065,3770.153,85.357,29.305,0
3155,126,98.242,4.529,327.511,7532.027,85.949,73.021,1
3156,126,91.839,4.264,327.528,7607.401,91.039,48.891,0
3157,126,86.735,3.913,338.65,3974.746,97.924,56.231,0
3158,126,90.298,3.767,303.285,5418.622,100.0,66.509,0
3159,126,88.024,3.203,328.297,3631.764,76.427,40.827,0
3160,126,92.894,4.015,325.905,4976.329,89.95,67.07,0
3161,126,87.758,4.309,294.909,3869.682,82.416,71.45,0
3162,126,84.856,2.717,298.866,240.186,81.406,53.201,0
3163,126,82.994,2.932,320.607,1718.359,84.326,69.471,0
3164,126,83.585,3.024,297.866,1614.904,77.457,53.558,0
3165,126,86.287,3.024,299.518,4243.36,86.052,50.55,0
3166,126,83.869,2.35,320.962,256.57,82.944,66.503,1
3167,126,87.903,3.11,316.89,3899.326,100.0,51.176,0
3168,126,96.141,4.774,319.847,8826.029,94.051,55.027,0
3169,126,93.398,5.21,301.58,8496.054,87.523,52.528,0
3170,126,91.23,5.115,319.233,5492.667,89.347,65.627,0
3171,126,89.826,4.494,292.341,7571.849,82.812,45.778,1
3172,126,100.835,5.382,304.371,8871.396,97.517,68.022,0
3173,126,98.025,4.145,310.539,8969.044,92.126,65.679,0
3174,126,90.923,4.692,327.03,8024.971,89.012,52.829,0
3175,127,76.337,4.792,312.499,4597.729,60.781,88.48,0
3176,127,69.354,3.832,328.481,1240.494,60.679,73.476,0
3177,127,69.071,3.62,311.821,1808.27,59.1,60.696,0
3178,127,71.383,3.293,310.812,974.64,61.058,70.715,0
3179,127,72.656,5.186,296.375,5723.09,51.601,55.586,0
3180,127,79.324,5.769,304.374,8551.064,56.38,27.999,0
3181,127,74.635,5.039,321.033,4633.685,52.385,77.656,0
3182,127,75.861,4.763,309.692,3567.434,52.495,61.256,0
3183,127,79.681,6.068,322.802,8668.89,47.198,69.916,0
3184,127,77.952,6.695,325.522,7458.424,51.306,82.108,0
3185,127,69.634,3.06,322.514,1431.675,55.894,55.249,0
3186,127,77.52,5.831,298.713,7882.403,60.329,69.268,1
3187,127,75.553,4.756,294.833,4461.787,52.36,79.541,0
3188,127,74.661,4.667,310.257,4247.812,54.103,67.798,0
3189,127,68.983,3.589,324.568,1283.6,57.746,62.129,0
3190,127,69.01599999999999,4.257,315.123,1483.487,52.339,83.975,0
3191,127,81.165,6.094,344.08,7911.4,57.275,62.024,0
3192,127,68.354,3.746,327.272,615.824,54.635,77.781,0
3193,127,67.593,2.967,309.264,1645.915,63.486,57.111,0
3194,127,75.276,5.342,307.258,5748.161,49.434,70.57,0
3195,127,82.63,5.752,312.305,8728.243,55.877,57.205,1
3196,127,65.208,3.45,337.891,323.955,49.212,49.066,0
3197,127,77.867,5.334,312.698,7079.279,46.976,42.31,0
3198,127,74.462,4.763,319.316,3020.537,51.839,43.035,0
3199,127,79.177,5.763,310.316,7773.643,52.315,45.16,0
3200,128,80.925,3.965,309.46,4861.922,46.208,37.738,0
3201,128,86.095,6.493,300.832,7355.363,60.791,39.54,0
3202,128,78.616,4.009,311.023,1939.907,50.167,66.256,0
3203,128,78.927,4.324,337.266,3630.588,55.808,60.933,0
3204,128,76.975,4.426,315.412,4173.042,50.476,53.585,0
3205,128,88.192,4.573,289.669,5362.304,47.742,71.07,1
3206,128,80.801,4.176,317.144,4267.836,53.935,51.505,0
3207,128,74.44,2.682,318.516,895.229,60.684,66.69,0
3208,128,79.531,3.856,319.708,2075.572,39.308,37.773,0
3209,128,76.063,2.955,311.208,291.565,62.858,48.307,0
3210,128,87.985,5.704,343.181,7775.99,52.784,31.611,0
3211,128,88.786,6.035,312.227,8425.317,62.669,75.827,0
3212,128,82.4,3.586,333.196,4797.741,45.272,75.052,0
3213,128,74.948,3.838,307.472,1201.392,53.773,70.384,0
3214,128,74.2,3.266,283.169,376.877,54.608,80.523,0
3215,128,89.086,5.707,313.322,8639.236,55.922,53.113,0
3216,128,77.622,3.977,312.749,1777.267,68.768,49.514,0
3217,128,78.035,3.976,335.18,1386.149,56.319,52.003,0
3218,128,83.856,6.307,304.791,7841.795,53.895,43.848,0
3219,128,82.191,3.954,309.376,3419.391,45.018,72.153,0
3220,128,82.027,4.606,305.839,5207.72,36.373,69.496,0
3221,128,82.877,4.155,291.041,3115.902,61.122,59.743,0
3222,128,77.767,3.479,335.804,1556.216,52.442,77.27,0
3223,128,88.33,5.119,338.074,8415.491,58.04,39.895,1
3224,128,78.046,3.888,301.427,2446.595,61.344,58.404,0
3225,129,83.48,6.696,322.296,6281.05,87.587,59.537,1
3226,129,90.737,7.536,315.028,8976.555,100.0,65.788,1
3227,129,84.478,8.406,330.532,8208.761,97.697,58.275,1
3228,129,80.546,6.772,318.708,5478.179,79.652,67.822,1
3229,129,78.916,7.38,316.312,5781.211,89.97,49.273,0
3230,129,77.549,4.544,312.294,1819.81,99.762,52.701,0
3231,129,75.648,5.81,309.45,3039.518,85.427,76.381,0
3232,129,79.338,6.13,315.349,5726.424,83.442,45.072,0
3233,129,81.634,5.809,310.84,4131.815,92.468,68.572,0
3234,129,77.116,5.202,329.583,2898.565,90.423,62.024,0
3235,129,81.971,7.023,317.295,7018.263,88.232,50.157,0
3236,129,81.248,6.985,326.967,6062.865,91.761,58.558,0
3237,129,75.433,6.088,318.201,3136.387,100.0,61.685,0
3238,129,83.826,8.263,302.649,8122.496,96.715,46.961,1
3239,129,72.367,4.728,327.338,620.284,94.259,62.512,0
3240,129,74.257,5.789,318.357,2380.437,85.417,68.292,0
3241,129,78.909,6.387,317.251,5742.371,85.689,45.259,0
3242,129,70.342,4.878,316.828,627.203,77.276,40.768,0
3243,129,80.679,7.821,298.494,7246.695,92.652,66.695,1
3244,129,83.374,7.098,316.085,3109.941,84.042,60.697,1
3245,129,78.699,7.464,304.477,5427.963,92.908,36.513,1
3246,129,69.092,5.243,327.088,639.686,94.803,65.614,0
3247,129,74.163,5.014,315.114,1678.077,97.631,55.82,0
3248,129,79.427,7.162,335.434,4272.512,87.628,50.214,0
3249,129,85.857,8.136,314.607,7314.519,94.202,53.115,1
3250,130,79.692,4.634,312.586,6544.653,54.643,45.849,0
3251,130,77.054,4.999,308.063,5445.402,40.881,59.29,0
3252,130,67.97800000000001,3.59,326.034,1440.35,41.524,41.171,0
3253,130,81.583,4.242,311.922,3574.184,57.567,46.963,0
3254,130,76.8,4.131,290.226,2906.172,43.298,54.729,0
3255,130,73.229,4.159,310.8,2277.515,48.473,58.769,0
3256,130,75.586,4.236,333.728,2328.925,42.09,44.714,0
3257,130,78.547,5.087,344.665,6323.311,51.656,57.954,0
3258,130,79.794,4.409,303.442,5960.43,44.084,69.4,0
3259,130,73.661,3.578,334.583,2115.646,42.663,53.384,0
3260,130,79.547,4.66,339.113,7235.353,46.894,56.184,0
3261,130,76.377,4.948,301.629,5699.276,42.979,67.788,0
3262,130,81.389,5.478,328.211,8944.288,47.404,56.796,0
3263,130,77.672,3.68,318.41,5809.929,48.028,66.249,0
3264,130,81.163,4.498,321.055,4932.052,53.868,65.259,0
3265,130,77.96,4.13,304.038,4929.746,44.358,83.628,0
3266,130,70.073,3.63,323.813,1621.547,42.515,55.562,0
3267,130,76.547,3.762,319.48,2117.694,40.819,54.906,0
3268,130,74.495,4.348,301.216,3138.515,49.831,70.549,0
3269,130,79.381,5.975,297.742,7746.049,54.909,37.805,0
3270,130,68.57300000000001,3.273,346.555,794.838,48.945,66.54,0
3271,130,80.553,5.1,311.76,7117.794,30.794,64.322,0
3272,130,80.634,5.655,304.295,4795.823,46.435,60.383,0
3273,130,76.17,3.914,316.811,2974.335,43.313,53.536,0
3274,130,81.883,5.098,327.306,7471.396,40.052,64.21,0
3275,131,78.284,6.565,334.827,2469.304,61.263,67.47,0
3276,131,85.9,7.246,318.543,6183.535,61.187,84.607,1
3277,131,79.832,5.853,333.771,1100.833,53.022,65.14,0
3278,131,76.547,5.79,317.22,226.369,50.004,59.403,0
3279,131,78.182,6.178,320.772,2931.746,45.182,59.097,0
3280,131,75.272,5.503,311.739,472.461,57.718,56.038,0
3281,131,77.778,7.304,305.889,4221.606,54.255,50.542,0
3282,131,79.422,6.755,335.441,4836.911,59.113,52.42,1
3283,131,88.888,8.053,294.589,7381.361,50.475,62.557,0
3284,131,88.338,9.616,311.961,8404.121,48.867,43.09,1
3285,131,88.696,8.011,312.485,7557.469,51.961,47.049,0
3286,131,84.236,7.07,312.456,4376.401,53.06,46.24,0
3287,131,85.486,7.621,307.247,7087.08,59.156,49.144,0
3288,131,83.536,8.074,287.01,6716.674,60.931,39.411,0
3289,131,73.508,6.132,312.847,1379.848,53.337,73.935,0
3290,131,78.283,7.009,312.077,2839.709,62.618,40.137,0
3291,131,81.244,7.807,322.214,4718.99,56.101,54.565,0
3292,131,84.637,6.913,300.604,3512.483,53.018,73.826,0
3293,131,91.834,8.247,323.778,6371.72,54.665,66.181,1
3294,131,87.57,8.728,287.953,8056.685,57.533,57.325,0
3295,131,87.605,8.045,315.498,8445.854,54.722,60.665,0
3296,131,93.97,8.257,332.051,8959.072,60.552,68.45,0
3297,131,85.754,7.705,322.221,5793.972,59.384,67.808,0
3298,131,76.031,6.846,311.218,3182.005,57.787,52.359,0
3299,131,80.774,6.543,305.064,2215.599,56.045,80.738,0
3300,132,87.71,5.22,307.217,7043.794,86.239,74.9,0
3301,132,84.045,3.664,301.454,3852.791,82.702,41.784,0
3302,132,88.814,4.336,339.221,5509.665,81.294,59.513,0
3303,132,90.193,5.687,330.767,7614.482,84.35,56.801,0
3304,132,86.866,3.823,331.427,4976.833,88.573,69.528,0
3305,132,88.087,5.029,321.366,5307.627,76.032,57.643,0
3306,132,77.831,3.28,348.872,319.519,75.947,63.247,0
3307,132,85.69,4.21,331.806,5074.306,76.117,61.612,0
3308,132,78.7,2.656,335.48,1217.947,85.587,65.394,0
3309,132,78.155,3.165,334.337,1911.43,75.693,51.934,0
3310,132,86.57,5.203,306.891,5680.312,86.055,72.593,0
3311,132,87.452,4.039,322.971,5307.909,66.845,68.645,0
3312,132,93.08,5.132,320.916,7620.716,76.495,63.951,0
3313,132,80.418,2.795,318.294,3727.977,81.072,61.571,0
3314,132,85.12,4.45,335.28,4786.306,81.356,51.943,0
3315,132,80.793,2.834,342.614,2285.862,75.363,34.638,0
3316,132,86.467,4.696,303.622,4644.847,73.62,47.524,0
3317,132,77.987,3.092,297.76,591.178,80.283,53.743,0
3318,132,90.552,4.721,304.954,5124.936,78.998,56.293,0
3319,132,79.71,2.34,313.811,737.614,80.687,59.658,0
3320,132,81.501,2.519,307.254,2145.744,83.208,51.052,0
3321,132,80.592,3.457,348.12,2557.345,70.89,52.281,0
3322,132,82.432,3.173,347.406,2390.414,86.09,44.655,1
3323,132,94.758,5.389,332.029,7819.198,83.004,79.901,1
3324,132,83.82,4.558,307.292,3712.839,75.564,61.322,0
3325,133,93.765,5.595,312.55,8429.145,63.307,71.26,0
3326,133,86.431,5.534,305.971,6148.243,50.412,62.075,0
3327,133,91.423,5.904,300.755,7948.054,68.768,61.183,0
3328,133,83.044,4.864,316.327,2734.504,50.154,44.503,0
3329,133,80.231,3.282,319.368,1451.142,53.487,60.149,0
3330,133,88.31,5.441,330.274,5298.205,53.025,39.12,1
3331,133,89.96,7.141,290.703,8870.445,59.545,46.752,1
3332,133,87.94,5.276,320.742,5308.156,51.202,47.107,1
3333,133,94.194,6.209,326.748,7973.337,56.665,78.407,1
3334,133,87.36,6.154,334.553,8293.23,58.855,51.493,0
3335,133,89.836,6.108,323.29,7394.953,62.957,59.517,0
3336,133,85.515,3.078,313.859,2357.549,60.683,73.729,0
3337,133,80.278,3.771,314.602,525.044,51.16,30.848,0
3338,133,89.082,5.496,327.648,5659.832,50.098,61.454,0
3339,133,80.011,4.744,297.111,1827.107,46.223,74.535,0
3340,133,87.357,5.772,318.092,6040.615,57.85,38.224,0
3341,133,90.176,5.93,326.635,8160.12,56.335,57.517,0
3342,133,89.879,7.548,310.801,8075.324,54.286,83.372,0
3343,133,96.601,5.724,325.248,8746.778,59.92,60.548,1
3344,133,87.361,4.425,339.261,3884.386,61.18,59.159,0
3345,133,87.612,5.267,328.129,5038.591,57.242,39.346,0
3346,133,88.203,5.805,319.036,6962.914,66.297,76.956,0
3347,133,76.025,4.508,320.274,318.732,63.224,72.119,0
3348,133,85.456,4.856,295.093,5190.493,49.106,46.27,1
3349,133,92.905,6.135,345.015,8009.641,60.758,70.405,1
3350,134,88.279,3.529,313.592,2453.492,82.727,77.055,0
3351,134,79.812,2.979,319.699,352.754,95.859,48.383,0
3352,134,92.617,5.413,314.722,6332.077,100.0,62.339,0
3353,134,93.847,5.487,320.662,8963.004,97.111,47.58,0
3354,134,98.502,5.448,308.458,8164.43,79.301,43.096,0
3355,134,83.745,3.826,330.662,3504.406,90.589,51.186,0
3356,134,84.915,3.77,327.526,2870.444,91.78,60.182,0
3357,134,90.135,3.686,332.149,4327.122,96.325,69.434,0
3358,134,81.568,2.564,325.215,1095.49,87.8,47.849,0
3359,134,87.058,4.687,304.116,4426.731,95.588,51.54,0
3360,134,94.807,5.535,319.358,7395.458,88.525,52.473,0
3361,134,84.305,3.758,312.768,2243.81,87.331,62.102,0
3362,134,91.298,6.094,305.077,7604.039,81.171,55.527,0
3363,134,84.978,3.923,294.136,3326.84,97.364,73.723,0
3364,134,86.444,2.716,301.971,1292.188,100.0,60.551,0
3365,134,92.792,4.729,306.468,5814.467,93.67,52.117,1
3366,134,83.91,3.256,325.029,187.875,87.241,46.967,0
3367,134,84.817,3.924,289.276,2968.141,97.751,66.055,0
3368,134,92.673,4.817,321.292,4788.023,94.586,60.712,0
3369,134,95.621,5.843,324.47,7681.268,97.535,78.014,0
3370,134,88.147,4.121,294.458,2157.132,87.454,62.519,0
3371,134,85.533,3.651,324.03,3051.969,100.0,74.103,0
3372,134,93.23,5.519,337.846,7684.181,89.525,46.628,0
3373,134,88.895,3.825,306.817,5052.124,81.027,39.193,0
3374,134,91.497,4.346,304.681,6670.216,95.393,77.004,0
3375,135,60.037,4.884,323.633,2470.129,98.619,41.657,0
3376,135,61.867,4.9,333.62,3839.941,96.217,72.824,0
3377,135,69.86,7.587,323.818,8439.518,100.0,55.297,0
3378,135,61.965,4.416,321.181,2572.599,100.0,68.502,0
3379,135,70.084,7.173,333.247,8689.555,100.0,72.894,0
3380,135,67.777,5.65,335.793,4994.854,100.0,51.588,0
3381,135,66.22399999999999,5.513,306.45,3808.903,100.0,77.19,0
3382,135,64.892,4.862,309.353,2834.085,96.988,64.833,0
3383,135,66.06700000000001,5.731,301.879,5167.405,100.0,53.834,0
3384,135,58.147,3.643,321.964,1169.909,91.532,46.661,0
3385,135,66.86699999999999,5.979,328.172,6672.319,97.338,84.125,0
3386,135,63.282,5.804,304.505,4594.31,99.583,76.896,0
3387,135,60.135,5.679,271.223,3996.856,94.286,54.003,0
3388,135,69.924,7.033,313.084,8072.538,99.69,45.821,0
3389,135,62.291,4.702,298.81,1865.453,100.0,71.865,0
3390,135,58.503,4.944,329.575,1548.853,96.669,68.968,0
3391,135,66.791,5.815,332.528,4633.727,93.421,82.342,0
3392,135,61.117,4.043,309.469,281.089,100.0,46.063,0
3393,135,68.257,7.317,319.254,8593.481,100.0,46.232,1
3394,135,64.208,6.223,298.999,5281.549,100.0,58.517,0
3395,135,61.51,3.266,326.369,174.109,98.789,54.466,0
3396,135,58.145,3.288,296.92,1378.101,100.0,52.369,0
3397,135,54.186,3.537,305.491,62.534,100.0,63.36,0
3398,135,71.262,5.776,313.662,5107.157,100.0,48.46,0
3399,135,66.663,4.968,335.017,5568.42,94.689,53.588,0
3400,136,90.884,4.271,316.052,4318.277,35.892,64.689,0
3401,136,94.271,4.12,321.373,4682.706,29.891,61.791,0
3402,136,91.817,4.323,354.792,5838.666,27.742,64.99,0
3403,136,99.13,5.202,322.19,8619.018,21.224,61.619,0
3404,136,90.039,4.21,298.843,2629.5,35.389,41.191,0
3405,136,95.468,4.615,316.679,7746.284,41.158,51.598,0
3406,136,89.929,4.312,319.541,3033.533,28.026,66.315,0
3407,136,91.514,3.019,330.065,3124.87,37.996,67.707,0
3408,136,98.586,4.903,309.985,6736.872,37.51,53.225,1
3409,136,97.595,5.377,309.078,7002.356,32.523,55.299,1
3410,136,94.0,4.355,302.36,6249.415,35.557,78.979,0
3411,136,99.666,5.524,305.393,7723.452,30.606,69.557,0
3412,136,96.355,5.067,294.924,6878.686,23.452,63.906,1
3413,136,95.917,4.499,317.625,4117.486,40.675,47.784,0
3414,136,83.224,2.663,330.995,832.647,19.008,65.631,0
3415,136,89.747,2.997,312.304,1633.73,26.628,56.943,0
3416,136,87.308,2.656,336.137,2291.802,25.137,51.127,0
3417,136,96.183,4.582,287.526,5027.57,35.52,44.016,0
3418,136,96.37,5.727,308.253,7477.066,32.469,50.861,0
3419,136,98.127,5.361,336.662,6805.49,34.87,61.855,1
3420,136,100.99,5.51,334.869,8277.683,21.48,66.704,0
3421,136,89.526,3.494,331.751,2661.348,26.072,60.479,0
3422,136,89.279,2.606,319.581,2417.821,29.345,64.286,0
3423,136,92.139,4.821,314.962,7670.869,25.141,61.682,0
3424,136,88.655,2.387,321.294,1468.417,37.908,42.125,0
3425,137,80.757,2.027,294.715,1684.297,66.457,61.866,0
3426,137,80.172,3.375,342.766,4401.601,71.288,36.855,0
3427,137,83.864,4.974,329.825,5991.053,67.327,82.568,0
3428,137,80.098,2.907,298.65,4068.131,70.758,47.89,0
3429,137,76.641,1.453,310.78,117.908,55.907,72.342,0
3430,137,80.532,3.573,345.662,4878.585,66.236,77.609,0
3431,137,86.982,4.187,315.121,7170.679,69.622,46.062,0
3432,137,74.169,1.733,337.254,854.154,57.489,59.135,0
3433,137,76.251,2.49,325.066,2695.046,60.421,47.983,0
3434,137,91.709,5.313,317.35,7798.056,69.05,51.542,0
3435,137,75.761,2.282,329.382,1197.732,78.002,52.066,0
3436,137,78.744,2.93,319.299,2466.736,79.037,66.693,0
3437,137,82.901,3.497,321.865,6350.862,68.863,53.269,0
3438,137,86.957,4.797,315.64,8115.26,66.011,83.375,1
3439,137,83.05,4.435,325.062,4595.904,63.172,46.751,0
3440,137,85.266,4.559,349.08,6474.349,76.191,80.313,1
3441,137,83.263,4.617,320.09,5074.491,70.228,51.056,0
3442,137,89.988,4.236,323.184,6532.683,66.449,66.361,0
3443,137,76.639,2.909,313.057,1844.607,70.266,71.123,0
3444,137,89.045,4.548,314.611,6479.069,71.604,60.861,0
3445,137,71.931,1.858,315.06,830.192,73.499,62.521,0
3446,137,83.655,4.789,335.293,6933.966,70.304,56.586,0
3447,137,92.122,4.53,316.128,8471.039,76.144,54.566,0
3448,137,79.168,2.536,335.852,2539.858,70.632,75.094,0
3449,137,83.708,3.028,320.959,3231.57,79.277,69.473,0
3450,138,68.544,4.706,300.244,2394.418,44.393,62.526,0
3451,138,74.32,4.215,311.963,2906.808,39.688,44.319,0
3452,138,81.066,6.321,316.19,7758.248,44.751,57.177,0
3453,138,75.899,4.182,330.737,3703.426,43.62,53.702,0
3454,138,76.889,5.101,325.546,4281.958,36.271,52.27,0
3455,138,75.53,5.702,317.559,5910.236,40.891,72.018,0
3456,138,79.427,6.278,300.636,7728.452,38.173,86.422,0
3457,138,74.007,4.653,290.429,4259.629,44.345,64.3,0
3458,138,78.06,5.561,328.993,7356.338,33.192,62.373,0
3459,138,82.602,6.81,322.754,8765.189,41.785,80.775,0
3460,138,68.17699999999999,3.804,290.924,1079.453,42.18,56.367,0
3461,138,68.97999999999999,3.824,330.718,1006.42,38.614,78.4,0
3462,138,77.962,6.504,322.388,7961.954,35.307,53.255,0
3463,138,74.58,5.048,317.499,3289.63,37.273,51.72,0
3464,138,67.763,3.697,337.408,1338.198,41.443,79.106,0
3465,138,82.401,7.114,324.204,8520.349,41.075,46.462,0
3466,138,76.316,5.055,299.867,4453.703,35.842,65.278,0
3467,138,71.643,3.541,273.354,1361.291,39.521,40.346,0
3468,138,77.631,5.189,307.21,4609.096,31.534,86.481,0
3469,138,71.648,4.946,316.788,3383.632,36.331,73.42,0
3470,138,71.5,4.743,328.054,3870.971,46.039,76.814,0
3471,138,72.285,3.282,319.008,1138.665,49.924,41.641,0
3472,138,68.269,3.78,322.025,851.696,44.274,47.238,0
3473,138,77.594,5.185,341.524,6496.933,36.339,56.361,0
3474,138,81.033,6.475,304.81,8249.249,44.614,48.85,0
3475,139,79.833,3.401,322.789,4023.825,65.523,53.297,0
3476,139,74.087,3.095,295.949,3135.616,80.143,68.846,0
3477,139,84.951,5.369,345.96,7335.64,68.343,57.212,0
3478,139,78.85,4.11,323.207,7211.585,73.598,64.059,0
3479,139,87.572,5.33,314.679,8508.429,64.087,42.659,0
3480,139,75.479,2.146,325.199,840.174,63.933,59.711,0
3481,139,76.585,2.298,306.789,2258.891,59.494,70.889,0
3482,139,88.436,4.809,299.107,8826.307,68.134,53.215,0
3483,139,75.989,3.277,324.191,2894.537,61.594,57.418,0
3484,139,76.998,3.021,306.667,3113.569,73.421,48.714,0
3485,139,77.6,4.153,310.653,4066.686,61.717,59.857,0
3486,139,77.947,3.027,300.258,2842.706,69.392,62.195,0
3487,139,70.504,1.187,328.895,65.675,67.906,51.582,0
3488,139,80.629,4.566,308.273,7466.218,82.097,59.573,0
3489,139,71.575,1.833,310.717,91.612,64.914,63.827,0
3490,139,70.686,1.017,323.985,97.506,74.824,46.741,0
3491,139,81.556,3.626,317.747,4967.645,70.666,45.267,0
3492,139,77.991,3.52,315.479,5158.535,61.678,56.691,0
3493,139,77.478,4.211,334.955,4492.155,71.399,40.205,0
3494,139,72.559,2.169,349.704,1401.511,69.421,65.98,0
3495,139,80.21,4.935,306.326,7496.554,71.785,60.317,0
3496,139,85.53,4.881,318.231,7401.595,73.555,62.543,0
3497,139,73.023,2.801,313.757,1836.068,70.883,36.494,0
3498,139,76.354,3.463,322.3,4929.506,64.397,67.149,0
3499,139,76.58,3.723,307.795,4925.492,56.519,66.586,0
3500,140,94.223,4.684,285.342,5917.689,50.232,44.802,0
3501,140,89.419,4.7,323.016,3568.184,58.889,54.327,0
3502,140,86.185,2.731,337.013,650.805,63.213,50.359,0
3503,140,94.53,5.566,309.389,7051.916,72.279,54.358,0
3504,140,94.934,5.395,324.004,5035.042,67.139,87.437,0
3505,140,97.971,5.445,325.66,7416.627,54.017,48.16,1
3506,140,92.015,4.629,321.348,2755.659,65.648,74.731,0
3507,140,95.249,4.985,307.159,5424.812,60.126,68.98,0
3508,140,88.72,4.19,324.492,1526.054,58.784,48.91,0
3509,140,96.525,5.944,310.126,6835.502,55.942,53.25,0
3510,140,94.474,5.028,354.098,4563.629,66.268,50.7,1
3511,140,88.858,3.942,326.683,2874.734,57.723,49.466,0
3512,140,96.892,5.118,336.516,6350.15,58.072,31.077,0
3513,140,92.101,3.698,301.605,4431.25,53.737,44.619,0
3514,140,88.946,3.269,298.172,1775.42,54.415,56.106,0
3515,140,89.966,4.353,312.46,2648.627,57.112,52.272,0
3516,140,95.078,4.24,324.502,4752.621,60.686,67.671,0
3517,140,96.33,5.264,354.051,7652.69,65.537,54.936,1
3518,140,92.0,5.012,324.957,3371.845,69.693,68.415,0
3519,140,99.025,5.261,328.292,5802.246,63.489,66.983,1
3520,140,99.909,6.869,325.72,8680.254,55.431,50.908,0
3521,140,92.174,4.197,293.961,4621.183,60.432,58.755,0
3522,140,86.707,3.646,317.432,126.388,70.397,51.917,0
3523,140,100.146,6.415,310.481,8552.419,66.756,43.075,0
3524,140,91.211,4.278,329.937,3418.747,52.977,53.738,0
3525,141,73.938,1.76,342.532,2172.703,30.886,55.255,0
3526,141,84.937,4.286,328.774,6864.259,34.684,57.247,0
3527,141,78.737,3.531,321.873,4606.98,30.131,49.775,0
3528,141,76.402,5.411,342.214,5143.303,31.124,53.392,0
3529,141,74.064,3.154,335.165,1919.865,21.773,63.507,0
3530,141,86.493,5.72,322.324,8775.389,21.265,55.699,0
3531,141,78.09,3.145,306.907,3205.087,18.584,56.933,0
3532,141,78.85,4.865,340.618,4314.697,36.499,62.822,0
3533,141,83.687,5.848,343.645,8939.97,39.932,42.255,0
3534,141,72.901,3.131,329.142,523.685,22.695,67.234,0
3535,141,84.885,5.063,326.044,6932.009,24.647,69.212,0
3536,141,80.864,5.458,292.176,8343.549,26.177,48.244,0
3537,141,74.801,2.599,297.626,3433.901,26.708,58.504,0
3538,141,71.817,3.354,337.06,1914.834,32.281,64.406,0
3539,141,78.141,3.644,313.562,3237.2,31.707,56.264,0
3540,141,79.626,3.212,335.422,3650.488,33.028,50.971,0
3541,141,74.516,2.777,314.509,732.703,32.75,63.452,0
3542,141,73.185,2.454,292.56,1147.337,33.049,53.983,0
3543,141,76.816,3.078,329.018,2600.128,34.659,71.666,0
3544,141,78.46,3.949,330.996,5631.337,34.701,43.004,0
3545,141,74.368,3.23,325.872,1927.779,29.561,58.553,0
3546,141,80.576,4.814,330.808,7256.707,27.776,50.535,0
3547,141,78.459,3.932,304.329,6529.936,31.671,42.781,0
3548,141,75.74,3.741,337.961,4664.787,32.167,61.01,0
3549,141,74.053,3.877,326.96,2406.981,25.657,43.886,0
3550,142,96.236,2.973,333.749,3728.678,68.385,48.178,0
3551,142,94.771,2.351,300.472,909.386,65.231,75.56,0
3552,142,100.666,3.979,298.585,5851.73,55.383,50.948,0
3553,142,98.459,3.214,311.251,3574.356,66.036,69.763,0
3554,142,94.502,2.346,322.256,2107.923,65.24,54.85,0
3555,142,94.973,2.638,321.275,2683.532,63.164,53.782,0
3556,142,93.627,2.144,335.014,1364.048,62.875,60.767,0
3557,142,91.255,1.823,319.144,1299.653,69.239,43.972,0
3558,142,98.091,3.52,333.961,4428.994,60.87,59.079,0
3559,142,98.516,2.86,320.956,3224.429,60.317,61.307,0
3560,142,96.649,2.957,314.9,4087.098,53.075,42.127,0
3561,142,104.899,4.23,292.326,5445.93,70.645,41.799,0
3562,142,103.161,5.51,320.642,8574.591,59.917,48.092,0
3563,142,93.913,1.894,319.225,236.173,66.216,72.465,0
3564,142,98.768,3.87,337.261,5433.951,60.767,51.886,0
3565,142,98.981,4.533,322.533,6607.103,68.288,63.037,0
3566,142,101.154,2.98,285.926,5314.767,54.706,57.223,0
3567,142,100.52,2.576,309.094,5455.9,62.095,58.598,0
3568,142,102.317,3.812,323.167,5947.414,61.442,66.226,0
3569,142,95.732,3.896,305.577,5753.5,60.3,66.958,0
3570,142,94.907,1.875,299.559,707.452,59.686,45.421,0
3571,142,100.075,4.703,322.447,8581.558,65.925,56.853,0
3572,142,103.145,5.71,326.487,7774.004,67.97,68.025,0
3573,142,105.599,4.651,327.353,7210.224,51.303,56.95,1
3574,142,109.75,4.98,286.634,8846.947,62.695,71.089,0
3575,143,88.725,5.903,289.736,8962.156,52.543,76.829,0
3576,143,92.881,5.261,291.933,8274.772,62.911,47.726,1
3577,143,88.184,3.529,356.836,5538.022,65.772,53.994,0
3578,143,81.656,2.893,315.463,2474.646,56.488,56.221,0
3579,143,79.292,2.597,327.588,3387.292,58.634,48.912,0
3580,143,91.524,4.804,346.557,8674.099,72.786,65.719,0
3581,143,90.12,5.422,337.88,8565.453,64.722,62.378,0
3582,143,75.695,2.921,330.701,384.67,59.156,56.98,0
3583,143,82.196,1.566,316.778,993.894,74.772,63.298,0
3584,143,80.976,2.321,325.902,1765.449,53.343,47.261,0
3585,143,84.702,3.544,327.846,4493.422,56.482,62.659,0
3586,143,86.57,4.48,326.238,6677.106,60.691,70.155,1
3587,143,91.369,4.279,323.092,7665.589,55.459,59.805,0
3588,143,88.573,3.51,313.224,5130.261,67.501,68.435,0
3589,143,81.197,3.126,333.042,2475.821,72.325,65.753,0
3590,143,87.211,3.385,344.242,4021.13,71.608,52.105,0
3591,143,82.89,2.604,333.292,3324.378,54.077,37.668,0
3592,143,86.666,3.588,318.559,4697.836,61.103,60.936,0
3593,143,85.812,4.024,296.871,5785.631,59.415,55.425,0
3594,143,80.191,2.052,335.675,3029.271,61.954,49.238,0
3595,143,87.65,3.25,334.726,4496.376,59.803,79.533,0
3596,143,77.972,1.964,317.723,391.997,45.214,87.088,0
3597,143,87.12,3.456,304.272,4496.923,61.317,69.238,0
3598,143,79.574,3.101,307.952,2234.284,63.174,53.938,0
3599,143,77.067,2.03,323.62,1942.828,50.859,51.17,0
3600,144,80.834,5.339,331.479,8679.755,55.714,32.686,0
3601,144,79.603,5.38,331.666,6333.546,58.699,53.007,0
3602,144,74.899,5.238,325.952,5779.966,66.001,78.001,0
3603,144,67.743,3.504,320.624,251.598,57.65,59.791,0
3604,144,73.791,3.801,315.221,5524.817,68.502,65.896,0
3605,144,67.952,3.617,322.559,1356.543,60.781,68.367,0
3606,144,79.553,4.684,334.976,5699.412,56.0,76.569,0
3607,144,73.887,4.03,320.922,5064.913,59.93,61.778,0
3608,144,69.245,3.63,304.748,2789.879,45.801,46.84,0
3609,144,73.975,3.916,336.937,5550.048,51.387,53.214,0
3610,144,82.097,5.229,317.49,8026.758,53.386,51.92,0
3611,144,77.084,5.438,303.223,6008.833,58.035,58.669,0
3612,144,64.812,3.502,331.226,176.869,52.946,72.579,0
3613,144,72.005,3.869,321.72,2632.698,60.974,48.187,0
3614,144,77.72,3.752,315.009,4237.823,64.19,62.719,0
3615,144,73.811,3.935,307.449,5732.613,56.18,46.611,0
3616,144,66.941,3.08,300.55,1413.073,55.998,62.745,0
3617,144,66.33500000000001,2.616,329.921,153.442,50.339,49.968,0
3618,144,68.71600000000001,2.448,319.058,264.293,71.011,60.59,0
3619,144,71.604,5.214,326.501,4947.951,54.13,47.942,0
3620,144,69.59700000000001,4.588,330.679,2584.152,57.661,51.009,0
3621,144,67.92699999999999,3.805,344.478,1829.268,56.069,84.488,0
3622,144,79.276,5.987,317.892,7747.281,52.004,68.701,0
3623,144,77.546,4.495,318.16,6109.615,45.872,62.727,0
3624,144,79.992,4.867,289.303,7364.161,40.949,49.935,0
3625,145,89.295,5.206,337.156,7158.007,63.834,48.594,0
3626,145,82.169,3.88,331.035,2752.306,68.171,40.986,0
3627,145,77.989,3.122,330.664,1004.678,61.345,44.686,0
3628,145,74.089,2.54,305.352,150.621,67.962,63.357,0
3629,145,73.041,3.321,295.087,1634.413,71.581,55.248,0
3630,145,88.431,5.903,311.689,7959.844,62.983,65.11,0
3631,145,74.213,2.684,312.3,301.712,71.524,59.662,0
3632,145,76.8,4.777,327.172,2335.231,67.529,46.85,0
3633,145,74.293,3.23,301.819,87.216,75.2,54.711,0
3634,145,86.288,5.327,344.856,7361.351,65.806,38.589,0
3635,145,79.905,3.459,309.648,2748.91,64.465,43.842,0
3636,145,80.314,4.544,290.697,6188.385,70.473,77.44,0
3637,145,77.388,4.067,343.511,2935.895,64.635,41.847,0
3638,145,82.432,4.591,305.771,4364.675,69.67,65.441,0
3639,145,76.989,3.683,323.184,2382.388,73.065,34.025,0
3640,145,83.974,4.304,322.7,6717.51,65.959,71.159,0
3641,145,83.758,3.98,343.544,3757.564,73.496,69.31,0
3642,145,83.626,3.214,349.864,3895.644,67.387,61.839,0
3643,145,84.049,5.199,318.794,5348.647,64.397,44.769,0
3644,145,92.477,5.773,320.071,8998.948,63.993,53.684,0
3645,145,85.365,5.06,309.324,6460.641,78.239,59.199,0
3646,145,84.219,5.261,311.673,7120.469,72.308,69.855,0
3647,145,83.98,4.071,354.457,4341.286,72.178,31.506,0
3648,145,80.417,4.087,315.028,2989.54,68.705,70.566,0
3649,145,80.757,4.82,306.93,5267.278,78.063,51.981,0
3650,146,82.505,6.096,324.271,7305.872,39.656,61.165,0
3651,146,79.678,3.272,321.847,2467.084,40.62,70.827,0
3652,146,79.217,5.153,325.155,5719.719,38.094,79.221,0
3653,146,79.502,3.942,327.24,3166.744,27.754,34.705,0
3654,146,82.822,5.385,327.726,7718.651,45.674,47.78,0
3655,146,73.398,4.072,320.771,2857.888,29.972,83.399,0
3656,146,76.828,4.632,317.891,4027.237,32.779,48.525,0
3657,146,79.361,5.36,330.406,6689.814,49.818,56.287,0
3658,146,71.681,3.247,328.159,2669.879,37.242,53.136,0
3659,146,72.822,3.176,295.949,1141.581,39.735,79.167,0
3660,146,69.13,3.852,321.665,1517.573,49.554,21.922,0
3661,146,82.817,4.844,327.237,7862.103,51.982,77.155,0
3662,146,81.489,5.378,290.034,5552.065,41.858,41.851,1
3663,146,70.707,3.216,310.282,579.876,42.493,54.094,0
3664,146,83.249,6.217,308.159,8751.968,56.27,73.383,0
3665,146,79.876,3.988,318.591,3577.747,41.541,51.671,0
3666,146,73.33,3.378,339.583,1288.915,47.59,48.353,0
3667,146,82.652,5.789,299.209,6796.219,41.014,74.085,0
3668,146,81.052,6.176,320.282,7707.96,43.359,67.917,0
3669,146,84.049,5.676,332.949,8874.7,54.305,71.352,0
3670,146,83.15,5.344,339.807,7274.264,44.075,45.409,0
3671,146,80.467,4.765,302.567,6579.114,40.638,77.714,0
3672,146,89.239,5.877,299.506,8870.609,30.243,56.152,0
3673,146,75.057,3.507,327.104,1126.692,33.061,45.047,0
3674,146,74.636,2.655,332.535,885.302,36.508,51.34,0
3675,147,81.14,4.598,300.286,8852.359,41.169,69.995,0
3676,147,72.155,2.222,306.741,13.644,22.967,59.275,0
3677,147,74.25,2.267,317.639,645.191,39.282,54.936,0
3678,147,83.445,4.71,329.933,6186.57,29.129,75.215,0
3679,147,79.008,3.956,320.186,4633.1,29.328,53.645,0
3680,147,81.371,3.935,302.957,5091.796,30.071,54.339,0
3681,147,83.69,3.786,340.499,5803.885,21.491,53.462,0
3682,147,80.064,4.295,317.129,5795.802,40.458,57.61,0
3683,147,78.288,4.88,294.709,7136.529,29.082,56.523,0
3684,147,84.32,4.558,281.844,7004.809,34.697,57.028,0
3685,147,86.227,4.974,321.434,7812.582,38.068,64.605,0
3686,147,73.761,2.598,353.284,1121.74,28.256,57.706,0
3687,147,85.742,4.724,334.689,7067.559,23.173,42.55,0
3688,147,80.421,3.621,330.34,3344.593,37.16,62.955,0
3689,147,76.563,3.111,314.013,2666.194,29.565,74.214,0
3690,147,73.108,2.565,329.687,1828.971,39.545,30.7,0
3691,147,74.506,3.022,306.892,1405.382,27.312,53.208,0
3692,147,77.5,3.659,328.143,4304.196,36.145,60.411,0
3693,147,79.777,4.424,294.083,6167.77,28.64,69.527,0
3694,147,82.448,3.738,323.092,6322.134,29.896,58.842,0
3695,147,87.579,5.062,311.119,8878.997,37.809,62.716,0
3696,147,71.067,1.27,342.417,484.176,27.197,75.544,0
3697,147,81.866,3.092,313.752,4903.327,24.004,39.426,0
3698,147,86.329,4.461,341.82,6077.881,42.15,64.028,0
3699,147,76.974,2.927,313.35,942.027,30.113,64.154,0
3700,148,93.422,6.093,300.594,6530.96,66.806,57.55,1
3701,148,83.128,4.911,304.764,5604.26,74.763,62.977,0
3702,148,85.128,2.633,327.992,1114.778,72.9,73.212,0
3703,148,97.341,5.74,323.252,8321.144,78.332,60.893,0
3704,148,94.651,5.968,303.165,8969.436,75.673,55.261,1
3705,148,79.623,2.697,315.429,539.965,74.137,47.385,0
3706,148,79.894,3.742,325.028,1654.215,68.645,52.933,0
3707,148,79.77,4.073,306.46,204.886,75.49,83.556,0
3708,148,82.992,3.926,290.956,3322.993,81.121,61.661,0
3709,148,83.24,2.381,317.168,2030.131,70.217,47.893,0
3710,148,88.225,4.114,311.042,3847.286,74.074,65.665,0
3711,148,90.658,5.275,322.895,6055.137,68.589,57.631,0
3712,148,87.748,3.586,321.23,3841.699,64.003,58.662,0
3713,148,86.36,4.791,296.904,3971.456,70.12,41.86,1
3714,148,81.834,3.504,315.852,2382.213,76.631,45.009,0
3715,148,83.438,4.208,292.49,1234.28,79.42,69.102,0
3716,148,96.493,6.038,320.078,8292.253,66.739,40.27,1
3717,148,89.953,3.757,289.727,4603.1,73.253,66.329,0
3718,148,92.463,5.788,308.73,6726.173,79.251,38.558,0
3719,148,88.878,3.372,306.918,1574.097,62.872,38.474,0
3720,148,90.362,5.123,317.238,5987.899,74.891,52.345,0
3721,148,82.106,4.47,310.08,4367.669,73.134,47.741,0
3722,148,81.215,2.628,329.367,930.996,62.25,67.792,0
3723,148,93.114,5.944,343.954,8180.889,67.548,64.254,1
3724,148,88.691,5.053,306.661,6178.303,79.419,48.707,0
3725,149,78.019,4.088,308.847,6282.034,77.078,66.277,0
3726,149,74.441,4.78,353.005,6718.079,83.708,54.073,0
3727,149,76.894,3.655,357.8,5485.643,80.858,56.771,0
3728,149,71.056,3.386,297.694,4285.657,69.713,55.426,0
3729,149,79.37,4.69,349.18,8923.059,77.865,67.374,0
3730,149,70.184,2.612,300.78,2305.892,82.462,47.896,0
3731,149,75.666,3.916,301.75,5418.436,82.289,56.352,0
3732,149,73.344,3.946,296.464,5026.011,78.335,51.757,0
3733,149,72.582,3.154,338.455,2818.159,72.277,50.366,0
3734,149,69.34700000000001,3.331,306.953,3466.807,85.674,49.207,0
3735,149,79.76,4.249,328.884,7807.593,69.744,78.364,0
3736,149,78.826,5.214,335.2,7911.063,75.934,72.541,0
3737,149,77.481,4.0,327.674,6802.234,76.265,72.786,0
3738,149,68.19800000000001,2.387,311.387,886.497,69.642,63.641,0
3739,149,73.117,3.59,329.67,2973.026,72.7,46.899,0
3740,149,74.024,4.463,275.247,5492.904,89.01,44.058,0
3741,149,78.979,5.181,295.466,6816.205,84.203,62.205,0
3742,149,78.468,3.367,298.22,6952.475,72.581,58.848,0
3743,149,73.064,4.977,320.208,6450.742,91.131,64.547,0
3744,149,76.037,3.511,326.419,5778.631,78.246,57.576,0
3745,149,82.011,4.557,315.058,8330.679,79.934,41.574,0
3746,149,81.907,4.885,306.856,6918.552,77.703,63.455,0
3747,149,66.467,1.566,319.719,652.916,73.234,58.177,0
3748,149,69.42,3.365,323.175,3588.739,84.476,73.831,0
3749,149,80.696,5.161,315.188,8962.061,74.039,44.53,0
3750,150,81.747,3.516,311.5,3322.966,100.0,58.593,0
3751,150,84.647,3.5,337.947,3308.173,98.906,59.4,0
3752,150,88.503,3.799,316.787,4880.818,96.706,74.62,1
3753,150,87.693,2.823,333.197,3718.906,91.244,56.518,0
3754,150,89.798,4.559,327.236,7456.332,86.724,64.828,0
3755,150,90.265,5.578,348.654,8530.835,95.537,49.941,1
3756,150,91.778,3.964,306.567,8365.417,90.473,47.41,0
3757,150,83.487,2.695,307.921,2698.287,89.326,61.194,0
3758,150,79.662,2.469,327.757,1333.528,98.519,70.688,0
3759,150,82.604,3.449,318.56,2309.142,94.48,46.697,0
3760,150,81.851,2.501,308.298,1787.322,92.409,58.318,0
3761,150,93.086,4.872,328.266,6762.257,81.129,59.058,0
3762,150,88.524,3.615,318.446,3493.858,93.339,77.96,0
3763,150,84.291,3.417,325.119,3503.62,94.411,59.609,0
3764,150,85.669,3.551,351.584,2166.821,96.306,61.721,0
3765,150,81.135,2.902,322.388,1523.165,99.003,59.515,0
3766,150,87.081,3.777,312.224,2346.448,100.0,65.069,0
3767,150,80.514,1.792,330.829,1181.342,97.231,47.267,0
3768,150,83.632,4.189,336.302,3580.237,98.532,60.116,0
3769,150,82.485,2.668,332.88,1623.331,94.321,46.28,0
3770,150,87.48,4.995,315.992,7437.208,96.084,62.617,1
3771,150,87.495,3.976,295.397,6021.309,100.0,73.976,0
3772,150,91.15,5.44,292.59,8793.154,90.284,43.164,0
3773,150,87.259,3.776,321.125,5535.99,100.0,52.429,0
3774,150,88.929,3.681,305.771,5433.507,100.0,53.239,0
3775,151,79.802,6.616,313.398,7042.631,65.562,64.554,0
3776,151,83.881,6.834,326.445,6601.555,83.109,82.696,1
3777,151,83.208,6.461,332.458,7709.723,77.983,60.126,0
3778,151,80.664,6.951,310.919,7377.594,81.457,62.41,1
3779,151,84.582,7.244,300.892,8945.241,83.839,54.087,1
3780,151,75.861,5.22,303.827,3511.231,69.814,59.359,0
3781,151,74.622,4.641,325.496,1783.197,71.937,42.646,0
3782,151,85.654,6.629,327.956,8261.956,73.493,72.995,0
3783,151,80.131,6.044,337.753,6829.134,80.924,45.702,0
3784,151,71.979,4.237,322.935,2033.41,86.562,77.609,0
3785,151,77.098,3.82,320.753,1276.414,81.512,51.634,0
3786,151,78.901,4.366,327.544,2864.57,82.224,55.889,0
3787,151,74.971,4.08,343.057,655.886,72.576,50.103,0
3788,151,78.806,6.189,311.232,7881.65,74.75,71.241,0
3789,151,78.255,4.411,341.817,3364.276,79.332,54.151,0
3790,151,78.189,5.541,319.606,4363.784,78.421,35.356,0
3791,151,71.003,4.577,321.495,1059.577,72.626,49.344,0
3792,151,77.371,5.305,295.588,4221.33,77.014,34.098,0
3793,151,73.117,4.917,333.768,2709.296,70.838,90.837,0
3794,151,71.431,4.795,327.481,3104.764,68.961,38.803,0
3795,151,78.771,5.59,309.617,3866.483,82.441,37.607,0
3796,151,85.234,5.949,328.77,7923.687,81.061,65.217,1
3797,151,80.484,5.013,322.853,5048.945,80.388,64.699,0
3798,151,75.156,4.648,303.772,1521.63,70.543,41.379,0
3799,151,76.12,4.925,319.942,5027.5,73.643,54.554,0
3800,152,82.485,5.992,308.418,6154.514,67.387,70.538,0
3801,152,87.297,5.419,304.74,6888.685,73.464,49.999,1
3802,152,75.282,4.276,319.721,3114.885,73.209,78.192,0
3803,152,75.908,4.781,350.649,4838.261,62.331,65.176,0
3804,152,70.997,3.146,331.85,52.526,78.5,73.073,0
3805,152,75.901,4.282,317.916,2832.45,59.962,52.124,0
3806,152,75.32,4.043,288.821,1715.958,65.226,61.332,0
3807,152,80.893,3.771,330.573,3792.326,68.413,72.98,0
3808,152,76.094,4.712,292.018,3901.747,55.145,54.714,0
3809,152,84.627,6.214,313.523,7765.982,77.819,51.882,0
3810,152,73.437,3.957,321.908,1890.097,57.259,46.154,0
3811,152,78.409,4.908,333.315,6075.926,59.626,41.251,0
3812,152,79.644,4.561,317.223,2800.776,68.346,53.454,0
3813,152,84.431,6.541,323.007,8433.367,57.128,34.637,0
3814,152,87.523,6.158,315.983,8992.552,68.342,58.962,0
3815,152,76.302,3.456,320.167,1301.916,60.792,54.266,0
3816,152,87.229,5.849,314.642,8290.43,60.432,57.399,0
3817,152,76.574,3.992,328.298,2692.129,70.11,62.263,0
3818,152,85.406,5.049,325.613,8597.817,73.433,34.596,0
3819,152,85.644,6.88,308.731,8411.702,59.916,55.336,0
3820,152,72.957,3.14,339.105,758.626,66.917,53.509,0
3821,152,73.811,5.011,293.954,1216.526,75.849,53.443,0
3822,152,85.899,4.913,318.606,6738.099,71.655,24.9,0
3823,152,77.686,3.922,312.403,2762.39,69.712,50.248,0
3824,152,87.202,6.178,315.214,8865.591,68.189,50.168,0
3825,153,97.821,5.028,301.989,7194.661,54.954,73.697,0
3826,153,94.548,3.012,319.978,5614.01,59.214,51.112,0
3827,153,86.29,2.021,324.136,2036.411,52.32,78.694,0
3828,153,97.25,5.412,315.928,8011.541,57.506,56.931,0
3829,153,94.455,3.379,326.877,5158.943,54.351,50.696,0
3830,153,85.959,2.022,314.917,354.165,50.248,46.442,0
3831,153,99.724,3.745,340.13,7794.452,47.552,50.774,0
3832,153,91.293,3.471,316.073,4647.513,57.638,45.461,0
3833,153,94.118,2.531,332.29,2206.182,49.301,68.372,0
3834,153,97.162,3.944,325.42,5927.321,52.346,46.097,0
3835,153,93.628,3.472,328.738,4625.12,58.354,57.088,0
3836,153,90.13,1.134,310.882,1047.621,49.791,79.956,0
3837,153,89.868,3.346,305.863,4482.396,44.446,75.883,0
3838,153,99.34,4.235,322.671,6639.119,59.611,58.842,0
3839,153,98.972,2.911,331.323,5906.641,47.869,69.961,0
3840,153,98.753,5.806,309.747,8451.677,56.407,46.615,1
3841,153,88.531,1.743,337.255,766.62,55.246,71.497,0
3842,153,90.817,2.216,345.168,1346.086,44.819,65.419,0
3843,153,89.688,3.096,324.286,4465.947,42.956,77.454,0
3844,153,99.834,4.271,337.891,8040.478,49.178,52.743,0
3845,153,93.736,2.774,345.495,3542.359,43.867,51.205,0
3846,153,95.693,5.04,327.848,6786.534,54.863,57.907,0
3847,153,85.263,2.368,338.706,631.14,58.454,48.238,0
3848,153,95.901,3.915,306.284,5739.812,57.779,54.149,0
3849,153,99.294,4.389,326.08,7471.79,45.235,64.51,0
3850,154,87.743,7.27,328.242,6036.639,58.008,74.997,0
3851,154,81.316,6.53,326.572,5167.313,58.665,49.639,0
3852,154,80.933,7.06,341.336,5275.739,51.55,62.424,0
3853,154,84.27,6.907,297.609,6230.677,62.28,86.318,1
3854,154,83.02,7.263,322.572,5801.79,60.376,79.321,0
3855,154,82.014,6.673,336.86,7109.64,61.741,46.213,0
3856,154,87.169,8.006,323.957,8150.835,57.495,61.28,1
3857,154,83.422,6.633,288.974,5140.035,48.921,70.17,0
3858,154,84.193,5.799,330.391,4239.667,50.66,62.355,0
3859,154,82.471,8.474,294.632,8070.353,50.782,64.543,1
3860,154,85.168,7.637,305.17,7930.467,47.361,51.745,0
3861,154,81.41,8.121,324.389,7404.489,51.756,53.845,1
3862,154,82.707,5.9,315.993,2803.055,46.456,69.903,0
3863,154,82.491,7.375,283.465,5037.818,51.776,60.631,0
3864,154,83.076,7.134,343.93,5851.801,44.433,60.45,1
3865,154,91.473,9.327,324.537,8939.374,46.032,41.537,1
3866,154,81.984,7.946,323.959,7710.428,53.574,41.212,0
3867,154,89.457,8.288,324.375,8400.939,56.751,61.116,1
3868,154,74.238,5.364,356.404,31.266,48.995,43.172,0
3869,154,85.628,6.838,339.402,5495.206,56.271,49.836,0
3870,154,79.073,6.311,310.477,3536.53,54.93,81.77,0
3871,154,76.461,5.545,309.586,1089.827,52.943,70.883,0
3872,154,73.718,5.187,328.954,6.19,52.199,78.013,0
3873,154,84.646,6.536,310.232,5573.308,46.445,48.867,0
3874,154,72.62,5.377,330.696,381.27,50.999,66.562,0
3875,155,65.281,4.925,323.531,3648.033,100.0,41.29,0
3876,155,68.801,6.195,303.1,5988.252,96.204,65.03,0
3877,155,67.737,4.883,312.817,3824.363,100.0,63.849,0
3878,155,73.726,6.888,308.768,8173.628,95.201,57.62,0
3879,155,69.656,5.847,309.675,4760.23,97.076,55.985,0
3880,155,65.619,4.764,313.771,2860.992,83.027,54.677,0
3881,155,63.103,4.922,313.248,1903.982,97.541,60.835,0
3882,155,73.869,5.664,335.667,7320.897,87.567,68.519,0
3883,155,60.308,4.17,319.413,1186.907,88.273,67.332,0
3884,155,72.481,6.49,294.902,8022.655,100.0,59.14,0
3885,155,70.714,4.888,338.811,3790.331,82.873,67.038,0
3886,155,60.994,4.353,325.726,771.333,100.0,73.408,0
3887,155,72.861,6.191,336.42,6258.551,100.0,60.209,1
3888,155,70.274,6.786,297.865,5538.796,94.578,55.806,1
3889,155,70.238,6.212,314.756,5584.283,100.0,60.836,0
3890,155,73.992,6.884,305.004,7128.068,100.0,79.817,1
3891,155,63.709,4.199,293.329,81.143,99.38,57.803,0
3892,155,66.182,4.691,336.179,1274.012,100.0,47.438,0
3893,155,70.713,5.731,318.455,5872.022,93.945,54.458,0
3894,155,58.773,3.499,339.988,932.875,100.0,54.67,0
3895,155,77.643,6.228,304.391,8081.114,93.16,39.358,0
3896,155,63.521,4.944,313.649,3492.287,100.0,41.152,0
3897,155,58.839,3.952,312.739,57.264,100.0,53.356,0
3898,155,70.169,5.717,306.937,5704.653,95.807,59.742,0
3899,155,70.719,5.82,312.28,5683.926,100.0,46.75,0
3900,156,71.398,3.337,338.029,889.844,78.045,42.788,0
3901,156,80.901,6.463,310.209,8834.524,80.82,57.634,0
3902,156,81.423,6.059,314.804,6622.807,81.337,54.056,1
3903,156,74.081,4.569,323.661,2598.258,90.344,57.891,0
3904,156,69.50800000000001,4.774,306.529,3208.16,80.481,52.229,0
3905,156,78.916,6.053,294.738,7669.259,78.455,59.248,1
3906,156,73.072,4.203,329.854,2554.262,74.381,80.244,0
3907,156,76.589,4.373,306.384,2606.393,86.94,54.059,0
3908,156,70.079,4.362,324.45,2265.594,73.503,63.486,0
3909,156,68.096,5.167,315.276,822.368,76.628,50.558,0
3910,156,71.12,3.971,317.858,1531.742,85.54,43.018,0
3911,156,80.568,6.574,301.191,8427.153,74.357,52.827,1
3912,156,76.928,7.094,304.732,7797.301,82.131,51.51,1
3913,156,80.292,6.183,302.594,7604.256,78.714,59.282,0
3914,156,85.187,5.712,339.569,7791.826,84.157,67.359,0
3915,156,74.62,3.204,316.848,1344.133,79.231,65.97,0
3916,156,71.26,4.675,311.815,2166.699,85.551,63.836,0
3917,156,76.89,5.609,327.291,5937.4,71.841,73.78,0
3918,156,73.121,3.815,316.86,232.549,69.564,55.334,0
3919,156,77.424,3.929,330.176,1519.157,85.351,80.781,0
3920,156,82.266,6.34,317.189,6991.874,79.69,64.448,0
3921,156,84.138,6.646,305.127,7993.539,74.451,34.547,1
3922,156,71.442,4.188,309.691,1528.838,76.086,52.834,0
3923,156,82.635,6.442,299.032,6363.048,84.647,58.18,0
3924,156,72.987,5.32,337.122,3274.438,69.682,58.281,0
3925,157,84.289,6.684,314.897,8664.705,39.503,53.771,1
3926,157,78.531,5.085,336.017,3445.281,36.872,91.894,0
3927,157,78.337,5.254,287.114,5245.907,40.526,60.904,0
3928,157,79.813,5.207,300.656,3978.513,38.909,38.166,0
3929,157,85.336,6.753,311.929,8833.125,30.683,58.577,1
3930,157,82.457,5.64,320.97,4717.048,35.673,33.01,0
3931,157,75.077,4.181,328.336,2948.063,35.998,66.626,0
3932,157,76.505,4.305,317.929,1324.32,32.394,52.319,0
3933,157,77.768,4.499,316.41,4401.328,42.737,60.759,0
3934,157,73.353,4.389,319.131,1096.42,24.599,57.048,0
3935,157,83.249,6.666,326.882,7934.681,37.318,81.968,0
3936,157,75.27,3.683,330.55,326.417,36.4,81.459,0
3937,157,77.592,4.544,309.798,3224.109,38.761,63.682,0
3938,157,86.664,6.205,304.131,8836.823,44.434,60.648,0
3939,157,77.635,6.268,329.221,7076.233,41.48,42.252,0
3940,157,86.022,6.999,336.51,8734.868,42.746,39.726,0
3941,157,80.554,4.692,313.931,3777.187,46.234,61.605,0
3942,157,73.622,4.3,300.766,1042.033,48.911,47.0,0
3943,157,78.251,5.689,301.109,4542.994,40.693,71.658,0
3944,157,82.892,5.581,343.625,6186.423,34.253,63.136,0
3945,157,76.631,5.439,327.082,3905.994,33.554,52.584,0
3946,157,75.525,4.595,293.372,2789.771,50.49,48.112,0
3947,157,80.93,5.616,328.038,6232.341,33.583,63.778,0
3948,157,71.921,4.332,319.985,962.428,44.493,56.423,0
3949,157,80.818,6.159,327.405,8211.307,56.247,61.173,0
3950,158,87.702,2.403,324.579,205.727,58.377,63.915,0
3951,158,99.758,4.772,312.944,8766.504,60.288,55.556,1
3952,158,93.209,3.009,306.329,3490.178,57.892,45.056,0
3953,158,87.534,2.806,345.192,1496.552,51.936,67.172,0
3954,158,101.938,4.965,313.016,8889.032,52.137,61.523,0
3955,158,91.739,2.936,319.444,2540.03,58.017,64.575,0
3956,158,93.166,2.895,331.552,3050.698,55.639,68.195,0
3957,158,87.557,3.033,310.004,1629.121,51.113,68.469,0
3958,158,91.621,2.842,293.703,1321.674,57.221,54.65,0
3959,158,100.459,4.199,326.617,6809.851,55.057,63.364,0
3960,158,94.708,3.903,329.832,5666.062,57.834,64.44,0
3961,158,103.292,5.497,306.994,8607.129,59.365,47.094,1
3962,158,97.076,3.732,323.259,4985.497,50.344,60.851,0
3963,158,101.553,4.81,315.358,7598.944,53.024,51.811,0
3964,158,102.794,4.302,327.101,8721.744,57.998,52.328,0
3965,158,101.591,5.002,314.076,7844.311,55.849,61.077,0
3966,158,95.229,2.916,329.382,2970.406,48.848,69.36,0
3967,158,99.371,5.244,336.299,8486.79,53.794,82.26,0
3968,158,102.901,5.24,327.236,8835.657,64.378,66.315,1
3969,158,94.647,4.171,324.469,5705.484,51.207,51.184,0
3970,158,91.676,2.75,311.231,3245.448,63.129,53.341,0
3971,158,94.82,3.618,338.714,4640.854,69.955,56.767,1
3972,158,96.084,3.53,309.487,4618.725,57.397,49.276,0
3973,158,91.584,2.454,303.655,2467.962,58.191,63.084,0
3974,158,99.511,4.174,334.917,5738.994,58.559,61.211,0
3975,159,96.002,5.511,323.175,7098.481,65.534,58.96,0
3976,159,101.962,5.576,308.788,8074.084,51.315,67.555,0
3977,159,92.736,5.982,311.135,6177.684,48.748,52.37,0
3978,159,89.666,4.406,329.446,3255.319,57.743,67.493,0
3979,159,92.781,5.645,338.922,8109.653,50.219,74.697,0
3980,159,91.575,3.717,338.416,1878.163,42.483,50.971,0
3981,159,85.379,4.783,322.83,3904.66,52.785,54.237,0
3982,159,83.934,3.708,301.715,1427.817,48.695,56.038,0
3983,159,94.756,5.242,309.546,5580.885,60.856,64.228,0
3984,159,86.092,4.561,301.584,1950.03,49.986,56.59,0
3985,159,102.289,5.567,299.408,8915.751,57.4,54.868,0
3986,159,93.106,5.391,337.84,6210.451,49.172,79.34,0
3987,159,96.351,6.163,337.822,7239.136,49.952,52.381,0
3988,159,94.156,5.397,318.098,3774.095,69.457,50.479,0
3989,159,94.402,5.749,327.849,5778.514,63.29,54.081,0
3990,159,93.063,5.637,292.459,5571.522,58.8,54.776,0
3991,159,98.502,6.361,337.506,8294.311,54.49,69.338,1
3992,159,82.704,3.862,299.345,501.387,59.825,46.009,0
3993,159,91.342,4.571,332.123,4557.901,66.03,48.433,0
3994,159,85.784,3.194,304.029,1280.409,57.381,62.047,0
3995,159,97.716,6.531,328.439,6865.661,60.158,45.757,0
3996,159,91.269,4.23,328.23,2676.612,52.697,48.198,0
3997,159,95.567,5.636,314.938,7570.549,57.799,66.369,1
3998,159,94.967,4.941,322.178,6517.004,57.601,16.991,0
3999,159,86.877,3.775,340.468,94.023,57.369,61.639,0
4000,160,83.111,5.714,326.918,5226.979,95.84,56.737,0
4001,160,80.339,4.684,296.804,4227.693,86.526,65.112,0
4002,160,85.869,6.443,321.376,6822.204,86.597,59.861,0
4003,160,82.199,4.817,316.961,4245.242,95.578,43.194,0
4004,160,86.404,5.523,324.726,6037.208,100.0,61.748,0
4005,160,85.126,5.314,307.017,4566.643,100.0,64.423,0
4006,160,80.376,4.26,322.025,2972.235,97.345,58.815,0
4007,160,78.115,3.731,316.124,879.265,86.582,70.892,0
4008,160,81.598,6.074,328.048,5906.858,98.601,43.534,0
4009,160,80.787,4.538,335.274,4037.321,98.377,71.704,0
4010,160,75.11,3.433,310.525,484.91,100.0,81.495,0
4011,160,85.652,6.803,291.943,7678.309,100.0,71.726,1
4012,160,87.223,5.361,329.165,6718.014,96.151,64.339,0
4013,160,76.636,4.214,310.572,951.736,86.814,61.019,0
4014,160,76.252,4.055,320.468,1066.633,87.589,72.279,0
4015,160,72.992,4.019,311.184,1532.255,89.864,75.654,0
4016,160,81.941,5.51,312.135,5386.741,92.084,61.14,0
4017,160,87.009,6.161,322.785,8912.918,97.9,64.074,1
4018,160,80.719,4.575,303.399,4310.021,86.387,54.011,0
4019,160,82.624,5.352,310.047,5041.013,90.54,59.17,0
4020,160,79.209,3.577,303.325,787.912,93.101,64.699,0
4021,160,75.4,4.341,311.076,2291.95,100.0,56.035,0
4022,160,86.27,5.543,298.102,6130.786,98.058,54.746,0
4023,160,87.195,6.196,307.267,7945.791,100.0,48.045,0
4024,160,86.036,6.579,328.368,7556.409,100.0,39.053,0
4025,161,82.692,3.304,336.047,3129.379,40.456,52.906,0
4026,161,77.979,3.829,289.236,2805.841,34.783,65.569,0
4027,161,84.197,4.101,312.339,5204.363,16.562,75.56,0
4028,161,88.755,4.275,320.315,7053.07,33.257,48.337,0
4029,161,92.005,4.661,314.379,6508.956,32.035,46.19,0
4030,161,94.128,4.863,322.883,6457.029,29.245,53.567,0
4031,161,77.575,2.675,297.887,216.934,40.05,38.114,0
4032,161,85.066,4.788,303.153,5577.906,34.625,49.778,0
4033,161,87.071,4.544,329.504,5495.187,36.422,81.241,0
4034,161,91.9,5.28,324.283,6780.437,33.248,60.224,0
4035,161,94.099,5.008,313.145,7877.492,36.588,75.042,0
4036,161,92.843,4.868,308.869,6785.582,37.633,67.703,0
4037,161,75.93,2.404,321.064,1076.204,38.418,77.044,0
4038,161,89.759,4.602,313.831,5180.454,24.763,63.161,0
4039,161,87.204,4.124,325.826,4259.944,39.547,53.07,0
4040,161,79.152,2.111,319.678,215.009,33.834,65.565,0
4041,161,79.618,2.106,325.946,301.929,19.048,38.755,0
4042,161,88.336,3.891,317.68,4839.505,28.889,60.424,0
4043,161,90.685,5.255,314.553,8817.812,32.489,40.446,0
4044,161,87.577,3.956,332.562,5014.363,43.505,46.559,0
4045,161,86.265,4.55,314.421,4459.73,29.49,53.805,0
4046,161,82.339,3.973,322.195,2450.962,26.406,44.663,0
4047,161,95.342,4.25,314.484,7502.598,40.421,53.793,0
4048,161,84.647,2.577,325.188,2674.42,26.191,64.287,0
4049,161,87.031,4.75,301.988,5838.998,27.609,52.901,0
4050,162,79.405,4.017,309.51,1856.899,42.148,62.132,0
4051,162,84.349,3.732,312.77,3077.507,40.318,27.604,0
4052,162,81.572,3.598,294.608,244.688,40.801,57.302,0
4053,162,85.014,2.456,321.519,535.296,37.125,60.855,0
4054,162,88.657,5.033,336.282,5753.97,29.647,48.414,0
4055,162,87.621,5.411,301.09,6714.886,44.769,74.29,0
4056,162,86.249,3.61,325.569,1150.861,30.344,68.653,0
4057,162,81.15,3.013,308.116,95.956,36.212,56.959,0
4058,162,87.628,5.037,297.334,5438.141,36.012,32.991,0
4059,162,89.317,4.595,316.26,4453.597,32.324,60.8,1
4060,162,95.451,7.138,300.358,8780.965,33.249,65.311,0
4061,162,86.169,4.286,325.334,3646.277,27.688,59.166,0
4062,162,88.081,4.084,310.571,2197.027,43.83,72.371,0
4063,162,89.998,4.446,324.718,5907.962,36.05,51.815,0
4064,162,83.523,3.549,319.512,14.741,32.597,57.079,0
4065,162,92.758,6.288,341.64,7864.661,38.522,55.755,1
4066,162,94.056,5.664,300.548,7476.141,37.532,62.245,0
4067,162,89.938,3.86,321.063,3800.607,37.814,53.929,0
4068,162,91.097,5.978,336.05,8097.169,36.874,63.992,0
4069,162,96.035,6.86,320.76,8686.628,27.476,67.805,0
4070,162,95.739,5.931,325.217,7503.606,38.635,83.844,0
4071,162,88.099,4.249,312.729,4708.508,32.839,54.213,0
4072,162,86.583,3.42,309.854,2322.859,40.07,39.793,0
4073,162,92.269,5.011,339.458,6649.765,34.39,71.555,0
4074,162,83.729,2.447,296.596,224.45,38.891,55.356,0
4075,163,101.241,6.463,320.618,5886.297,43.915,53.887,0
4076,163,97.718,7.182,300.488,6184.723,37.607,53.473,0
4077,163,93.442,6.161,314.837,5984.822,50.372,55.324,0
4078,163,103.886,6.946,332.568,8621.921,41.781,50.222,0
4079,163,98.701,5.114,331.731,3394.121,37.069,53.332,1
4080,163,98.786,6.292,337.722,5640.027,52.111,49.059,1
4081,163,95.631,4.84,329.814,4743.255,43.225,39.006,0
4082,163,94.467,6.061,323.595,3470.374,45.142,58.631,0
4083,163,90.974,5.015,313.496,2188.958,37.322,68.923,0
4084,163,102.508,6.781,317.7,7188.82,44.98,53.591,0
4085,163,99.04,6.563,310.344,4922.177,48.319,43.999,0
4086,163,96.627,6.161,318.573,4863.721,38.467,64.699,0
4087,163,101.638,6.59,285.811,6727.082,48.944,66.018,0
4088,163,101.339,5.297,338.74,5489.588,42.9,45.597,0
4089,163,99.289,7.128,306.933,5624.457,45.385,67.793,1
4090,163,96.759,5.882,300.848,5233.608,40.879,38.919,1
4091,163,102.654,6.572,315.914,8434.604,45.82,38.817,1
4092,163,90.756,4.776,290.238,605.76,43.082,51.838,0
4093,163,96.65,5.073,328.205,4400.915,53.395,80.026,0
4094,163,91.236,3.963,318.455,1815.157,31.974,52.377,0
4095,163,98.23,6.482,312.024,7884.807,43.225,55.067,0
4096,163,97.624,5.619,323.581,5051.681,38.788,39.322,0
4097,163,99.28,6.623,316.423,6398.36,49.228,34.011,0
4098,163,92.527,5.34,323.891,1029.583,32.946,76.052,0
4099,163,101.599,7.107,322.336,8351.115,52.464,70.733,1
4100,164,97.027,6.669,305.031,3122.455,40.363,59.433,0
4101,164,94.707,5.984,315.341,3853.567,52.557,58.11,0
4102,164,92.106,5.771,317.624,2372.793,44.245,85.504,0
4103,164,102.022,7.565,303.546,7611.438,47.061,54.139,0
4104,164,99.908,7.111,296.177,4573.469,41.998,50.038,1
4105,164,94.117,5.985,304.995,2895.644,48.87,48.694,0
4106,164,89.486,5.142,321.741,192.836,35.627,60.909,0
4107,164,96.25,5.542,296.065,2843.49,50.142,58.545,0
4108,164,99.59,7.65,315.354,5919.759,53.696,62.668,0
4109,164,92.716,5.835,326.622,1760.891,48.639,53.724,0
4110,164,94.887,5.448,317.953,5745.253,44.152,70.995,0
4111,164,91.217,5.077,292.379,582.589,43.021,58.8,0
4112,164,104.104,7.378,318.39,8102.175,51.742,66.601,1
4113,164,99.433,6.204,297.308,5928.145,51.991,76.628,1
4114,164,93.558,7.182,311.031,6072.786,47.956,68.345,1
4115,164,106.723,8.359,312.469,8869.606,46.561,70.667,1
4116,164,104.885,8.637,324.865,7947.127,46.262,65.722,1
4117,164,101.198,7.997,329.589,6893.841,38.507,61.615,0
4118,164,95.511,5.799,320.111,3177.769,37.19,52.773,0
4119,164,94.62,6.339,311.955,2394.316,51.943,72.357,0
4120,164,92.332,4.758,315.449,353.887,36.176,38.715,1
4121,164,89.793,5.517,319.107,104.727,38.088,57.302,0
4122,164,99.383,7.608,318.496,5472.331,39.445,38.823,1
4123,164,100.449,8.169,321.911,8097.217,43.323,74.78,0
4124,164,97.465,7.614,299.286,7466.46,34.04,66.227,0
4125,165,73.84,3.308,332.725,3599.191,86.707,61.895,0
4126,165,75.13,2.965,304.533,1212.19,68.092,71.075,0
4127,165,79.704,4.825,311.373,5515.196,90.577,53.923,0
4128,165,77.461,5.09,308.202,8030.659,81.058,63.271,0
4129,165,72.79,3.642,314.024,2375.61,81.825,49.8,0
4130,165,78.332,2.329,310.394,1472.923,82.832,55.251,0
4131,165,65.735,2.671,326.487,1120.602,82.797,71.277,0
4132,165,70.46,4.159,338.777,1927.945,72.531,66.169,0
4133,165,74.629,3.099,350.066,3377.771,80.717,59.541,0
4134,165,78.769,4.694,301.37,6131.382,87.86,57.616,0
4135,165,81.228,5.251,278.222,8823.738,77.257,50.046,0
4136,165,75.403,4.285,304.394,5465.704,74.993,40.341,0
4137,165,79.375,4.097,313.527,5375.28,84.968,56.036,0
4138,165,74.767,4.147,324.721,5165.398,87.499,63.336,0
4139,165,68.836,2.788,310.151,1028.574,77.195,62.067,0
4140,165,72.353,3.644,343.084,630.999,78.587,62.264,0
4141,165,75.246,4.041,318.568,3873.965,78.577,74.774,0
4142,165,68.3,2.548,333.732,566.053,77.028,66.796,0
4143,165,82.456,5.334,303.198,8441.182,78.551,49.183,0
4144,165,80.313,4.096,344.27,5552.179,89.733,55.727,0
4145,165,78.541,5.378,317.801,7533.599,72.864,45.522,0
4146,165,72.252,2.974,327.433,553.713,83.765,49.172,0
4147,165,69.759,3.472,303.337,2592.252,72.57,60.826,0
4148,165,68.84700000000001,2.574,310.54,1360.039,81.916,71.032,0
4149,165,73.098,3.539,314.158,2651.926,90.199,38.831,0
4150,166,83.413,1.918,298.867,487.714,33.93,67.189,0
4151,166,94.949,3.825,358.311,6153.382,34.847,55.111,0
4152,166,97.484,4.413,310.127,7661.376,35.017,65.281,0
4153,166,83.81,1.798,301.92,1887.08,26.883,51.634,0
4154,166,81.18,1.843,333.482,289.234,24.783,55.263,0
4155,166,78.906,0.979,316.532,278.868,33.172,47.906,0
4156,166,90.924,4.086,311.041,6064.709,21.266,46.67,0
4157,166,91.234,4.043,307.309,4512.689,36.593,53.814,0
4158,166,93.936,3.388,339.418,4798.114,25.765,44.49,0
4159,166,88.486,2.438,312.45,2060.636,35.774,67.578,0
4160,166,81.154,2.182,319.169,836.085,34.295,67.648,0
4161,166,86.516,1.841,333.055,46.94,29.618,44.079,0
4162,166,82.307,1.592,320.811,448.006,25.933,70.879,0
4163,166,92.698,3.155,309.019,4787.408,29.66,72.25,0
4164,166,86.307,3.277,318.739,2098.609,36.477,65.806,0
4165,166,94.101,3.571,342.02,5976.808,36.872,61.596,0
4166,166,91.602,4.635,313.167,6354.818,30.583,63.74,0
4167,166,86.191,2.404,321.301,1036.873,24.772,56.56,0
4168,166,96.805,4.714,323.926,8181.767,34.927,59.138,0
4169,166,89.819,4.034,330.011,4066.916,24.664,38.607,0
4170,166,92.461,3.73,343.251,4710.414,28.192,63.558,0
4171,166,93.369,4.185,331.237,7370.725,28.639,50.517,0
4172,166,86.908,2.419,341.766,425.017,31.967,50.12,0
4173,166,97.392,5.425,337.295,8531.346,28.773,55.477,1
4174,166,98.626,4.231,310.891,7021.446,37.48,86.318,0
4175,167,72.52,3.475,321.547,1440.084,53.442,75.33,0
4176,167,81.648,4.714,290.024,7046.663,40.672,68.914,0
4177,167,70.651,2.499,292.643,1198.936,46.288,61.393,0
4178,167,72.273,2.958,310.926,2638.562,42.783,72.228,0
4179,167,74.885,2.569,322.386,1041.465,41.899,43.137,0
4180,167,83.97,5.447,329.541,7976.67,45.378,63.772,0
4181,167,80.15,5.449,323.57,5733.305,41.401,72.566,0
4182,167,80.723,4.743,312.535,7802.353,47.393,79.849,0
4183,167,75.529,4.258,319.27,5346.035,46.211,30.348,0
4184,167,77.1,4.014,297.492,4541.701,52.21,57.264,0
4185,167,85.141,4.869,329.655,7847.676,50.736,63.74,0
4186,167,70.082,2.55,291.303,532.28,45.483,50.935,0
4187,167,72.863,3.035,317.542,2342.568,43.332,61.41,1
4188,167,80.999,3.826,320.218,5891.332,54.927,67.765,0
4189,167,73.542,3.291,335.424,3459.198,51.557,65.629,0
4190,167,75.565,3.11,326.685,4305.887,46.192,55.065,0
4191,167,74.684,3.427,340.74,5179.539,44.073,51.511,0
4192,167,79.405,5.492,328.816,7105.294,53.816,67.781,0
4193,167,73.928,4.12,314.739,5478.615,31.335,27.403,0
4194,167,76.364,3.004,324.732,1509.208,40.642,60.375,0
4195,167,77.165,3.164,335.672,4364.524,40.013,49.851,0
4196,167,78.668,4.651,308.078,8914.485,52.476,57.478,0
4197,167,83.772,4.933,330.677,7963.325,48.256,60.944,0
4198,167,67.463,2.527,324.207,1327.75,42.396,56.745,0
4199,167,75.32,3.871,324.561,5134.041,44.966,75.037,0
4200,168,93.06,7.439,337.639,4394.737,74.857,56.74,0
4201,168,93.502,8.538,338.463,6564.329,66.064,53.959,0
4202,168,87.421,5.932,313.836,2323.558,81.35,62.164,0
4203,168,98.781,8.495,312.69,7992.919,70.853,59.207,1
4204,168,92.009,5.896,308.273,2108.081,69.187,69.03,0
4205,168,95.297,8.345,334.244,6915.011,70.088,55.02,0
4206,168,87.865,6.1,306.78,1271.507,60.61,46.191,0
4207,168,95.791,8.042,317.687,7132.405,64.761,72.689,0
4208,168,99.132,7.819,296.149,8162.233,66.611,62.158,1
4209,168,93.863,7.012,310.755,3897.782,79.008,67.184,0
4210,168,91.342,7.299,306.88,5874.359,73.391,53.423,1
4211,168,93.199,6.187,301.614,2756.444,72.36,60.529,0
4212,168,91.0,6.439,318.851,3682.012,71.503,38.254,0
4213,168,93.367,7.399,299.113,6404.427,79.426,62.406,0
4214,168,89.317,5.196,318.209,247.394,67.151,55.347,0
4215,168,85.997,5.445,305.369,157.123,75.307,43.266,0
4216,168,91.753,7.746,320.663,5781.229,68.048,48.675,0
4217,168,92.657,7.874,294.516,6806.419,70.373,60.482,0
4218,168,95.308,7.89,331.233,5963.725,70.0,40.991,0
4219,168,97.58,8.521,322.636,7683.357,63.485,57.201,1
4220,168,83.574,6.167,304.271,325.177,75.684,56.685,0
4221,168,88.897,5.911,320.559,3107.095,77.085,81.707,0
4222,168,93.523,7.383,309.174,5340.399,73.223,52.714,0
4223,168,85.454,5.742,302.681,1434.383,74.588,59.639,0
4224,168,92.753,6.803,300.38,2741.342,69.163,46.793,0
4225,169,101.215,4.007,305.108,6460.855,45.442,40.754,1
4226,169,107.85,4.644,331.5,8729.709,69.134,56.064,1
4227,169,95.669,2.75,303.839,632.717,48.136,57.572,0
4228,169,98.019,3.96,314.214,5083.823,53.902,51.421,0
4229,169,95.822,3.36,319.944,1548.683,56.729,67.615,0
4230,169,100.307,3.867,314.865,4945.154,61.221,71.791,0
4231,169,97.298,3.383,327.765,1957.142,64.109,44.073,0
4232,169,93.021,2.201,332.154,1494.047,53.604,27.937,0
4233,169,101.35,4.16,316.141,5334.761,48.307,63.951,1
4234,169,93.504,3.208,317.202,2625.05,56.96,50.147,0
4235,169,92.45,2.403,286.716,769.045,63.586,64.827,0
4236,169,100.341,4.557,325.176,3411.454,54.807,61.096,0
4237,169,103.56,4.47,331.067,6792.511,62.609,56.764,0
4238,169,105.322,5.461,310.015,8866.782,50.354,59.918,0
4239,169,92.485,2.24,337.439,271.667,60.895,52.987,0
4240,169,100.152,4.428,315.558,5685.111,51.815,76.126,0
4241,169,104.913,5.589,313.912,7861.26,59.854,54.467,1
4242,169,95.533,2.247,354.216,1753.811,52.381,64.997,0
4243,169,101.838,5.329,301.062,8085.779,52.459,69.899,1
4244,169,91.601,2.215,331.269,1314.289,59.258,50.751,0
4245,169,102.351,4.967,319.657,7152.036,56.712,59.832,0
4246,169,98.654,2.177,332.346,2123.515,65.507,62.252,0
4247,169,103.213,4.01,297.281,6859.287,58.724,71.473,0
4248,169,94.242,2.292,276.51,318.451,60.705,53.938,0
4249,169,104.88,4.839,348.141,8039.233,46.326,40.045,0
4250,170,79.472,4.8,330.863,6760.779,100.0,49.058,0
4251,170,79.269,4.428,322.527,6386.343,95.705,84.06,0
4252,170,78.105,3.744,306.641,5562.213,90.012,63.322,0
4253,170,68.656,2.565,331.808,1349.256,83.973,74.96,0
4254,170,81.075,4.082,314.455,7813.381,87.713,56.872,0
4255,170,83.264,4.227,302.463,7717.75,86.663,36.135,0
4256,170,83.611,4.576,318.525,7924.275,94.977,62.565,0
4257,170,85.763,4.02,331.091,7915.693,86.075,52.474,0
4258,170,70.625,2.045,328.11,1920.896,88.9,31.71,0
4259,170,72.828,2.613,328.583,2834.947,76.984,32.18,0
4260,170,78.392,3.344,304.978,5707.863,83.492,76.345,0
4261,170,80.674,3.278,315.45,7216.788,93.592,74.95,0
4262,170,78.285,3.803,321.408,7582.195,93.732,49.88,0
4263,170,82.648,4.08,318.046,8925.926,96.836,54.247,0
4264,170,75.489,3.43,327.402,3582.955,77.828,52.742,0
4265,170,82.512,4.92,305.528,8781.65,80.561,58.719,1
4266,170,76.979,3.005,346.662,3607.279,91.655,67.15,0
4267,170,69.953,2.237,309.446,625.708,100.0,50.375,0
4268,170,78.232,4.601,308.835,7560.343,76.869,57.56,0
4269,170,80.688,3.259,318.839,6048.154,85.618,56.305,0
4270,170,71.726,1.388,304.43,1202.147,90.352,47.98,0
4271,170,73.718,3.011,324.775,3892.297,86.597,56.053,0
4272,170,77.124,4.25,300.427,4884.444,96.866,52.442,0
4273,170,69.922,1.794,308.475,405.942,87.027,69.864,0
4274,170,82.668,4.103,318.592,8707.702,90.329,79.455,0
4275,171,71.24,2.421,321.484,1797.808,51.836,70.577,0
4276,171,67.9,3.338,308.356,3842.872,32.992,40.49,0
4277,171,75.379,3.56,319.838,5490.871,43.308,57.389,0
4278,171,66.37,2.311,306.999,2925.191,30.476,53.269,0
4279,171,81.02,3.564,329.349,8166.247,27.812,58.186,0
4280,171,78.468,4.614,324.075,6904.704,41.923,60.396,0
4281,171,73.131,3.459,307.099,2107.191,45.554,60.58,0
4282,171,78.693,4.847,320.254,8122.475,45.1,49.737,0
4283,171,71.909,3.347,335.102,3974.058,29.066,75.022,0
4284,171,68.345,1.496,339.662,806.577,37.68,62.085,0
4285,171,81.457,4.296,333.277,7578.278,31.75,62.857,0
4286,171,75.734,5.19,322.089,7157.867,36.539,61.204,0
4287,171,81.43,4.204,337.762,6408.275,41.42,59.769,0
4288,171,81.035,3.681,307.511,6353.293,43.713,49.011,0
4289,171,72.089,3.717,341.246,3009.016,39.507,62.813,0
4290,171,69.675,2.988,312.457,3642.939,28.462,52.881,0
4291,171,74.19,2.856,314.862,1577.012,37.808,57.362,0
4292,171,65.872,2.246,309.54,803.915,29.352,35.464,0
4293,171,78.823,4.262,339.921,6736.276,40.249,60.826,0
4294,171,74.68,2.402,343.972,2319.578,28.205,48.147,0
4295,171,71.296,1.622,320.743,1435.592,27.014,73.85,0
4296,171,71.764,3.442,332.401,2990.213,39.259,52.571,0
4297,171,80.943,4.3,329.167,7876.389,38.159,52.066,0
4298,171,76.932,3.827,328.798,6618.103,41.297,50.257,0
4299,171,80.196,4.223,305.88,8854.797,33.754,39.835,0
4300,172,88.113,4.33,311.884,3389.459,84.288,77.021,0
4301,172,92.685,5.677,333.093,7379.714,90.518,41.579,1
4302,172,92.57,5.833,317.02,7578.323,94.641,71.504,0
4303,172,94.739,6.437,322.65,8563.525,89.619,61.878,1
4304,172,91.565,5.467,327.428,8056.143,92.851,70.841,0
4305,172,80.409,3.17,322.55,1238.309,99.046,48.042,0
4306,172,97.042,5.937,324.19,8121.886,90.442,50.669,1
4307,172,85.276,5.008,315.631,5646.812,98.754,61.078,0
4308,172,80.672,3.14,300.655,2018.079,87.292,46.633,0
4309,172,91.339,6.299,326.378,7358.547,90.376,68.913,0
4310,172,84.477,4.536,312.894,2831.784,100.0,63.955,0
4311,172,98.299,5.499,339.214,7688.277,90.348,55.439,0
4312,172,94.095,5.878,333.568,7886.704,91.616,68.211,1
4313,172,91.884,6.075,319.498,6240.356,100.0,50.572,1
4314,172,83.721,3.941,323.979,4083.173,89.424,53.965,0
4315,172,85.947,3.756,320.684,2950.226,94.537,48.03,0
4316,172,90.523,4.508,318.249,5627.905,88.633,47.133,0
4317,172,78.023,2.707,305.811,227.734,90.296,49.238,0
4318,172,81.881,3.492,319.322,1174.123,85.746,68.837,0
4319,172,83.68,3.955,318.269,1292.963,96.775,61.79,0
4320,172,78.089,3.818,310.963,1819.294,97.94,74.156,0
4321,172,88.472,5.63,323.834,6653.897,90.444,64.302,0
4322,172,82.616,4.64,333.432,2694.962,94.656,42.494,0
4323,172,96.568,5.964,305.348,8733.82,88.054,45.239,0
4324,172,93.122,4.946,317.961,7573.653,89.988,55.137,0
4325,173,99.593,3.854,331.417,3806.601,29.186,40.773,0
4326,173,94.71,6.123,299.14,5005.238,32.812,65.599,0
4327,173,102.065,5.602,308.469,7905.184,26.577,40.814,0
4328,173,94.527,5.106,274.688,3089.517,28.483,71.991,0
4329,173,101.657,6.721,326.107,8586.72,27.293,48.936,0
4330,173,97.444,5.201,342.02,4886.203,35.579,61.576,0
4331,173,95.288,4.544,337.293,3708.955,42.066,45.372,0
4332,173,106.784,7.156,314.79,8704.279,34.654,67.961,0
4333,173,91.997,4.674,316.691,2582.489,37.086,53.762,0
4334,173,92.999,3.846,321.878,1612.736,26.351,63.189,0
4335,173,99.638,5.745,317.281,6652.137,38.319,48.8,0
4336,173,101.864,5.842,325.41,7017.941,40.586,44.442,1
4337,173,98.575,4.596,303.999,3883.422,38.697,58.15,0
4338,173,95.112,5.008,323.415,3481.319,40.427,54.715,0
4339,173,97.034,4.984,318.095,4234.149,38.558,50.501,0
4340,173,94.117,4.135,313.151,777.416,28.626,76.421,0
4341,173,96.559,5.387,308.617,5579.886,29.205,57.715,0
4342,173,88.362,3.878,319.317,989.664,31.398,57.902,0
4343,173,92.064,3.224,315.192,2202.599,33.21,34.858,0
4344,173,99.342,5.75,322.436,5849.722,27.347,71.771,0
4345,173,103.083,5.844,321.384,6917.29,26.62,24.428,0
4346,173,92.191,4.284,305.093,2195.011,35.409,60.17,0
4347,173,106.5,5.75,331.986,8940.903,31.225,64.645,0
4348,173,97.716,6.325,340.216,6950.963,26.036,58.379,0
4349,173,103.434,5.948,285.92,7143.518,32.827,76.352,1
4350,174,82.896,6.157,318.912,5505.951,51.01,45.628,0
4351,174,78.653,6.55,324.099,2275.488,37.903,73.886,0
4352,174,86.939,8.117,291.672,7920.84,36.934,50.734,1
4353,174,82.983,7.061,331.802,5404.143,36.981,49.966,0
4354,174,81.997,6.899,315.024,3798.761,33.348,58.515,0
4355,174,82.292,7.53,318.313,5052.031,38.457,57.168,0
4356,174,81.593,7.865,312.092,6006.505,39.754,75.836,1
4357,174,91.34,8.711,323.493,7822.518,24.886,43.271,1
4358,174,82.119,8.797,322.157,8326.046,28.564,53.655,1
4359,174,83.31,7.226,358.43,5705.886,38.567,35.507,0
4360,174,86.92,8.352,304.48,8492.057,55.047,71.992,0
4361,174,83.438,5.925,305.243,4573.701,32.099,74.847,0
4362,174,83.006,7.381,329.373,5670.293,37.457,79.682,1
4363,174,75.394,5.92,308.517,2158.503,32.493,71.097,0
4364,174,77.185,6.031,341.206,3907.041,39.935,55.252,0
4365,174,87.078,7.161,319.839,7678.489,31.805,82.013,0
4366,174,86.76,7.283,316.681,7301.148,34.07,46.7,1
4367,174,83.815,7.613,337.187,6708.799,51.641,36.069,0
4368,174,85.303,7.243,293.96,6774.478,38.007,69.736,0
4369,174,87.295,8.112,319.048,6530.214,39.562,59.519,0
4370,174,79.094,5.557,323.707,1877.71,40.189,45.163,0
4371,174,75.014,5.758,319.121,278.015,37.41,64.833,0
4372,174,79.607,7.397,305.397,4856.845,31.607,49.934,0
4373,174,83.937,7.664,328.292,7642.985,37.754,81.416,0
4374,174,85.862,7.354,323.936,6695.646,37.562,44.963,0
4375,175,69.17,2.138,325.647,977.47,48.485,54.272,0
4376,175,67.76599999999999,1.393,329.629,142.787,44.103,68.994,0
4377,175,72.028,2.252,312.208,824.767,58.464,54.616,0
4378,175,77.583,4.438,309.968,5993.833,55.778,74.5,0
4379,175,85.528,6.028,331.341,8690.499,63.141,60.461,0
4380,175,76.379,4.876,322.052,5861.679,43.862,58.522,0
4381,175,79.517,4.417,298.345,6861.429,54.353,64.808,0
4382,175,80.574,3.796,331.035,5139.834,65.948,60.039,0
4383,175,81.773,5.301,325.245,7454.013,55.213,70.65,0
4384,175,76.734,3.553,331.226,3185.333,53.679,78.209,0
4385,175,70.909,4.063,283.482,2180.038,54.64,52.136,0
4386,175,71.233,2.564,320.312,1584.671,53.512,52.64,0
4387,175,73.181,2.932,328.348,596.624,44.805,53.404,0
4388,175,69.061,2.947,320.538,1554.904,42.704,59.833,0
4389,175,73.739,3.299,323.981,1852.543,50.305,57.351,0
4390,175,79.101,4.86,328.091,4878.449,52.291,59.192,0
4391,175,79.486,5.068,321.661,6300.065,50.099,69.568,0
4392,175,77.259,4.262,307.558,4413.504,38.947,75.185,0
4393,175,77.444,4.226,333.117,5055.963,54.577,43.897,0
4394,175,81.006,3.873,288.074,4832.594,55.52,66.35,0
4395,175,73.359,3.263,332.045,2725.467,65.743,58.056,0
4396,175,70.64,3.388,324.441,1690.649,58.158,65.118,0
4397,175,68.935,3.074,312.098,60.002,56.496,29.248,0
4398,175,85.634,4.986,317.656,8856.384,59.021,70.921,0
4399,175,76.538,3.389,331.412,3858.869,61.095,74.529,0
4400,176,89.227,6.03,306.87,6592.503,76.362,71.851,0
4401,176,85.322,5.949,296.764,5660.702,75.268,71.648,0
4402,176,89.543,5.142,329.453,6815.688,76.753,61.385,0
4403,176,74.809,4.268,321.006,1146.501,73.946,27.747,0
4404,176,87.079,5.993,327.511,6333.386,74.305,60.515,1
4405,176,88.906,7.308,331.694,8364.328,65.463,63.184,1
4406,176,77.618,4.665,328.527,1260.343,61.086,58.201,0
4407,176,81.222,4.826,312.498,1440.583,66.716,71.822,0
4408,176,85.798,6.23,320.871,4773.423,74.757,43.079,0
4409,176,84.161,5.733,336.293,4018.755,69.354,38.707,0
4410,176,87.317,5.584,336.612,5011.706,79.287,72.087,0
4411,176,84.243,5.4,331.345,5385.587,71.102,53.671,0
4412,176,89.024,6.926,312.312,8040.585,72.28,66.159,1
4413,176,76.75,4.567,325.245,1569.085,70.551,56.976,0
4414,176,89.073,6.624,330.774,8132.706,59.536,73.378,0
4415,176,80.455,3.637,324.306,2200.987,67.246,50.783,0
4416,176,89.616,5.777,300.025,8056.989,74.532,40.314,1
4417,176,82.69,5.41,331.789,5625.558,59.113,75.956,0
4418,176,76.412,3.429,316.831,17.865,57.165,48.2,0
4419,176,86.999,5.95,320.679,7083.233,70.774,54.594,0
4420,176,92.189,7.223,328.505,8774.304,79.833,41.019,1
4421,176,79.966,4.918,294.404,1675.292,71.627,43.695,0
4422,176,81.642,4.833,331.25,4329.427,72.569,84.042,0
4423,176,79.457,4.225,329.038,2893.56,73.819,70.628,1
4424,176,80.937,4.065,285.907,1099.503,74.479,65.122,0
4425,177,69.55799999999999,2.77,294.883,277.241,84.641,53.046,0
4426,177,78.71,2.698,325.462,1725.122,80.788,55.907,0
4427,177,78.784,4.814,308.036,5463.016,83.411,66.825,0
4428,177,82.295,4.064,326.193,6179.166,81.07,61.196,0
4429,177,74.644,3.028,309.94,3029.805,89.305,55.955,0
4430,177,72.566,2.63,312.186,847.363,80.301,84.332,0
4431,177,76.518,2.959,324.878,1021.678,85.171,52.795,0
4432,177,76.595,3.924,335.503,2398.959,83.673,53.921,0
4433,177,87.449,4.084,332.217,7390.364,75.315,48.537,0
4434,177,85.534,5.206,342.774,8725.202,73.924,48.521,0
4435,177,82.438,4.474,319.244,6076.625,93.811,43.397,0
4436,177,81.427,3.759,334.16,4652.544,86.955,41.364,0
4437,177,73.938,2.738,308.813,1800.003,76.236,50.316,0
4438,177,81.331,4.059,339.725,6110.03,88.13,55.848,0
4439,177,72.973,3.484,297.0,1514.996,73.27,52.403,0
4440,177,84.965,4.611,324.895,8582.266,83.502,56.825,0
4441,177,76.435,2.483,305.976,2270.695,79.979,70.823,0
4442,177,73.615,2.612,336.931,2390.818,85.281,72.718,0
4443,177,88.535,4.845,316.32,8423.263,86.587,34.288,1
4444,177,82.534,4.094,339.431,7201.734,88.677,64.116,0
4445,177,85.648,4.908,343.995,8663.766,73.283,80.151,0
4446,177,82.302,4.396,323.155,6902.208,81.961,62.11,0
4447,177,81.916,2.062,318.3,3480.081,86.811,59.298,0
4448,177,80.107,4.029,317.175,5991.03,79.523,57.092,0
4449,177,79.333,3.469,344.613,4998.738,71.844,74.999,0
4450,178,106.409,5.467,323.891,7584.667,50.12,59.869,0
4451,178,104.539,4.743,326.273,5964.638,54.648,47.302,0
4452,178,99.919,3.504,313.427,3218.244,38.732,77.387,1
4453,178,100.476,4.234,320.547,3313.139,52.272,57.13,0
4454,178,103.469,3.742,312.704,5574.771,47.937,64.491,0
4455,178,95.314,2.912,313.221,1148.047,42.652,69.069,0
4456,178,103.057,4.582,321.977,7220.541,43.811,46.113,0
4457,178,99.488,3.386,330.799,2579.404,51.134,49.778,0
4458,178,103.542,4.626,314.324,4285.345,32.399,41.771,0
4459,178,103.664,4.561,325.332,4767.613,41.749,39.424,0
4460,178,95.114,3.131,333.045,3004.042,49.942,32.032,0
4461,178,94.173,3.707,315.752,550.002,38.366,44.5,0
4462,178,104.256,5.32,309.499,7085.286,37.773,70.497,0
4463,178,104.493,5.365,326.126,6818.723,43.188,83.99,0
4464,178,101.676,4.052,301.947,4477.313,42.197,44.882,0
4465,178,107.237,4.177,320.268,7946.33,49.358,53.219,0
4466,178,98.569,4.19,317.582,2827.753,46.047,59.81,0
4467,178,104.067,5.541,326.384,6880.727,46.118,58.085,0
4468,178,103.25,4.866,302.879,6819.887,38.36,51.288,0
4469,178,96.478,2.718,312.007,877.28,33.304,48.683,0
4470,178,106.213,5.551,314.564,7934.174,34.636,53.313,0
4471,178,93.766,2.503,318.446,725.566,38.778,64.558,0
4472,178,106.549,5.251,358.566,7738.531,37.079,42.213,0
4473,178,95.051,3.236,315.364,886.559,32.471,40.178,0
4474,178,102.857,5.052,328.099,6574.411,55.294,72.223,1
4475,179,95.115,7.204,323.405,8287.656,87.822,42.04,1
4476,179,90.943,7.207,310.534,8129.533,98.507,58.912,0
4477,179,80.571,3.353,327.961,212.09,100.0,65.84,0
4478,179,82.105,4.874,348.602,2731.666,92.306,58.982,0
4479,179,87.619,6.581,309.172,5267.999,96.092,61.652,0
4480,179,85.485,4.735,342.93,2764.222,85.453,49.497,0
4481,179,93.328,7.319,331.324,8226.318,91.55,42.011,0
4482,179,81.719,3.758,310.631,96.464,88.509,63.27,0
4483,179,90.408,6.49,327.739,6828.892,83.541,57.484,1
4484,179,88.267,5.854,321.588,6363.515,85.875,49.011,1
4485,179,92.396,6.296,296.988,7117.361,84.271,36.43,0
4486,179,82.78,5.265,295.927,1851.771,84.806,52.238,0
4487,179,96.213,7.413,327.398,8681.933,74.242,55.249,0
4488,179,79.889,4.269,324.332,529.893,91.159,40.402,0
4489,179,83.797,5.207,337.789,3177.646,92.064,51.734,0
4490,179,85.818,5.544,330.16,2898.323,81.368,55.906,0
4491,179,96.064,7.48,325.087,8719.041,85.997,78.004,0
4492,179,80.441,4.868,312.28,2281.129,93.73,72.908,0
4493,179,88.367,4.533,291.381,2275.092,92.201,76.995,0
4494,179,79.93,4.004,334.125,1371.505,85.151,63.792,0
4495,179,86.701,5.276,320.509,2508.245,88.588,58.372,0
4496,179,93.386,6.395,314.019,7461.738,92.631,57.925,1
4497,179,84.685,6.327,340.626,5731.803,92.362,73.97,0
4498,179,85.938,4.756,314.887,1890.345,90.641,37.415,1
4499,179,92.489,6.831,344.288,5093.726,88.336,68.481,0
4500,180,79.637,2.502,332.082,2062.391,84.587,41.366,0
4501,180,86.867,4.269,326.411,5230.983,74.062,81.674,0
4502,180,79.222,1.895,332.899,128.991,87.548,54.852,0
4503,180,86.659,3.268,285.252,4318.291,76.108,37.51,1
4504,180,88.359,4.992,332.539,8986.678,80.891,59.379,0
4505,180,90.333,5.377,327.302,7459.228,81.847,48.117,1
4506,180,81.673,3.344,336.066,2745.833,72.058,73.404,0
4507,180,80.923,1.94,340.249,1.639,75.244,47.743,0
4508,180,88.278,4.059,306.008,7448.403,79.011,49.697,0
4509,180,90.493,4.612,317.633,8030.432,71.212,51.704,1
4510,180,88.319,4.595,314.239,7548.579,76.433,48.253,0
4511,180,83.942,4.006,310.048,4431.89,76.081,64.543,0
4512,180,85.896,2.1,324.471,2090.337,77.23,48.644,0
4513,180,88.527,4.672,307.157,8469.119,87.137,52.693,0
4514,180,83.888,3.618,320.629,4007.395,80.251,67.315,0
4515,180,87.934,4.55,336.037,6325.677,75.86,39.037,1
4516,180,89.464,4.515,318.986,6248.396,77.712,53.154,0
4517,180,88.659,4.502,336.753,5522.38,73.385,68.012,1
4518,180,86.444,3.753,311.619,4576.623,61.012,47.51,0
4519,180,88.867,4.491,323.592,6370.385,76.804,41.674,0
4520,180,81.504,3.799,309.095,3239.705,73.904,82.299,0
4521,180,79.399,2.872,308.213,2549.585,76.26,65.257,0
4522,180,79.357,2.706,323.798,1573.372,60.88,48.294,0
4523,180,87.541,3.805,328.024,4464.245,77.388,63.196,0
4524,180,85.716,3.1,336.112,2469.146,84.087,45.823,0
4525,181,96.966,7.24,298.217,7404.274,42.12,47.917,1
4526,181,91.629,6.088,289.162,4297.386,54.917,40.969,0
4527,181,87.856,5.554,315.865,802.296,44.231,65.507,0
4528,181,87.816,4.798,313.763,917.748,43.44,45.399,0
4529,181,98.256,7.108,314.456,7381.018,50.262,59.163,0
4530,181,86.217,6.413,305.981,5681.862,49.022,81.368,1
4531,181,90.237,7.256,308.183,4805.993,32.082,74.441,0
4532,181,84.512,5.98,312.399,1553.725,57.7,68.697,0
4533,181,96.937,7.637,317.681,7171.382,55.408,49.68,1
4534,181,93.739,6.819,313.137,5580.462,37.086,48.62,0
4535,181,91.36,7.693,320.127,5901.2,48.641,75.678,0
4536,181,93.583,6.729,322.713,6049.382,48.891,74.294,0
4537,181,91.025,6.693,314.373,3342.953,45.232,46.932,0
4538,181,88.138,6.393,335.58,2844.047,39.808,57.784,0
4539,181,86.927,5.53,307.429,1774.103,49.997,55.423,0
4540,181,99.796,7.917,310.428,8014.132,37.504,48.02,1
4541,181,94.585,7.316,327.814,6952.922,53.219,79.577,0
4542,181,86.97,5.589,339.995,1985.203,35.322,38.043,0
4543,181,93.024,5.85,316.606,3682.544,52.82,50.345,0
4544,181,92.932,7.362,321.526,5364.172,46.191,66.173,0
4545,181,96.3,8.249,314.437,8487.817,49.043,68.482,0
4546,181,86.96,5.74,327.834,1350.04,50.756,54.728,0
4547,181,89.18,5.478,341.326,2840.536,58.227,40.75,0
4548,181,93.626,6.091,306.494,3562.624,48.209,26.251,0
4549,181,92.555,6.621,310.09,5823.005,45.017,52.714,0
4550,182,93.127,4.065,326.051,817.342,62.363,59.078,0
4551,182,100.445,6.321,338.191,7672.832,66.937,54.512,0
4552,182,95.589,5.719,310.443,6130.312,56.778,75.176,0
4553,182,96.027,3.101,307.668,1304.361,64.266,48.087,0
4554,182,103.595,6.533,301.493,8894.752,57.985,78.711,0
4555,182,100.415,6.279,331.515,7831.882,61.7,44.333,0
4556,182,104.473,6.591,342.97,8964.435,50.45,66.039,1
4557,182,103.318,6.261,316.473,8425.052,69.119,69.323,1
4558,182,89.503,2.443,325.884,445.406,59.599,39.414,0
4559,182,104.08,5.802,329.228,7848.004,59.285,65.984,0
4560,182,94.47,5.272,315.43,5913.951,56.607,46.298,0
4561,182,90.417,3.586,344.859,1775.912,54.546,51.206,0
4562,182,97.21,5.416,328.335,4346.164,65.604,37.533,0
4563,182,96.749,5.392,321.165,7069.989,69.459,50.978,1
4564,182,92.434,4.103,305.424,2084.96,65.054,45.748,0
4565,182,96.983,4.055,320.599,5172.26,59.263,40.703,0
4566,182,97.109,4.725,314.451,4208.695,47.517,50.886,0
4567,182,102.779,6.026,302.848,7892.67,56.069,23.545,0
4568,182,87.922,3.846,345.551,1576.297,62.794,54.987,0
4569,182,99.554,5.841,316.571,8366.164,58.934,54.485,1
4570,182,100.198,5.846,331.929,7735.11,62.884,36.686,0
4571,182,86.415,4.598,318.641,425.048,49.282,51.462,0
4572,182,87.775,2.862,311.996,483.255,61.465,59.855,0
4573,182,96.664,6.026,317.592,6902.354,58.129,48.822,0
4574,182,94.955,2.873,325.403,1187.288,53.798,56.755,0
4575,183,75.777,2.394,345.921,3849.106,44.149,63.348,0
4576,183,84.37,4.136,310.024,8328.967,49.002,55.365,0
4577,183,68.14099999999999,1.805,314.995,498.33,51.771,72.813,0
4578,183,74.654,2.117,344.87,885.83,48.9,58.846,0
4579,183,74.093,1.732,323.89,2018.623,53.161,73.889,0
4580,183,78.592,2.57,319.054,3213.604,57.551,63.565,0
4581,183,83.88,4.801,320.829,7560.081,53.16,53.668,0
4582,183,85.345,4.947,323.611,8965.179,63.581,73.805,0
4583,183,80.946,4.469,336.421,6241.405,66.684,51.956,0
4584,183,83.064,3.132,317.28,4387.994,54.835,42.301,0
4585,183,73.868,2.603,309.775,1352.509,64.112,57.299,0
4586,183,80.456,4.314,323.26,7740.19,62.172,79.947,0
4587,183,82.18,4.384,337.247,7182.771,55.265,44.92,0
4588,183,77.163,3.599,303.22,4861.432,45.596,56.181,0
4589,183,77.393,3.645,316.618,3402.241,54.736,66.477,0
4590,183,73.465,1.852,302.035,525.537,67.32,45.081,0
4591,183,78.694,3.398,313.833,6265.502,48.12,54.67,0
4592,183,71.186,1.449,302.622,702.585,52.656,46.973,0
4593,183,80.287,3.62,301.101,4883.583,45.743,79.222,0
4594,183,80.015,4.888,329.944,7594.297,54.566,56.85,0
4595,183,77.771,3.327,339.889,4299.606,53.852,53.603,0
4596,183,86.126,3.441,316.252,6951.56,62.653,37.991,0
4597,183,81.558,3.392,334.185,6012.582,60.483,61.307,0
4598,183,76.765,3.497,293.312,4574.02,56.432,57.946,0
4599,183,71.316,2.177,313.489,1636.574,55.773,87.66,0
4600,184,98.91,8.662,323.64,8331.806,27.776,79.334,0
4601,184,97.094,7.731,317.911,8280.368,35.366,43.07,1
4602,184,91.144,6.314,320.331,2703.089,40.392,49.304,0
4603,184,105.082,8.385,331.833,8844.976,32.504,54.044,1
4604,184,101.788,7.652,322.431,7444.753,18.162,58.349,1
4605,184,92.289,5.881,334.941,5366.706,35.84,71.123,0
4606,184,98.881,7.581,351.808,7918.93,20.157,69.852,1
4607,184,92.812,6.539,319.083,5190.603,37.247,50.185,1
4608,184,84.945,4.837,297.101,342.906,34.28,65.415,0
4609,184,87.684,5.033,310.068,1080.891,37.948,68.208,0
4610,184,94.002,5.939,330.757,2718.99,37.813,62.481,0
4611,184,85.11,4.735,315.491,1085.94,38.231,62.187,0
4612,184,90.671,5.41,310.141,3618.341,33.538,35.31,0
4613,184,89.303,6.195,331.472,2238.153,35.594,46.536,0
4614,184,101.275,8.064,318.898,8715.331,38.415,42.652,1
4615,184,91.466,5.298,329.868,2920.448,33.118,59.648,0
4616,184,98.501,7.979,340.377,8505.521,30.799,58.767,1
4617,184,95.516,7.054,314.726,4385.021,31.783,70.822,0
4618,184,94.893,6.34,296.847,5660.287,30.427,78.159,0
4619,184,87.619,5.942,328.016,3701.607,40.68,57.172,0
4620,184,94.398,7.593,324.009,5942.882,28.206,55.475,0
4621,184,99.51,7.525,319.695,7853.918,35.785,28.901,0
4622,184,87.394,5.047,325.746,584.329,22.991,40.86,0
4623,184,97.413,7.949,317.325,8212.992,31.4,87.662,1
4624,184,88.251,6.042,310.588,943.248,29.79,55.696,0
4625,185,88.283,8.41,311.418,6317.075,75.922,57.49,1
4626,185,88.439,9.468,324.201,8623.742,76.628,65.239,1
4627,185,90.488,9.408,331.322,7911.321,83.818,46.458,1
4628,185,87.989,7.336,319.53,4809.326,78.75,68.384,1
4629,185,76.099,6.671,348.271,343.806,78.166,62.557,0
4630,185,87.365,8.234,305.054,5224.532,73.868,68.476,1
4631,185,88.103,7.511,284.467,3463.285,78.333,59.146,0
4632,185,82.544,7.455,300.45,1755.215,75.554,86.237,0
4633,185,90.046,9.019,309.718,8571.344,72.124,79.822,1
4634,185,90.334,8.62,312.653,6851.845,78.376,53.059,1
4635,185,79.362,7.495,311.153,617.361,94.64,59.859,0
4636,185,85.194,7.76,304.346,5878.964,84.113,54.393,0
4637,185,80.909,7.323,321.396,2403.286,65.895,71.721,0
4638,185,87.912,7.909,309.841,4718.467,75.588,62.523,0
4639,185,80.876,7.142,339.725,1640.125,85.073,79.43,0
4640,185,89.233,6.67,287.196,3904.546,92.17,60.139,1
4641,185,74.679,6.736,319.493,1438.938,77.443,50.918,0
4642,185,86.563,7.959,308.33,3766.513,85.363,45.445,1
4643,185,85.633,7.832,309.769,3890.686,85.804,51.259,1
4644,185,84.4,8.344,325.536,4552.104,82.166,65.073,1
4645,185,80.045,7.405,306.006,2134.36,78.377,66.637,0
4646,185,88.496,9.007,307.765,5278.07,82.623,52.253,0
4647,185,90.857,8.969,304.638,8189.679,70.799,43.023,1
4648,185,89.988,8.331,313.277,5433.643,90.583,69.988,1
4649,185,92.708,9.041,350.571,8532.931,79.918,54.632,0
4650,186,76.389,2.561,310.717,29.967,61.461,62.894,0
4651,186,79.425,3.988,314.223,3534.747,72.453,49.774,0
4652,186,75.744,3.293,314.953,382.48,55.389,67.911,0
4653,186,80.475,3.553,306.146,1899.511,66.067,47.292,0
4654,186,78.256,3.726,321.191,1844.422,52.627,57.552,0
4655,186,85.294,4.652,338.56,7066.713,50.894,69.894,0
4656,186,82.554,3.558,316.708,2951.633,61.911,50.906,0
4657,186,88.21,6.2,344.984,8430.369,46.322,36.888,0
4658,186,83.842,4.811,337.407,5321.895,54.391,64.917,0
4659,186,89.301,5.452,304.734,6692.102,54.277,76.205,0
4660,186,84.837,3.621,340.187,3597.189,60.582,63.563,0
4661,186,82.616,5.216,304.234,6302.704,60.69,65.362,0
4662,186,83.966,3.412,326.366,3620.993,61.614,65.497,0
4663,186,87.572,3.798,319.832,4741.638,60.591,39.892,0
4664,186,85.912,3.966,310.75,4189.19,68.374,54.005,0
4665,186,79.991,4.415,313.394,4223.981,62.528,62.514,0
4666,186,88.772,5.033,307.733,7251.251,66.274,53.787,0
4667,186,83.936,5.002,327.355,4822.511,65.327,73.107,0
4668,186,79.849,2.997,338.587,244.411,55.395,44.667,0
4669,186,83.399,2.971,316.579,2233.388,65.502,56.712,0
4670,186,86.253,4.69,316.219,5759.977,66.699,53.534,1
4671,186,95.847,6.188,322.222,8972.103,57.793,59.291,1
4672,186,74.727,3.617,321.299,2146.993,51.753,67.265,0
4673,186,83.474,4.256,315.53,4536.26,56.133,35.016,0
4674,186,83.579,4.397,320.649,3696.332,74.376,55.312,0
4675,187,96.278,3.831,294.288,4254.391,92.836,54.075,0
4676,187,103.784,4.958,319.958,8809.02,75.58,83.837,0
4677,187,97.418,3.736,328.908,5387.736,84.252,60.127,0
4678,187,105.726,3.489,325.898,6964.899,100.0,55.022,0
4679,187,98.944,2.282,312.22,2715.685,79.581,44.596,0
4680,187,98.868,3.477,329.775,3600.433,82.057,61.53,0
4681,187,103.936,4.808,320.359,7797.294,79.483,58.365,1
4682,187,98.257,3.622,295.947,7585.885,89.463,55.457,0
4683,187,93.7,2.305,304.487,2776.816,85.593,53.4,0
4684,187,88.32,2.186,321.471,1364.113,88.845,59.89,0
4685,187,99.859,5.001,334.133,6795.664,86.275,78.293,0
4686,187,95.54,3.946,303.912,6150.857,91.106,54.572,0
4687,187,91.962,2.545,326.94,2383.369,88.977,59.177,0
4688,187,101.35,4.115,292.053,6310.068,76.798,58.093,0
4689,187,99.609,2.66,304.439,4280.337,99.624,41.377,0
4690,187,102.928,4.88,322.051,7538.496,90.206,71.613,0
4691,187,101.101,3.834,318.292,5818.783,93.42,42.904,0
4692,187,92.401,1.996,316.658,2588.375,92.2,55.165,0
4693,187,89.643,2.361,295.842,846.583,88.741,76.645,0
4694,187,95.029,2.145,302.626,2284.727,93.073,66.062,1
4695,187,92.151,2.158,345.428,2762.029,92.179,67.356,0
4696,187,103.206,4.319,317.424,7366.96,86.482,67.023,0
4697,187,100.314,4.312,323.435,6359.488,81.294,65.745,0
4698,187,87.883,2.648,328.477,2863.628,93.187,64.664,0
4699,187,94.104,3.511,314.42,3035.656,91.461,70.045,0
4700,188,83.227,4.007,316.028,2973.475,28.46,44.564,0
4701,188,92.742,5.112,300.355,6790.733,31.991,64.495,0
4702,188,88.717,2.75,324.563,294.443,40.538,41.003,0
4703,188,93.304,4.052,329.441,4318.975,23.858,46.86,0
4704,188,95.86,5.757,307.752,6022.887,29.655,76.421,0
4705,188,84.86,2.768,306.596,1365.146,37.436,85.799,0
4706,188,93.957,5.561,308.318,6872.773,35.379,61.072,0
4707,188,97.045,4.384,300.64,6512.153,35.233,49.19,0
4708,188,89.301,3.957,310.758,4311.727,24.069,87.599,0
4709,188,99.374,5.492,316.939,8550.184,27.914,38.032,0
4710,188,96.965,4.954,334.268,7158.612,26.182,63.211,0
4711,188,89.995,4.421,326.436,4844.791,19.241,46.871,0
4712,188,90.518,3.417,290.028,2457.164,16.04,67.86,0
4713,188,87.609,2.58,325.198,193.075,37.302,62.528,0
4714,188,96.547,4.557,311.483,5819.431,33.231,38.704,0
4715,188,96.502,5.267,292.914,7344.332,28.285,56.721,0
4716,188,85.984,3.254,288.596,2324.226,29.633,64.298,0
4717,188,93.055,3.812,308.651,3876.754,34.429,71.386,0
4718,188,83.838,2.757,304.559,1414.989,20.735,65.206,0
4719,188,83.527,3.552,309.672,2226.97,38.767,48.911,0
4720,188,99.603,5.922,303.789,8384.52,34.779,56.509,0
4721,188,83.501,3.173,317.698,2245.818,31.979,62.545,0
4722,188,96.409,4.733,315.838,7757.461,29.132,58.892,0
4723,188,89.251,3.045,339.739,2534.933,22.129,66.586,0
4724,188,92.334,4.166,305.89,7017.351,34.44,44.248,0
4725,189,72.873,3.092,309.945,360.94,79.361,73.077,0
4726,189,84.697,5.97,282.754,8714.599,87.188,72.769,0
4727,189,79.034,3.16,289.104,3778.903,75.664,51.101,0
4728,189,77.748,4.601,296.188,6129.027,83.232,52.378,0
4729,189,69.072,3.691,327.985,3856.852,82.973,72.455,0
4730,189,86.232,4.971,312.653,6119.618,85.474,50.32,0
4731,189,77.819,4.872,305.268,6372.04,88.7,75.337,0
4732,189,80.272,2.978,324.907,3959.495,83.532,47.148,0
4733,189,71.878,3.142,327.385,2425.977,79.109,39.607,0
4734,189,80.913,4.532,320.995,5658.774,92.848,69.834,0
4735,189,80.289,3.892,336.883,3898.134,76.851,63.119,0
4736,189,76.636,3.828,334.15,4105.965,84.662,55.561,0
4737,189,74.82,2.92,327.112,2159.624,83.995,37.751,0
4738,189,76.879,2.493,303.419,1723.219,87.944,67.765,0
4739,189,76.906,3.267,320.157,1556.105,100.0,41.893,0
4740,189,77.047,3.394,312.391,2973.431,87.394,45.274,0
4741,189,84.219,5.234,312.776,8938.829,79.549,64.669,0
4742,189,75.721,3.974,303.73,3860.087,80.505,52.893,0
4743,189,73.557,4.052,316.516,3909.176,74.557,53.513,0
4744,189,72.473,3.459,341.408,1139.403,93.483,72.06,0
4745,189,89.336,5.773,326.914,8861.192,87.158,55.376,0
4746,189,71.816,2.675,337.417,660.366,87.577,63.376,0
4747,189,68.919,3.17,320.632,1242.258,70.051,52.286,0
4748,189,77.825,3.939,323.324,3538.673,83.173,69.508,0
4749,189,77.674,4.608,326.547,5471.798,85.141,78.513,1
4750,190,88.685,2.53,328.136,4634.093,82.133,71.883,0
4751,190,78.766,2.367,337.963,110.543,84.733,69.483,0
4752,190,86.052,4.102,290.536,6451.605,88.37,47.113,0
4753,190,80.353,2.861,317.396,2241.959,85.915,35.855,0
4754,190,76.959,1.549,335.43,19.975,84.294,49.252,0
4755,190,83.324,3.129,329.395,4261.146,83.139,68.037,0
4756,190,92.684,5.386,334.271,8409.141,76.164,42.246,0
4757,190,82.498,3.158,297.721,2962.074,81.975,79.478,0
4758,190,86.912,5.563,338.164,7236.868,86.606,59.813,0
4759,190,95.705,5.152,304.772,7602.48,89.263,59.565,0
4760,190,79.431,3.613,308.948,2828.044,79.283,58.633,0
4761,190,89.11,4.828,329.558,7666.077,89.414,56.338,1
4762,190,91.406,3.872,314.613,7190.495,80.26,67.621,0
4763,190,91.264,4.949,318.955,8556.989,73.89,49.634,0
4764,190,84.151,2.991,329.878,3005.571,76.26,48.888,0
4765,190,81.448,2.912,306.062,2614.188,76.262,54.842,0
4766,190,79.452,2.672,324.222,2490.581,76.848,66.986,0
4767,190,82.744,2.164,311.871,1805.705,81.021,47.119,0
4768,190,89.337,4.319,301.773,7466.871,81.436,57.956,0
4769,190,87.376,3.726,312.67,5720.576,76.251,72.261,0
4770,190,86.218,2.97,312.583,4117.942,87.05,48.927,0
4771,190,75.767,1.91,335.508,17.032,73.643,51.651,0
4772,190,83.22,3.259,308.22,2248.458,80.861,47.351,0
4773,190,80.688,2.184,320.463,3117.414,75.462,45.781,0
4774,190,83.931,4.069,323.911,4354.782,81.819,57.933,0
4775,191,80.63,5.109,321.924,2714.837,75.631,75.252,0
4776,191,72.379,3.79,319.471,1203.354,66.817,48.64,0
4777,191,79.603,4.979,327.734,3817.18,75.142,65.174,0
4778,191,79.558,5.543,324.948,3146.716,71.184,59.94,0
4779,191,82.463,6.079,319.951,6358.636,70.804,66.954,0
4780,191,73.981,4.183,317.124,1718.904,67.559,59.501,0
4781,191,78.901,4.532,328.54,1751.482,66.141,58.335,0
4782,191,80.805,6.07,326.201,4161.596,75.654,80.39,0
4783,191,85.696,6.212,307.43,6276.85,64.222,64.633,0
4784,191,82.462,6.815,327.699,6817.105,77.939,52.237,0
4785,191,75.704,4.051,336.085,1389.792,74.044,79.515,0
4786,191,77.135,4.534,314.822,62.792,87.939,58.129,0
4787,191,74.878,3.9,328.542,1075.039,61.232,62.646,0
4788,191,73.437,4.851,308.701,70.851,70.108,59.776,0
4789,191,84.9,6.277,323.894,5560.535,70.655,58.669,0
4790,191,77.176,4.398,298.834,1997.851,72.541,49.633,0
4791,191,89.418,6.23,339.361,7341.183,64.482,64.868,0
4792,191,84.044,5.782,311.958,6270.731,66.285,51.951,1
4793,191,84.133,6.241,312.267,7083.401,79.869,48.288,0
4794,191,79.228,6.191,341.08,3928.277,64.12,73.745,0
4795,191,78.143,4.429,316.124,1861.272,67.106,64.075,0
4796,191,80.917,5.431,321.212,2584.229,76.516,70.211,0
4797,191,87.82,6.56,305.745,7988.111,63.983,51.596,0
4798,191,74.985,3.74,315.243,421.295,74.475,58.982,0
4799,191,79.056,5.501,294.165,3553.077,63.883,57.149,0
4800,192,103.227,5.944,309.069,8288.343,39.968,73.677,0
4801,192,96.662,3.373,340.163,1999.021,59.025,58.069,0
4802,192,101.025,5.606,302.434,8592.497,32.047,21.271,0
4803,192,104.272,6.335,345.534,8798.849,50.432,46.882,0
4804,192,103.537,5.845,334.447,8952.465,48.025,42.385,0
4805,192,96.506,4.993,311.738,6429.887,40.485,69.542,1
4806,192,95.621,4.549,317.921,5042.305,48.737,32.737,0
4807,192,98.546,4.076,320.245,4568.973,48.246,60.951,0
4808,192,92.678,3.427,341.471,936.258,55.421,41.151,0
4809,192,98.515,4.405,315.239,7209.89,46.397,61.887,0
4810,192,107.021,5.342,317.837,8992.734,54.691,61.336,0
4811,192,98.193,4.283,301.357,5991.973,37.01,78.684,0
4812,192,100.341,5.271,298.315,6795.5,53.648,48.536,0
4813,192,96.967,4.242,320.81,4260.549,47.42,63.424,0
4814,192,94.006,3.267,324.669,3283.6,48.418,33.938,0
4815,192,97.494,3.948,334.561,4987.486,39.1,49.737,0
4816,192,94.882,4.524,321.147,6322.613,50.329,35.381,0
4817,192,103.017,5.54,316.68,8299.718,45.157,59.393,0
4818,192,95.521,4.786,324.086,6801.706,41.923,43.87,1
4819,192,96.501,3.602,321.818,1859.946,39.879,48.859,0
4820,192,100.319,5.48,300.712,8480.4,39.179,44.935,0
4821,192,102.471,5.325,308.783,8240.161,41.478,46.092,0
4822,192,102.069,5.842,305.583,8379.33,35.172,66.72,0
4823,192,98.451,4.689,329.404,7365.305,44.536,62.118,0
4824,192,98.453,4.438,316.833,6172.856,46.993,58.063,0
4825,193,88.31,3.089,301.501,3731.294,54.509,56.531,0
4826,193,86.62,1.063,325.549,446.294,51.795,31.371,0
4827,193,96.388,3.936,333.241,7491.281,48.392,41.979,0
4828,193,88.176,2.998,316.711,2984.847,62.283,57.009,1
4829,193,94.252,4.324,305.453,6045.622,52.219,49.666,1
4830,193,86.791,2.228,314.305,1276.612,59.777,60.477,0
4831,193,87.678,2.177,298.037,325.678,52.821,51.237,0
4832,193,88.331,2.613,320.087,1951.1,46.39,64.631,0
4833,193,102.296,5.269,335.888,8604.666,60.344,73.09,0
4834,193,100.008,5.292,301.173,8743.532,47.633,51.738,0
4835,193,100.102,4.485,325.072,8478.16,48.851,34.38,0
4836,193,94.127,4.729,295.089,7212.746,46.67,47.267,0
4837,193,89.849,4.583,327.552,5988.946,51.657,60.187,0
4838,193,89.254,2.896,305.01,3291.632,48.667,56.129,0
4839,193,92.559,3.072,301.862,3228.597,51.575,48.924,0
4840,193,86.221,2.493,320.404,529.169,57.245,53.963,0
4841,193,101.14,5.229,326.331,8530.222,56.587,69.751,1
4842,193,86.381,1.815,311.431,678.275,43.107,44.552,0
4843,193,92.896,3.271,320.312,3734.631,51.667,67.123,0
4844,193,86.659,2.811,331.55,1319.948,47.528,49.044,0
4845,193,87.165,3.595,297.496,3663.922,48.989,51.743,0
4846,193,82.947,2.229,305.656,1555.083,57.089,51.698,0
4847,193,99.231,4.952,310.158,8800.893,54.972,52.152,0
4848,193,83.201,1.561,348.119,49.212,51.713,51.8,0
4849,193,83.022,2.923,326.856,929.262,37.483,74.314,0
4850,194,81.761,3.745,328.09,2170.642,63.706,54.516,0
4851,194,93.38,5.725,320.368,8450.286,66.448,47.461,0
4852,194,80.292,4.618,330.346,3143.311,67.345,44.357,0
4853,194,92.861,5.657,325.826,8860.405,71.695,50.99,1
4854,194,81.475,3.55,317.059,2817.442,62.58,54.579,0
4855,194,82.274,3.892,336.653,3389.548,64.544,70.439,0
4856,194,82.71,3.708,343.639,3574.584,74.713,70.842,0
4857,194,83.921,4.437,316.607,3617.625,60.91,36.743,0
4858,194,83.705,4.58,320.175,4707.124,63.472,32.201,0
4859,194,93.795,4.614,287.128,8442.536,63.247,59.985,0
4860,194,94.067,4.945,307.551,7302.483,71.469,60.871,1
4861,194,89.307,5.169,339.256,8225.826,73.07,68.932,0
4862,194,82.121,3.6,304.101,1874.717,64.389,72.428,0
4863,194,89.313,5.249,315.933,7760.387,66.535,39.892,0
4864,194,85.284,4.487,350.198,3433.056,56.842,57.016,0
4865,194,81.126,3.47,337.046,1328.702,81.672,32.552,0
4866,194,84.504,5.096,319.259,4993.482,66.832,75.424,0
4867,194,88.002,5.464,325.116,7272.465,67.625,63.593,0
4868,194,89.843,5.248,339.949,8245.408,77.647,46.738,0
4869,194,78.927,3.195,319.749,1009.465,75.558,67.54,0
4870,194,90.871,5.573,314.117,7074.693,65.772,38.377,0
4871,194,79.077,3.345,329.86,2028.893,64.764,79.94,0
4872,194,85.363,2.442,317.456,1069.309,83.215,49.767,0
4873,194,87.028,3.902,309.922,3406.048,68.891,42.557,0
4874,194,79.727,2.277,317.9,172.079,64.293,59.178,0
4875,195,76.928,7.57,321.796,2309.969,74.643,57.205,0
4876,195,75.891,7.8,332.218,1590.895,61.867,58.281,0
4877,195,89.073,10.16,312.251,8843.314,60.561,75.04,1
4878,195,83.906,8.075,310.129,5910.693,58.246,48.975,1
4879,195,77.255,7.735,315.427,1536.1,66.166,62.296,0
4880,195,78.157,10.225,320.289,5681.985,59.078,44.634,1
4881,195,77.974,8.005,311.294,2707.974,61.711,59.038,0
4882,195,80.099,8.415,319.497,2236.691,65.12,59.454,0
4883,195,81.457,9.029,327.6,4949.907,59.58,45.755,0
4884,195,90.88,10.138,329.515,8846.911,59.452,48.014,1
4885,195,78.61,6.728,318.716,1726.493,66.327,81.528,0
4886,195,79.495,8.807,298.097,4424.196,70.492,53.968,1
4887,195,78.999,8.244,308.996,2106.935,61.493,59.177,0
4888,195,80.79,7.823,312.832,2438.961,52.014,67.34,0
4889,195,87.147,10.014,310.573,7252.421,63.081,78.312,1
4890,195,82.715,9.436,310.427,5023.364,65.544,58.503,0
4891,195,91.543,10.283,284.753,8941.914,66.472,51.0,1
4892,195,76.772,7.82,300.578,2215.975,61.761,44.403,0
4893,195,74.281,6.955,324.462,418.374,63.276,72.15,0
4894,195,69.596,7.122,316.279,430.561,61.246,55.593,0
4895,195,76.186,7.536,304.836,827.185,53.305,60.851,0
4896,195,80.525,8.137,314.816,3345.212,77.72,49.094,1
4897,195,83.488,9.032,327.465,4802.504,53.828,61.739,1
4898,195,73.96,7.483,311.676,421.545,59.52,78.196,0
4899,195,83.504,8.927,328.093,6876.792,61.911,48.256,0
4900,196,72.119,4.738,316.934,2249.689,56.485,25.47,0
4901,196,87.67,6.797,316.388,8362.914,62.368,38.151,0
4902,196,80.298,5.206,333.021,3449.821,66.257,59.674,0
4903,196,73.888,3.725,338.979,232.908,67.466,53.504,0
4904,196,81.613,6.84,311.991,7057.176,58.155,32.836,0
4905,196,71.416,5.312,286.162,485.043,64.425,71.621,1
4906,196,85.189,7.496,307.23,8703.86,61.891,41.846,1
4907,196,76.405,4.927,322.394,1955.177,59.779,55.902,0
4908,196,85.375,7.97,305.55,7344.832,55.128,58.259,0
4909,196,71.504,4.516,301.295,2076.428,52.673,61.363,0
4910,196,78.356,5.558,321.938,3968.556,67.741,63.928,0
4911,196,87.066,7.578,328.998,8786.28,64.478,65.903,0
4912,196,72.318,3.506,303.717,36.745,70.277,64.882,0
4913,196,85.407,7.746,355.577,8787.101,54.037,70.591,0
4914,196,77.883,4.962,313.014,1620.804,67.008,70.01,0
4915,196,74.069,5.373,331.069,4290.339,64.856,58.843,0
4916,196,78.006,4.961,330.366,3055.297,58.416,57.971,0
4917,196,80.066,5.461,315.931,3938.471,66.594,38.371,0
4918,196,77.283,5.635,307.268,4036.192,56.916,53.958,0
4919,196,83.416,7.152,326.421,7762.037,61.533,41.274,1
4920,196,84.601,6.26,345.663,7042.848,53.285,33.673,1
4921,196,73.972,5.012,316.913,321.565,55.195,60.728,0
4922,196,73.444,6.252,308.195,3121.793,52.65,53.552,0
4923,196,86.043,7.027,314.602,7140.291,61.915,59.839,1
4924,196,72.546,4.849,316.291,702.388,64.573,63.181,0
4925,197,83.744,3.751,345.799,2526.422,88.64,63.03,0
4926,197,81.747,3.17,308.461,681.718,74.816,46.379,0
4927,197,91.801,4.383,321.577,4675.018,80.589,69.977,0
4928,197,92.432,3.644,295.841,5192.402,89.329,56.61,0
4929,197,89.297,5.492,316.976,6860.748,91.571,55.22,0
4930,197,94.658,4.405,294.519,6907.621,72.369,57.894,0
4931,197,86.284,3.593,320.946,3291.174,74.494,63.67,0
4932,197,90.033,5.34,339.78,6353.922,79.268,55.679,0
4933,197,88.33,4.703,312.262,4784.138,83.601,80.137,0
4934,197,86.955,3.417,329.158,3319.472,79.289,55.148,0
4935,197,84.836,4.359,335.275,3058.805,82.81,56.933,0
4936,197,86.409,3.75,332.584,3340.761,88.706,56.999,0
4937,197,91.243,4.409,313.92,4537.81,81.955,56.813,0
4938,197,92.119,5.038,319.413,8062.305,76.76,60.924,0
4939,197,94.764,5.749,314.725,8414.985,63.535,65.412,0
4940,197,90.492,3.989,334.945,5643.438,71.604,39.359,0
4941,197,83.232,2.326,312.157,1858.245,82.967,47.44,0
4942,197,94.755,5.995,315.782,6718.863,70.5,56.815,1
4943,197,89.812,3.657,325.785,4195.781,73.353,41.59,0
4944,197,90.416,3.621,315.529,4062.764,86.344,34.42,0
4945,197,88.216,2.808,341.279,1832.163,88.416,64.213,0
4946,197,82.606,3.815,317.923,1339.935,78.066,47.345,0
4947,197,88.122,3.401,305.636,3020.523,86.901,33.687,0
4948,197,83.461,3.152,300.874,2349.54,67.517,40.674,0
4949,197,86.839,3.845,332.133,4374.295,75.082,67.896,0
4950,198,102.908,5.438,363.99,8412.636,31.095,64.92,0
4951,198,87.153,4.498,316.933,209.847,37.095,49.189,0
4952,198,94.765,4.639,308.913,3877.849,36.716,77.09,0
4953,198,89.942,3.754,339.794,2343.291,37.121,49.256,0
4954,198,97.12,5.771,324.974,6860.055,26.769,60.434,0
4955,198,89.315,3.309,323.284,910.064,43.591,75.588,0
4956,198,96.317,5.051,323.801,3229.736,40.963,52.38,0
4957,198,98.117,5.64,299.593,6596.567,37.484,44.339,0
4958,198,89.524,3.704,295.766,1354.503,30.169,36.319,0
4959,198,85.838,3.955,311.669,13.012,30.178,62.363,0
4960,198,99.493,6.212,344.926,8463.761,35.688,64.712,0
4961,198,95.251,4.824,333.081,5136.491,30.668,56.396,0
4962,198,96.039,5.175,333.047,5682.662,32.105,41.217,0
4963,198,97.487,5.91,306.188,6651.377,33.396,64.649,1
4964,198,96.416,5.101,324.0,3523.504,42.43,45.294,0
4965,198,95.106,4.928,291.2,4478.65,27.722,45.972,0
4966,198,99.193,4.991,301.304,5814.252,42.776,65.27,1
4967,198,95.518,5.836,313.777,5637.454,33.865,39.416,0
4968,198,99.054,5.301,316.715,5182.913,34.346,64.818,0
4969,198,98.952,5.961,322.012,8986.758,35.136,46.753,0
4970,198,105.064,6.134,315.086,8654.997,31.404,27.939,0
4971,198,97.617,5.194,324.028,4711.879,43.859,67.289,0
4972,198,93.397,4.534,329.887,2711.073,40.475,54.501,0
4973,198,93.46,4.876,337.354,5149.917,45.165,66.392,0
4974,198,95.358,4.365,321.225,4707.189,33.224,54.724,0
4975,199,75.923,5.26,292.724,2917.265,45.156,61.217,0
4976,199,77.647,5.539,335.314,4434.054,45.308,52.828,0
4977,199,71.587,3.9,323.319,3305.294,48.115,73.312,0
4978,199,81.21,5.928,301.986,8836.156,59.201,45.195,1
4979,199,74.688,4.562,308.507,2369.824,54.526,75.264,0
4980,199,74.59,5.036,327.781,3316.35,51.108,58.264,0
4981,199,71.981,4.388,324.274,2497.322,38.974,51.104,0
4982,199,72.083,4.576,327.955,1658.693,47.603,60.234,0
4983,199,71.673,4.234,318.892,2788.406,42.379,74.806,0
4984,199,75.225,5.008,295.278,5986.166,50.008,65.698,0
4985,199,72.927,3.145,316.404,281.61,39.013,63.395,0
4986,199,73.495,3.485,320.773,1194.607,46.82,59.161,0
4987,199,73.232,4.663,341.317,3208.74,52.412,55.693,0
4988,199,76.269,4.348,319.171,2827.011,45.801,64.748,0
4989,199,85.833,6.259,329.007,7579.577,46.372,61.758,0
4990,199,78.69,5.473,325.675,5544.146,47.747,38.461,0
4991,199,81.548,5.497,301.628,5040.171,51.197,76.497,1
4992,199,83.791,5.826,316.201,7474.126,46.955,53.79,0
4993,199,83.356,7.416,324.315,8612.57,41.264,66.416,0
4994,199,72.233,4.431,308.557,2303.697,64.941,71.17,0
4995,199,83.305,5.439,346.344,8765.685,48.65,45.927,0
4996,199,76.671,4.176,330.905,2503.96,39.719,79.199,0
4997,199,68.50800000000001,2.934,315.267,157.764,50.053,59.476,0
4998,199,71.165,4.237,336.865,1711.602,42.072,65.843,0
4999,199,82.029,6.19,306.876,5554.94,43.368,40.25,0
5000,200,85.333,3.272,300.708,3599.157,41.881,48.653,0
5001,200,83.517,1.658,300.01,996.652,30.703,57.325,0
5002,200,83.657,2.264,327.609,2838.268,39.735,55.401,0
5003,200,87.589,3.865,327.759,6958.882,32.598,43.497,0
5004,200,85.751,2.893,312.363,3162.885,35.572,64.377,0
5005,200,85.239,2.911,303.388,5212.947,43.083,59.105,0
5006,200,80.027,2.931,324.996,604.586,29.875,80.158,0
5007,200,91.082,2.715,301.566,4092.624,35.871,82.566,0
5008,200,80.52,2.748,323.156,1794.709,37.161,58.105,0
5009,200,80.894,1.965,303.521,945.886,34.662,75.28,0
5010,200,97.327,4.113,286.065,6614.791,49.117,68.171,0
5011,200,83.419,2.428,325.478,3017.781,22.625,54.723,0
5012,200,88.749,3.14,333.898,3738.743,38.251,68.229,1
5013,200,86.04,3.607,294.713,5306.695,30.083,60.136,0
5014,200,90.64,3.505,320.841,5596.887,34.857,31.22,0
5015,200,86.874,3.996,339.702,2519.313,29.547,50.513,0
5016,200,93.577,4.287,302.487,7358.113,42.511,79.199,0
5017,200,92.506,4.255,320.099,7430.523,32.192,53.581,0
5018,200,85.666,3.167,312.188,4371.051,31.664,50.048,0
5019,200,80.55,2.405,314.693,1130.693,36.137,65.49,0
5020,200,92.209,3.844,320.771,7797.885,39.193,71.092,0
5021,200,84.329,2.033,322.914,3201.196,33.866,48.764,0
5022,200,99.441,4.756,312.6,7444.144,45.985,54.249,0
5023,200,81.846,2.294,314.768,749.908,36.548,56.892,0
5024,200,90.11,4.724,315.785,6140.948,33.754,68.716,0
5025,201,100.854,5.938,303.265,7484.096,47.149,65.837,1
5026,201,98.41,4.326,302.889,4951.099,26.602,50.677,0
5027,201,98.157,3.816,341.563,5195.677,30.29,64.454,0
5028,201,92.782,3.664,304.976,2312.055,39.781,46.387,0
5029,201,89.307,4.58,343.031,3783.255,47.049,76.221,0
5030,201,101.491,4.124,324.08,6307.725,37.192,82.92,0
5031,201,87.407,2.875,333.947,99.736,25.624,44.455,0
5032,201,93.474,4.309,303.933,4948.917,34.33,53.058,0
5033,201,99.657,5.33,317.875,7373.735,32.238,74.047,1
5034,201,98.901,5.282,319.326,6376.754,37.19,47.857,0
5035,201,92.761,3.312,333.818,2299.049,34.804,64.301,0
5036,201,102.438,4.901,315.844,6692.463,38.423,65.789,0
5037,201,95.523,3.112,338.902,3266.093,33.308,41.786,0
5038,201,89.0,3.686,330.994,1759.358,39.343,56.176,0
5039,201,101.703,6.17,344.083,8426.037,33.377,46.763,0
5040,201,97.314,5.09,330.749,6490.421,36.027,60.156,0
5041,201,97.808,5.051,340.15,5752.033,30.894,65.781,0
5042,201,89.622,3.143,299.097,1375.668,45.307,59.592,0
5043,201,99.747,6.044,330.675,7820.652,31.281,63.667,0
5044,201,100.951,6.443,311.041,8414.751,36.287,61.954,1
5045,201,98.135,5.862,313.268,8579.831,36.998,65.429,1
5046,201,103.391,5.608,307.319,6984.026,24.588,56.369,1
5047,201,96.319,3.419,302.814,2815.507,35.631,39.731,0
5048,201,96.666,4.681,315.862,5011.616,30.515,64.372,0
5049,201,103.471,6.266,321.425,8406.677,36.091,40.29,1
5050,202,96.948,5.444,322.277,8433.469,48.725,51.406,0
5051,202,97.074,5.913,313.245,8774.893,50.203,47.667,0
5052,202,93.481,5.076,297.817,8221.92,50.833,42.208,0
5053,202,82.34,3.792,321.31,638.79,43.722,65.206,0
5054,202,80.998,2.968,323.485,438.238,47.874,49.656,0
5055,202,94.88,6.179,312.935,8517.36,36.996,67.393,0
5056,202,83.24,3.383,320.785,1825.625,49.339,61.854,0
5057,202,90.192,5.077,298.537,5541.87,48.856,83.213,0
5058,202,84.202,4.729,324.628,2666.576,47.228,49.085,0
5059,202,87.121,4.931,309.411,3027.833,46.424,60.01,0
5060,202,87.259,3.506,337.594,2064.103,37.321,50.997,0
5061,202,88.79,6.215,305.561,6495.07,49.429,43.7,0
5062,202,94.571,6.495,322.572,8688.609,40.733,41.193,1
5063,202,79.632,3.776,330.729,529.855,51.051,54.605,0
5064,202,84.017,3.7,326.916,911.277,50.548,84.796,0
5065,202,86.878,4.952,327.171,4561.549,47.419,71.628,0
5066,202,90.197,5.878,317.455,6815.941,55.271,79.209,0
5067,202,85.308,4.241,323.348,2331.454,49.681,73.737,0
5068,202,81.091,3.984,308.337,2243.959,55.871,63.547,0
5069,202,82.711,3.643,340.295,904.505,48.521,62.51,0
5070,202,84.291,4.909,314.157,2424.176,51.555,68.509,0
5071,202,90.473,6.168,329.022,8248.751,46.673,46.824,0
5072,202,86.927,4.482,311.984,4345.145,49.741,41.137,0
5073,202,86.197,2.795,331.853,727.367,49.233,66.221,0
5074,202,89.138,5.189,323.361,6293.959,55.053,46.823,0
5075,203,74.519,2.174,309.916,2291.157,52.667,62.037,0
5076,203,70.311,3.061,312.9,1987.939,47.234,72.289,0
5077,203,84.218,4.468,323.302,7898.63,37.274,71.523,0
5078,203,84.831,4.635,336.476,8727.456,38.529,36.531,0
5079,203,73.933,3.139,340.141,2923.796,48.867,62.037,0
5080,203,73.82,2.728,341.937,5246.987,43.377,65.917,0
5081,203,78.634,4.011,315.223,7784.539,53.726,67.205,0
5082,203,76.23,1.962,334.082,1789.01,45.507,46.661,0
5083,203,72.552,3.135,337.124,2499.089,48.566,47.102,0
5084,203,82.834,4.363,335.035,7956.559,45.244,44.085,0
5085,203,76.394,4.718,325.812,8650.002,43.334,69.193,0
5086,203,76.446,2.574,331.159,4665.74,38.67,62.604,0
5087,203,86.161,3.938,315.63,8651.869,34.916,46.472,0
5088,203,71.325,2.18,319.321,3574.461,50.443,55.864,0
5089,203,70.141,2.497,299.616,662.7,29.953,57.728,0
5090,203,85.345,4.44,323.946,8527.076,37.554,83.706,0
5091,203,75.025,4.228,324.71,6318.748,36.403,56.582,0
5092,203,79.724,4.212,309.978,6253.573,46.952,57.66,0
5093,203,82.48,4.952,318.258,8721.055,33.031,92.421,0
5094,203,68.793,2.429,295.396,1462.981,49.757,45.94,0
5095,203,69.606,1.897,320.618,2559.655,42.072,49.558,0
5096,203,70.787,2.133,328.997,1864.25,42.575,63.329,0
5097,203,85.904,6.108,308.199,8852.348,44.205,73.608,0
5098,203,76.093,3.544,323.009,5326.521,41.884,55.438,0
5099,203,79.435,4.798,311.548,8589.517,43.937,57.004,0
5100,204,78.583,5.677,325.393,2928.776,35.255,56.001,0
5101,204,80.055,4.748,313.543,2436.479,45.282,48.167,0
5102,204,89.059,6.595,319.676,8942.696,42.49,45.246,0
5103,204,77.472,5.394,272.394,4295.409,52.699,80.766,0
5104,204,76.745,4.716,315.511,2381.763,50.825,59.338,0
5105,204,77.868,5.287,306.179,3085.862,36.219,51.688,0
5106,204,75.013,4.004,333.196,603.145,30.977,70.449,0
5107,204,83.966,5.294,313.041,5738.225,39.494,73.412,1
5108,204,79.322,4.981,309.574,2360.39,28.105,52.295,0
5109,204,91.39,7.04,293.369,8924.644,45.062,50.51,1
5110,204,79.252,5.383,312.652,4015.208,39.526,67.124,0
5111,204,74.005,4.471,314.396,964.607,50.502,35.811,0
5112,204,78.34,5.241,322.335,1459.126,50.541,64.871,1
5113,204,94.593,7.095,312.643,8879.627,42.47,75.511,0
5114,204,80.659,5.879,321.245,5326.374,37.513,52.951,0
5115,204,78.576,4.724,337.546,1124.602,54.095,60.795,0
5116,204,80.694,4.228,300.459,2944.431,33.16,68.328,0
5117,204,84.647,5.71,296.467,4507.69,44.774,70.554,0
5118,204,83.973,6.182,326.418,7039.3,45.38,55.402,0
5119,204,80.611,5.025,314.621,4060.647,43.891,55.006,0
5120,204,82.026,4.724,315.75,4768.555,30.149,66.285,0
5121,204,77.372,5.263,330.308,2080.701,45.653,80.815,0
5122,204,79.249,5.852,319.598,6118.133,39.989,62.464,0
5123,204,86.124,6.323,302.985,6900.764,48.382,50.22,1
5124,204,77.021,3.669,317.801,1268.451,39.04,52.971,0
5125,205,83.836,6.456,321.96,6518.705,28.086,69.581,0
5126,205,87.556,5.528,296.071,6903.793,28.532,13.391,0
5127,205,82.936,5.337,325.922,4607.912,28.322,38.288,0
5128,205,79.847,4.802,305.827,3630.754,33.213,46.349,0
5129,205,80.395,5.369,316.452,3166.15,19.736,47.574,0
5130,205,77.68,4.705,311.75,3269.754,31.344,54.527,0
5131,205,80.703,5.233,304.551,5149.774,35.488,59.387,0
5132,205,78.303,4.928,309.015,3247.921,30.128,69.518,0
5133,205,76.839,4.706,297.487,2367.274,27.593,64.275,0
5134,205,78.692,5.596,307.194,5803.984,32.886,81.132,0
5135,205,80.542,4.332,310.365,2629.989,26.845,61.372,0
5136,205,88.092,5.737,294.21,8113.814,23.634,49.234,0
5137,205,81.276,4.702,314.534,4616.407,36.858,68.159,0
5138,205,86.463,6.311,333.878,8804.257,36.344,56.656,0
5139,205,84.718,5.025,322.558,4527.653,26.608,47.539,0
5140,205,80.208,4.664,301.279,6288.38,31.782,28.825,0
5141,205,80.021,6.201,309.103,6149.495,28.065,65.07,0
5142,205,75.109,4.551,320.629,189.632,32.121,65.823,0
5143,205,84.235,5.951,331.735,5833.11,30.95,67.219,0
5144,205,84.765,6.341,322.705,6389.007,30.112,52.01,0
5145,205,76.46,5.349,339.362,5581.405,27.352,75.313,0
5146,205,77.251,4.047,325.775,1041.381,18.591,66.324,0
5147,205,70.68,4.341,313.456,22.391,33.396,80.322,0
5148,205,82.599,5.101,336.427,5179.705,31.935,46.124,0
5149,205,81.428,5.0,323.902,4677.235,34.48,60.56,0
5150,206,98.271,4.164,331.387,8381.487,68.218,71.133,0
5151,206,94.561,3.944,310.632,6118.33,60.737,76.834,0
5152,206,91.427,4.41,314.055,7791.639,71.761,67.093,0
5153,206,86.939,3.272,327.933,3614.992,58.556,52.92,0
5154,206,89.733,3.017,317.425,2867.128,70.127,59.161,0
5155,206,80.054,1.253,309.996,66.052,60.353,52.369,0
5156,206,92.169,3.602,300.235,6528.868,67.762,61.441,0
5157,206,94.301,4.32,293.918,8629.977,57.791,63.464,0
5158,206,82.464,2.558,290.084,1531.529,65.848,42.317,0
5159,206,89.29,3.591,326.865,4257.097,60.551,75.301,0
5160,206,88.814,4.106,342.558,3693.141,63.467,44.336,0
5161,206,85.708,1.771,335.644,935.619,68.642,71.226,0
5162,206,85.528,2.702,360.853,859.494,67.291,54.633,0
5163,206,83.212,2.477,319.51,1321.663,58.377,62.364,0
5164,206,80.894,2.548,320.172,355.274,59.277,55.497,0
5165,206,96.503,4.546,294.559,8520.344,58.6,53.008,1
5166,206,84.812,2.194,345.032,1741.717,54.009,53.43,0
5167,206,92.078,5.132,301.669,8433.888,69.108,51.939,1
5168,206,93.525,4.452,335.479,8536.14,66.712,69.435,1
5169,206,92.448,4.687,322.112,6496.958,60.366,61.648,0
5170,206,93.443,4.454,315.108,6806.313,60.976,66.309,0
5171,206,95.412,5.091,317.088,8584.622,72.31,61.371,0
5172,206,77.179,1.576,337.755,136.726,67.871,54.363,0
5173,206,98.167,4.197,302.559,8260.227,54.53,58.852,0
5174,206,95.11,4.703,321.567,7825.244,64.62,56.037,0
5175,207,79.743,7.841,281.423,6065.748,45.36,34.681,0
5176,207,82.367,7.89,322.168,7169.781,54.148,59.575,1
5177,207,73.793,4.93,315.269,1271.686,41.323,61.854,0
5178,207,74.954,4.834,316.552,1179.279,46.832,39.006,0
5179,207,79.97,7.699,319.458,6424.16,48.945,46.946,0
5180,207,87.051,7.608,322.828,7693.216,43.137,43.011,1
5181,207,75.193,5.54,324.193,1091.153,48.443,67.388,0
5182,207,69.233,6.09,344.828,2035.134,39.725,57.481,0
5183,207,79.765,7.321,305.367,4798.068,40.533,43.291,1
5184,207,82.928,7.25,305.168,6454.755,43.232,59.363,1
5185,207,77.031,6.137,315.028,3461.396,44.903,70.112,0
5186,207,77.722,6.546,305.829,3474.823,39.522,66.883,0
5187,207,80.366,7.737,299.673,7704.117,57.148,65.67,1
5188,207,78.789,5.364,316.155,3200.806,53.926,69.35,0
5189,207,73.749,5.757,323.555,241.681,47.193,36.739,0
5190,207,78.697,6.802,327.456,4492.202,46.871,77.863,0
5191,207,84.048,8.216,325.442,8612.228,51.372,67.89,1
5192,207,80.421,7.898,321.761,7533.031,47.976,46.222,0
5193,207,73.886,5.751,321.867,1637.316,47.714,45.973,0
5194,207,74.918,5.633,295.083,1934.704,57.176,69.353,0
5195,207,81.504,8.188,311.25,8473.256,39.215,48.002,0
5196,207,70.497,5.635,302.926,690.358,57.101,63.296,0
5197,207,82.912,7.215,331.013,6308.757,56.328,63.706,0
5198,207,76.098,6.806,320.132,4414.521,50.014,25.351,0
5199,207,78.623,6.142,333.55,2674.176,45.386,47.837,0
5200,208,93.523,5.923,324.559,8904.026,68.38,48.603,0
5201,208,77.431,2.623,311.065,58.116,66.118,54.059,0
5202,208,81.461,2.377,310.982,6.874,61.962,74.908,0
5203,208,84.48,3.756,323.586,3714.66,54.721,63.804,0
5204,208,90.503,4.562,330.576,6593.814,57.975,64.549,0
5205,208,91.131,5.036,326.385,8967.921,60.807,36.101,0
5206,208,79.106,2.334,328.891,359.753,46.357,61.109,0
5207,208,83.319,3.908,311.526,2753.304,58.558,35.393,0
5208,208,83.753,4.345,327.38,3554.4,56.956,68.159,0
5209,208,86.489,4.258,307.297,4937.437,70.069,57.297,0
5210,208,87.51,2.867,318.729,2957.825,54.055,53.959,0
5211,208,88.401,3.129,325.263,1256.734,63.253,60.492,0
5212,208,86.163,4.05,320.674,5143.038,57.618,35.745,0
5213,208,89.245,5.485,327.464,7831.965,60.903,74.928,0
5214,208,87.782,4.803,316.759,6383.141,60.602,60.987,0
5215,208,84.229,4.202,322.857,2992.157,63.676,55.199,0
5216,208,81.143,3.17,313.041,3314.921,67.124,65.935,0
5217,208,89.067,4.31,320.478,5740.44,67.293,66.236,0
5218,208,84.567,3.258,326.274,4311.606,63.6,66.619,0
5219,208,87.28,4.275,311.913,5588.667,64.236,73.306,0
5220,208,91.272,5.219,335.593,8733.153,70.521,52.995,0
5221,208,86.203,3.359,317.716,5078.629,56.974,46.18,0
5222,208,84.538,4.045,279.366,5409.235,67.389,56.471,0
5223,208,90.586,4.842,307.112,7636.856,66.086,63.631,0
5224,208,76.499,2.879,346.088,136.451,62.754,61.006,0
5225,209,75.077,4.097,298.91,4839.278,46.604,74.066,0
5226,209,67.791,4.105,328.237,3857.952,54.207,65.755,0
5227,209,77.095,4.965,325.718,6913.421,56.825,40.22,0
5228,209,74.008,5.343,315.528,7474.463,45.308,53.431,0
5229,209,74.619,4.917,311.443,8009.607,57.464,39.093,0
5230,209,78.762,5.117,306.652,7398.016,51.225,74.791,0
5231,209,62.631,3.446,344.64,624.443,50.54,57.741,0
5232,209,76.669,6.055,335.628,8309.512,46.516,66.709,0
5233,209,67.595,2.883,312.518,48.249,51.07,49.384,0
5234,209,74.074,5.246,310.478,7177.907,54.284,45.034,0
5235,209,71.312,4.301,326.439,5832.841,41.717,49.675,0
5236,209,68.65899999999999,3.849,293.619,2066.096,55.609,39.788,0
5237,209,70.918,4.041,332.324,3404.744,61.188,49.262,0
5238,209,75.772,5.35,318.82,6684.627,46.293,68.448,0
5239,209,77.449,4.351,334.965,7004.055,58.808,57.543,1
5240,209,78.936,4.89,330.249,7897.114,50.986,69.781,0
5241,209,69.261,3.249,315.232,1850.589,52.042,73.385,0
5242,209,69.113,4.318,295.071,4738.281,50.051,76.831,0
5243,209,64.229,1.828,316.99,136.252,55.981,47.272,0
5244,209,70.51,3.749,324.644,3297.2,53.804,57.56,0
5245,209,74.109,5.28,297.412,7071.611,61.815,51.944,0
5246,209,69.977,2.685,321.031,667.59,54.527,54.11,0
5247,209,70.186,3.732,348.464,2603.608,51.875,61.838,0
5248,209,76.28,5.308,311.075,7163.587,50.232,56.922,0
5249,209,67.812,3.288,328.539,3552.535,44.669,50.703,0
5250,210,75.502,3.625,336.044,3183.128,67.086,38.177,0
5251,210,78.628,5.539,304.845,6199.883,65.186,63.703,0
5252,210,71.599,3.626,296.097,1446.446,79.795,59.393,0
5253,210,69.405,2.939,320.581,264.849,70.006,66.198,0
5254,210,70.677,2.802,330.749,1879.337,68.263,50.015,0
5255,210,76.543,4.788,361.363,4993.852,69.076,64.284,0
5256,210,78.344,4.547,318.805,5200.817,63.622,62.788,0
5257,210,77.359,5.477,313.713,6210.874,63.526,56.223,0
5258,210,76.379,4.595,329.219,4184.34,65.873,60.672,0
5259,210,78.544,4.271,308.913,4969.48,65.229,61.877,0
5260,210,76.078,3.74,318.886,3112.954,65.024,67.238,0
5261,210,74.475,4.917,322.244,3312.757,66.266,77.149,1
5262,210,73.955,4.929,316.219,4282.235,64.092,59.479,1
5263,210,82.538,6.855,322.99,7731.9,72.596,45.877,1
5264,210,81.519,5.285,325.02,6838.304,60.177,50.144,0
5265,210,72.555,3.708,321.059,2667.003,69.305,43.643,0
5266,210,82.84,6.12,302.084,8194.285,61.201,67.305,0
5267,210,73.72,4.731,335.526,5481.018,79.518,40.753,1
5268,210,78.044,6.003,340.256,7960.541,69.361,64.551,0
5269,210,77.784,5.044,337.318,5737.468,74.275,46.099,0
5270,210,80.647,5.779,327.854,7813.527,67.685,34.005,0
5271,210,76.682,4.188,290.747,5681.735,62.563,53.797,0
5272,210,73.008,4.157,309.48,2815.644,64.451,57.609,0
5273,210,83.89,5.758,322.793,8696.215,54.842,83.311,0
5274,210,78.685,4.999,307.655,5964.056,56.226,36.801,0
5275,211,74.888,2.365,321.522,1040.342,43.813,56.385,0
5276,211,84.608,4.336,300.731,4926.614,43.487,48.562,0
5277,211,76.773,3.754,321.321,2300.78,34.49,52.438,0
5278,211,89.168,5.647,316.529,8034.901,43.802,46.533,0
5279,211,84.714,6.01,323.187,8940.722,43.066,60.835,0
5280,211,88.159,5.238,326.688,7114.422,44.291,78.349,0
5281,211,84.988,5.671,300.098,5000.769,39.237,75.487,0
5282,211,92.736,5.937,297.799,8860.924,55.163,70.347,1
5283,211,85.331,4.209,341.864,4611.177,40.291,62.173,1
5284,211,84.208,4.794,307.143,6242.524,36.261,88.286,0
5285,211,81.019,4.147,313.514,4687.003,41.754,60.801,0
5286,211,81.973,3.808,336.031,5263.696,44.378,54.077,0
5287,211,86.171,5.044,327.846,3936.658,47.277,37.371,0
5288,211,74.171,2.68,296.323,629.289,39.146,65.887,0
5289,211,79.61,3.038,303.208,4195.805,37.516,57.424,0
5290,211,83.412,4.125,317.194,4284.518,37.009,55.461,0
5291,211,79.8,3.36,316.514,3785.822,49.497,21.919,0
5292,211,74.76,3.726,295.542,610.577,36.85,73.794,0
5293,211,85.032,5.209,315.211,7114.46,39.242,52.243,0
5294,211,77.23,3.003,321.001,1595.148,44.218,68.103,0
5295,211,79.122,3.092,332.563,1349.741,44.852,48.444,0
5296,211,79.997,3.78,323.006,3679.381,37.257,44.381,0
5297,211,76.466,3.183,306.83,1946.074,38.244,51.527,0
5298,211,71.651,2.132,350.549,174.328,42.984,69.955,0
5299,211,84.234,4.211,319.536,6579.317,46.495,63.529,0
5300,212,86.507,2.853,333.074,4627.229,90.071,73.568,0
5301,212,79.548,1.068,305.137,375.771,96.033,68.228,0
5302,212,79.003,1.381,327.367,401.895,96.673,37.1,0
5303,212,88.97,4.328,319.451,5421.086,89.193,71.796,0
5304,212,80.292,2.81,309.344,1793.289,97.0,43.976,0
5305,212,84.896,4.535,310.064,5040.991,84.734,75.375,0
5306,212,92.219,4.004,325.926,7207.138,88.841,48.567,0
5307,212,85.726,4.063,311.704,5705.706,76.425,62.904,0
5308,212,92.137,4.192,313.776,7269.412,92.418,53.815,1
5309,212,80.256,2.507,318.519,1229.28,92.388,51.934,0
5310,212,75.623,2.279,332.766,80.438,97.06,48.663,0
5311,212,81.929,2.473,306.17,1093.245,83.279,51.19,0
5312,212,88.735,3.345,341.837,5269.881,95.751,47.82,0
5313,212,85.806,1.597,312.541,1632.661,83.736,52.042,0
5314,212,89.217,3.343,343.167,4385.938,94.574,43.272,0
5315,212,84.965,3.916,315.083,4573.779,89.991,83.749,0
5316,212,93.626,4.011,298.363,6825.692,80.273,41.525,0
5317,212,77.397,2.86,308.223,752.951,90.047,54.066,0
5318,212,92.818,5.241,317.378,8915.679,94.347,47.102,1
5319,212,90.934,4.152,319.637,7345.635,91.944,59.189,0
5320,212,85.228,3.622,326.556,4429.822,96.39,58.801,0
5321,212,85.994,2.838,336.351,4000.255,82.695,73.872,0
5322,212,83.63,2.393,300.0,3397.036,96.324,54.057,0
5323,212,87.509,3.27,296.677,5190.094,92.766,74.645,0
5324,212,80.488,1.706,309.777,1074.483,88.167,48.552,0
5325,213,81.105,6.919,323.76,4382.404,84.207,63.537,1
5326,213,81.39,7.288,310.264,2212.078,84.35,48.533,0
5327,213,91.817,7.942,295.274,5732.199,88.168,51.168,0
5328,213,81.286,6.877,309.316,2076.363,87.495,57.345,0
5329,213,92.385,8.405,326.671,7510.202,83.92,57.156,0
5330,213,76.479,4.85,330.887,119.731,82.005,76.747,0
5331,213,91.877,8.582,311.178,7862.471,81.248,43.865,1
5332,213,87.013,7.285,280.724,5835.167,82.369,71.64,1
5333,213,77.651,5.414,309.811,1038.427,82.612,58.905,0
5334,213,88.131,7.58,309.14,6753.395,80.363,58.865,1
5335,213,87.179,7.946,316.487,6465.432,83.034,50.509,1
5336,213,84.166,8.314,310.326,5406.943,92.333,80.538,1
5337,213,79.331,5.956,299.341,959.565,86.836,67.431,0
5338,213,77.742,6.656,317.59,23.837,89.437,49.831,0
5339,213,89.79,8.453,312.393,8181.299,87.99,68.354,0
5340,213,86.659,7.884,322.348,4634.375,81.321,80.24,0
5341,213,82.404,7.528,313.46,2742.895,74.782,54.08,0
5342,213,82.508,6.343,302.439,1532.678,76.58,57.84,0
5343,213,89.224,8.688,332.976,7469.997,75.546,51.601,0
5344,213,85.33,6.951,283.327,4906.024,75.012,57.609,1
5345,213,77.396,6.022,312.036,718.126,74.273,59.872,0
5346,213,85.438,7.572,325.191,6117.581,87.063,39.432,1
5347,213,87.281,8.007,310.445,7044.626,100.0,58.063,1
5348,213,89.689,7.957,275.346,5816.628,88.713,48.052,1
5349,213,79.356,7.358,313.217,3883.088,90.786,39.881,1
5350,214,95.249,3.165,333.012,1865.589,90.485,52.1,0
5351,214,109.689,5.093,287.181,7634.532,88.721,62.287,1
5352,214,100.941,2.644,308.334,3391.193,87.596,64.709,0
5353,214,99.196,3.823,318.637,3921.1,95.751,66.558,0
5354,214,102.189,3.701,317.71,4115.854,89.807,71.445,0
5355,214,95.831,2.769,323.674,2760.922,96.252,63.085,0
5356,214,99.309,3.346,326.403,3278.046,86.573,55.733,0
5357,214,104.873,5.115,309.327,6802.493,76.024,57.688,0
5358,214,105.759,4.694,304.559,5865.43,95.03,61.36,1
5359,214,94.085,2.545,322.859,1549.033,84.011,63.448,0
5360,214,93.979,3.269,322.003,1322.616,88.98,61.236,0
5361,214,105.622,4.701,315.343,6917.434,83.27,58.284,0
5362,214,110.597,4.309,313.218,8225.434,89.33,58.644,0
5363,214,105.735,4.254,328.857,6781.157,92.928,68.12,0
5364,214,99.657,3.698,319.896,3940.498,77.989,63.156,0
5365,214,100.72,4.924,319.625,5179.812,89.954,69.31,0
5366,214,107.851,4.731,347.023,7255.715,95.397,42.485,0
5367,214,105.609,4.128,311.679,6288.608,80.488,75.357,1
5368,214,95.663,1.947,317.196,133.538,86.466,41.389,0
5369,214,94.352,2.162,305.863,393.424,90.165,49.7,0
5370,214,104.569,4.762,322.908,6726.934,87.212,59.029,1
5371,214,103.628,3.434,279.618,5371.125,93.464,88.734,0
5372,214,99.534,2.141,324.391,380.01,88.053,64.368,0
5373,214,109.099,4.83,330.564,8687.264,88.528,59.097,1
5374,214,103.382,3.427,323.937,5693.475,91.34,76.617,1
5375,215,88.205,5.692,309.448,8752.288,67.724,42.971,0
5376,215,82.718,4.843,337.877,6116.416,64.663,58.426,0
5377,215,86.164,4.467,303.7,8471.944,52.831,62.312,0
5378,215,80.343,4.686,304.018,5428.046,57.575,70.237,0
5379,215,78.976,3.146,328.9,4326.256,67.384,64.062,0
5380,215,74.058,2.66,333.639,624.691,52.189,54.829,0
5381,215,88.13,5.042,334.04,8651.553,60.875,62.014,0
5382,215,82.383,4.765,327.529,6501.212,59.485,69.057,0
5383,215,81.944,4.588,309.033,6484.349,63.151,51.864,0
5384,215,80.177,3.067,316.568,2916.657,49.551,38.732,0
5385,215,83.7,6.221,320.572,8153.409,58.071,71.224,0
5386,215,80.198,3.42,322.968,3650.328,65.55,77.237,0
5387,215,74.558,3.857,316.604,3495.734,62.773,68.206,0
5388,215,82.944,5.622,314.618,7022.144,59.355,40.708,0
5389,215,74.605,3.531,306.059,2890.122,57.615,67.253,0
5390,215,77.318,4.636,309.122,6933.085,68.097,19.906,0
5391,215,77.323,2.594,304.451,2827.421,55.486,49.108,0
5392,215,85.316,5.411,334.105,8717.008,54.363,63.536,0
5393,215,87.811,5.137,302.354,8296.587,62.509,69.639,0
5394,215,82.36,4.502,332.009,5321.055,56.49,69.222,0
5395,215,84.171,4.759,319.493,5853.272,62.383,63.698,0
5396,215,79.58,5.552,331.162,5194.02,51.092,59.932,0
5397,215,72.399,1.997,335.138,1009.516,51.323,54.212,0
5398,215,80.511,3.945,297.592,5628.12,56.169,64.847,0
5399,215,73.056,2.505,323.863,1965.004,69.758,55.814,0
5400,216,80.06,3.178,336.143,6529.702,49.704,76.347,0
5401,216,81.221,3.253,309.082,4963.101,52.213,54.066,0
5402,216,74.211,2.431,314.493,577.461,40.654,38.197,0
5403,216,72.1,2.509,334.215,748.361,56.238,65.984,0
5404,216,72.889,3.123,317.7,3019.894,48.523,56.23,0
5405,216,87.481,4.048,328.996,8642.774,46.831,51.805,0
5406,216,79.642,3.85,331.168,4583.251,55.068,64.077,0
5407,216,82.951,3.979,335.22,4698.762,50.624,68.855,0
5408,216,82.706,4.599,335.672,7775.228,48.023,47.59,0
5409,216,84.478,3.979,325.512,7063.353,47.519,79.126,0
5410,216,76.854,3.581,316.419,5895.322,45.391,67.088,0
5411,216,80.953,3.503,307.355,4101.476,53.434,62.371,0
5412,216,80.62,3.722,330.849,5090.876,51.239,57.716,0
5413,216,79.375,3.884,312.079,4917.162,61.23,62.181,0
5414,216,77.737,3.753,332.164,6190.567,52.318,73.179,0
5415,216,80.673,3.662,306.591,3261.833,54.489,62.49,0
5416,216,78.082,2.634,306.043,1966.288,46.425,64.088,0
5417,216,70.921,2.266,329.658,1413.867,44.981,48.123,0
5418,216,71.778,1.712,311.382,627.48,56.851,74.268,0
5419,216,79.946,3.765,316.493,5716.208,42.113,55.349,0
5420,216,85.238,3.321,321.476,6393.572,39.419,79.81,0
5421,216,77.302,1.418,325.621,851.867,40.466,43.27,0
5422,216,71.294,1.691,334.468,123.089,53.945,63.203,0
5423,216,78.722,4.284,338.032,6701.611,41.337,55.618,0
5424,216,86.148,4.205,308.921,7139.111,42.507,48.241,0
5425,217,89.176,7.337,308.197,7687.407,84.16,77.985,1
5426,217,85.339,5.638,337.954,4433.779,91.707,46.573,0
5427,217,88.363,6.075,317.607,7176.503,82.552,47.058,1
5428,217,87.999,6.371,310.074,8311.413,72.085,72.307,0
5429,217,78.95,4.165,320.566,1320.697,90.989,56.039,0
5430,217,84.297,5.608,308.367,4103.392,78.001,69.034,0
5431,217,84.702,5.75,330.53,2746.091,87.321,62.806,0
5432,217,81.819,6.362,296.301,6305.542,78.5,55.01,0
5433,217,90.832,6.492,318.753,7463.943,98.079,36.855,0
5434,217,82.253,4.989,314.674,5844.217,85.829,72.9,0
5435,217,92.676,7.141,315.511,8241.624,83.017,69.497,1
5436,217,81.945,6.247,300.366,5711.34,80.933,65.434,1
5437,217,83.615,6.703,310.574,7453.477,88.952,81.129,1
5438,217,86.962,7.146,303.799,8761.211,79.22,77.022,0
5439,217,91.814,6.975,308.351,8808.584,88.008,67.244,1
5440,217,77.037,5.247,327.839,3995.964,83.388,65.317,0
5441,217,82.364,5.961,319.645,4702.425,83.595,44.822,0
5442,217,86.462,6.486,309.216,5904.189,79.326,58.73,1
5443,217,83.65,5.662,341.365,3739.758,86.209,64.613,0
5444,217,83.997,5.841,335.928,3751.662,84.611,53.618,0
5445,217,83.633,6.59,293.701,4683.753,91.008,68.032,0
5446,217,88.141,6.147,308.703,7457.274,86.693,54.172,1
5447,217,79.263,5.048,307.313,2218.693,73.461,68.633,0
5448,217,78.211,3.768,334.843,926.842,90.644,67.029,0
5449,217,87.09,6.43,339.247,7108.065,79.262,29.611,1
5450,218,98.036,6.038,302.527,4512.875,88.618,72.003,0
5451,218,92.287,5.356,328.478,2296.278,76.768,62.505,0
5452,218,96.94,7.072,325.149,4679.024,89.314,54.362,1
5453,218,104.241,8.725,284.313,8001.006,75.204,45.638,1
5454,218,96.88,5.294,302.915,2038.512,78.601,50.897,0
5455,218,104.25,7.128,298.433,4689.593,66.147,67.642,1
5456,218,92.768,7.035,325.414,4063.537,71.94,79.194,1
5457,218,101.464,7.013,307.992,6443.241,74.41,50.823,1
5458,218,102.142,6.0,333.899,4118.391,72.601,52.519,0
5459,218,101.989,8.4,338.979,8307.811,84.801,54.051,1
5460,218,100.336,6.97,309.892,5543.54,79.93,50.346,1
5461,218,101.046,6.917,315.907,6411.36,74.517,58.623,1
5462,218,104.508,6.497,321.178,5235.443,74.607,81.563,0
5463,218,98.577,7.326,296.872,5937.043,77.985,62.929,1
5464,218,100.705,6.207,308.797,4749.145,84.992,55.66,0
5465,218,94.901,6.46,326.54,3991.951,61.142,59.376,0
5466,218,98.829,7.176,321.918,5639.049,82.415,78.196,1
5467,218,101.378,7.167,290.113,4459.009,77.537,56.441,0
5468,218,96.972,6.022,286.591,2496.539,77.463,59.71,0
5469,218,97.761,6.408,328.668,1970.739,77.489,56.24,0
5470,218,94.418,5.133,299.692,676.489,81.281,33.004,0
5471,218,100.453,7.143,330.022,6045.916,89.558,74.979,0
5472,218,100.997,7.073,333.226,4278.14,76.429,65.203,0
5473,218,103.442,7.778,313.95,7072.26,74.376,44.321,0
5474,218,96.66,6.479,292.432,3100.73,75.082,96.707,0
5475,219,72.742,3.23,294.513,1455.631,66.168,47.953,0
5476,219,78.92,5.478,316.826,5224.782,56.144,56.982,0
5477,219,86.601,6.102,323.584,8709.248,54.251,51.524,0
5478,219,78.938,4.873,299.133,3502.044,56.447,59.217,0
5479,219,77.765,3.345,332.194,1437.334,60.038,46.909,0
5480,219,74.977,3.525,344.531,1412.56,51.821,57.3,0
5481,219,76.201,3.978,306.96,1157.521,56.973,65.711,0
5482,219,83.223,5.86,310.91,8054.998,57.369,62.847,0
5483,219,77.522,4.473,324.636,4419.922,67.961,56.369,0
5484,219,83.543,5.87,308.018,6244.222,48.976,41.196,0
5485,219,79.176,5.315,345.812,4021.777,58.981,56.75,0
5486,219,80.901,4.718,325.206,4173.922,50.042,41.45,0
5487,219,73.754,3.737,314.542,1971.497,65.802,49.065,0
5488,219,81.925,5.352,318.974,6198.009,37.952,51.208,0
5489,219,76.134,4.848,301.925,3932.063,53.591,73.035,0
5490,219,76.476,4.739,309.272,3898.623,42.681,57.395,0
5491,219,77.223,5.284,306.057,4954.183,51.854,22.32,0
5492,219,77.179,3.728,334.995,1770.21,53.32,61.334,0
5493,219,82.276,5.729,327.336,5618.245,60.847,56.44,0
5494,219,75.647,5.112,326.353,2562.71,43.426,41.102,0
5495,219,74.744,3.308,319.034,1217.967,55.244,63.049,0
5496,219,79.463,4.798,322.904,2496.828,62.661,56.115,0
5497,219,73.14,3.865,308.176,1737.619,59.194,80.458,0
5498,219,68.91499999999999,3.148,327.276,314.165,51.645,31.244,0
5499,219,78.445,4.674,274.762,4848.531,61.973,82.873,0
5500,220,87.883,4.257,331.086,3351.774,29.5,59.203,0
5501,220,84.105,2.906,337.951,70.381,19.6,50.104,0
5502,220,93.892,5.533,315.321,8269.914,33.252,56.636,0
5503,220,85.312,4.717,321.219,2850.964,19.269,58.899,0
5504,220,95.904,4.793,300.681,7254.642,23.458,60.533,1
5505,220,86.313,4.443,313.927,3093.416,44.284,38.383,0
5506,220,86.283,3.903,322.71,4227.137,29.598,42.199,0
5507,220,82.635,2.804,309.606,478.668,28.607,83.095,0
5508,220,94.614,6.115,311.52,8749.292,18.216,62.968,1
5509,220,82.474,3.694,313.985,32.174,25.933,49.232,0
5510,220,82.333,3.656,350.144,186.0,32.89,60.069,0
5511,220,93.518,4.876,312.912,6165.483,31.809,50.49,0
5512,220,88.3,3.566,321.093,3036.131,26.967,40.105,0
5513,220,83.908,4.084,316.141,1171.017,31.026,79.748,0
5514,220,92.875,4.474,302.297,4274.669,23.246,68.009,0
5515,220,89.616,4.006,296.016,1881.338,34.262,67.196,0
5516,220,98.487,5.106,327.805,7177.495,21.094,71.045,0
5517,220,90.059,3.604,323.83,3579.268,27.263,59.883,0
5518,220,98.423,5.178,300.767,7646.635,29.752,89.903,0
5519,220,92.056,4.567,332.627,3961.524,28.05,46.491,0
5520,220,93.885,5.509,333.324,5353.177,21.931,60.964,0
5521,220,89.685,3.213,320.559,284.786,33.539,28.914,0
5522,220,83.751,2.609,318.342,417.602,27.624,51.945,0
5523,220,88.052,4.342,309.732,2984.476,35.378,47.203,0
5524,220,82.423,2.454,326.737,282.799,22.042,50.783,0
5525,221,83.51,7.12,345.192,7879.508,68.61,63.103,0
5526,221,77.109,5.405,331.531,2631.157,69.108,73.653,0
5527,221,79.383,5.976,329.772,5259.008,64.844,54.473,1
5528,221,83.306,5.585,322.188,5356.365,76.48,58.235,0
5529,221,79.629,5.583,321.564,4564.206,79.985,48.15,0
5530,221,73.711,4.563,321.727,904.065,65.406,60.132,0
5531,221,81.742,6.707,315.228,4874.594,70.24,57.758,0
5532,221,77.065,5.183,302.506,3291.177,69.24,60.201,0
5533,221,74.052,5.586,320.64,2242.084,70.374,68.562,0
5534,221,88.933,7.472,295.612,8969.498,78.317,53.165,0
5535,221,81.927,6.024,311.709,6226.616,65.653,47.535,0
5536,221,78.917,5.653,313.885,1475.206,63.228,42.382,0
5537,221,87.68,6.781,329.887,8635.17,76.358,60.967,0
5538,221,87.846,7.446,327.952,8654.222,68.335,37.625,0
5539,221,77.534,3.939,307.563,1380.231,71.316,69.508,0
5540,221,75.412,4.769,333.848,1814.754,74.784,61.346,0
5541,221,77.416,5.64,292.052,2791.455,67.519,56.771,0
5542,221,79.016,5.804,322.768,5321.479,70.599,52.246,0
5543,221,74.296,4.375,304.625,198.988,75.692,41.096,0
5544,221,91.127,7.72,323.131,8978.559,80.839,51.145,1
5545,221,77.183,5.012,301.865,2189.89,70.769,64.304,0
5546,221,81.976,5.86,315.792,4456.212,76.382,71.874,0
5547,221,73.262,4.707,321.721,962.233,77.708,34.209,0
5548,221,76.584,4.424,320.462,1507.115,75.82,66.052,0
5549,221,85.641,7.966,322.059,8650.601,68.144,64.864,1
5550,222,91.992,5.04,333.694,8154.956,51.681,66.458,0
5551,222,88.053,3.122,331.755,3559.682,47.686,58.364,0
5552,222,88.096,4.449,325.163,4293.167,60.829,49.967,0
5553,222,88.428,2.933,326.131,1836.146,48.749,53.249,0
5554,222,87.564,3.845,316.58,4130.808,54.405,56.546,0
5555,222,87.836,2.462,334.744,3184.739,63.333,59.555,0
5556,222,86.611,1.79,315.805,169.986,60.963,54.305,0
5557,222,88.126,3.255,310.569,2919.528,57.534,63.706,0
5558,222,84.601,2.406,342.868,804.423,58.724,66.977,0
5559,222,99.847,5.201,327.777,8970.959,56.198,64.12,0
5560,222,87.888,2.258,309.659,649.704,42.409,61.961,0
5561,222,98.079,4.725,315.002,5893.316,54.585,63.643,0
5562,222,86.24,2.558,329.71,877.342,64.587,35.341,0
5563,222,83.286,2.024,313.947,515.873,45.008,61.131,0
5564,222,84.254,1.769,319.13,122.94,55.571,28.398,0
5565,222,86.518,3.171,326.233,1213.513,57.208,48.473,0
5566,222,95.648,5.448,320.188,6565.868,57.54,49.202,0
5567,222,92.656,4.703,311.682,4977.382,47.23,42.734,0
5568,222,90.964,4.263,331.737,6560.742,62.315,38.083,0
5569,222,87.762,3.549,326.847,4040.577,50.92,61.359,0
5570,222,80.979,2.903,315.029,2680.813,57.12,60.369,0
5571,222,95.103,3.393,312.987,5260.007,61.509,41.844,0
5572,222,95.302,4.202,298.064,6623.871,51.268,60.504,0
5573,222,96.067,3.632,321.409,5483.443,52.308,61.982,0
5574,222,88.578,3.356,317.292,3636.451,62.81,46.633,0
5575,223,88.782,5.646,323.448,8446.485,95.987,51.078,1
5576,223,80.302,4.848,298.703,3321.458,90.814,37.312,0
5577,223,88.779,5.014,325.402,6679.07,96.512,69.028,1
5578,223,90.754,5.422,321.648,8000.14,100.0,43.616,0
5579,223,87.289,4.758,305.012,6204.031,90.204,55.058,0
5580,223,85.049,4.747,331.917,4492.93,87.859,84.452,0
5581,223,89.028,5.664,317.431,8722.484,100.0,41.971,1
5582,223,81.736,5.131,292.958,4440.193,100.0,60.808,0
5583,223,84.607,4.84,313.684,5236.674,95.417,43.331,0
5584,223,78.644,4.064,315.465,1896.213,100.0,47.319,0
5585,223,81.466,3.656,271.948,4250.122,99.894,67.666,0
5586,223,79.702,4.944,331.763,3953.831,96.359,74.224,0
5587,223,84.17,3.466,344.811,2777.996,100.0,61.077,0
5588,223,82.859,5.122,328.023,6010.895,89.68,61.516,1
5589,223,83.496,4.93,312.575,5338.219,92.631,51.491,0
5590,223,87.718,4.198,302.188,6363.418,95.659,51.05,0
5591,223,87.296,5.46,334.823,8193.514,90.119,80.84,0
5592,223,85.448,4.931,317.431,5571.784,100.0,68.069,0
5593,223,96.062,5.749,288.323,8932.628,94.306,75.555,1
5594,223,75.044,3.74,325.739,317.101,98.638,63.922,0
5595,223,87.794,5.291,296.381,8183.419,100.0,50.289,1
5596,223,77.313,4.024,329.042,1143.246,100.0,66.325,0
5597,223,88.026,5.547,307.108,6915.371,95.16,58.844,1
5598,223,92.634,5.693,328.194,7419.252,82.135,62.121,0
5599,223,82.808,3.958,314.635,3883.159,93.419,59.737,0
5600,224,95.726,4.692,337.865,8412.784,33.914,64.483,0
5601,224,86.317,2.956,329.282,2701.383,26.125,82.97,0
5602,224,89.926,2.44,321.307,2157.963,23.717,44.139,0
5603,224,86.993,2.485,297.754,2118.52,30.211,57.088,0
5604,224,87.171,2.808,308.563,2135.599,27.774,51.524,0
5605,224,94.882,3.974,326.343,4829.022,42.135,58.384,0
5606,224,91.486,4.155,329.394,5628.597,43.286,63.915,0
5607,224,96.2,4.284,312.428,6306.955,36.989,72.246,0
5608,224,97.595,4.847,316.034,7817.365,44.325,62.394,0
5609,224,98.442,4.599,309.501,8113.638,35.094,53.957,0
5610,224,83.554,2.124,302.568,148.814,27.746,41.6,0
5611,224,91.43,3.182,327.667,3755.068,35.079,39.7,0
5612,224,93.176,4.441,325.533,7546.109,39.186,50.261,0
5613,224,86.206,2.66,318.91,1446.069,36.193,60.876,0
5614,224,93.188,4.677,316.707,8379.721,31.443,59.787,0
5615,224,87.932,3.709,321.277,6076.571,39.706,45.216,0
5616,224,91.507,3.824,305.692,5565.137,21.726,63.975,0
5617,224,83.729,2.062,326.451,2346.522,36.03,53.575,0
5618,224,99.094,5.106,307.231,8584.136,27.121,59.687,0
5619,224,88.379,2.425,303.262,1793.093,27.172,68.632,0
5620,224,89.032,1.5,347.344,1601.162,32.49,56.864,0
5621,224,87.52,2.583,324.377,1620.392,35.31,56.843,0
5622,224,89.952,2.405,336.264,2369.64,28.299,54.757,0
5623,224,86.729,1.284,314.374,1094.753,38.155,85.727,0
5624,224,84.752,2.727,330.948,469.665,31.549,65.21,0
5625,225,85.603,3.368,306.977,3819.133,89.186,54.318,0
5626,225,92.235,4.251,325.61,6351.01,79.486,62.617,0
5627,225,86.748,3.515,334.731,3750.105,99.813,68.922,0
5628,225,83.04,3.466,305.81,4077.253,92.828,56.128,0
5629,225,84.504,3.333,326.401,3083.253,86.61,61.18,0
5630,225,90.569,4.021,329.702,6931.672,94.37,51.733,0
5631,225,88.998,4.883,332.019,7152.07,97.639,60.35,1
5632,225,83.811,3.458,319.042,4362.128,93.483,48.804,0
5633,225,86.725,4.579,302.29,5603.797,100.0,58.402,1
5634,225,86.96,4.335,336.537,8183.801,80.808,77.697,0
5635,225,76.776,2.266,326.096,362.099,99.28,71.298,0
5636,225,82.386,3.277,311.727,1200.115,91.304,66.369,0
5637,225,88.799,5.02,326.029,8488.943,89.407,63.125,0
5638,225,79.641,2.019,298.091,556.404,100.0,57.974,0
5639,225,78.143,2.365,292.105,1358.77,100.0,65.225,0
5640,225,80.125,1.687,319.743,832.474,94.298,53.982,0
5641,225,79.63,2.231,323.939,697.817,98.566,71.752,0
5642,225,87.642,5.373,296.313,6993.654,92.624,70.65,1
5643,225,90.845,4.281,339.816,5673.694,93.163,46.039,0
5644,225,83.708,3.824,314.811,4310.544,90.102,77.474,0
5645,225,83.423,3.404,299.838,3076.815,99.149,32.554,0
5646,225,84.867,2.745,336.553,4183.324,89.819,38.266,0
5647,225,85.008,3.063,346.134,2817.578,98.066,46.738,0
5648,225,88.274,5.641,306.722,8171.608,98.856,55.757,0
5649,225,87.282,4.01,331.803,6265.625,93.645,69.309,0
5650,226,98.36,6.957,318.997,4326.314,77.428,42.093,0
5651,226,100.812,7.744,284.935,6008.378,73.182,54.612,1
5652,226,107.433,9.407,322.806,7891.448,76.976,58.337,1
5653,226,90.951,5.56,317.471,684.723,76.408,59.22,0
5654,226,105.238,7.166,319.003,4335.881,67.907,49.487,0
5655,226,96.62,6.89,301.63,3864.678,87.056,64.069,1
5656,226,100.959,6.436,305.766,3923.787,87.235,69.567,0
5657,226,103.967,7.68,306.832,7437.968,79.864,82.573,0
5658,226,99.784,6.921,324.283,4804.51,79.797,68.393,1
5659,226,96.01,6.683,343.83,4404.005,80.834,60.371,0
5660,226,99.013,6.499,327.0,4191.412,84.299,42.2,1
5661,226,104.39,8.812,305.37,6975.618,75.189,47.535,0
5662,226,98.678,6.93,292.821,4814.353,80.996,58.247,0
5663,226,92.785,6.03,309.623,1071.032,75.912,62.466,0
5664,226,94.5,5.433,302.722,363.54,76.625,53.274,0
5665,226,105.802,8.486,317.942,6753.704,75.862,58.398,0
5666,226,98.447,6.103,321.176,1526.265,60.288,49.407,0
5667,226,108.587,8.538,321.749,8828.23,76.145,61.007,1
5668,226,99.261,6.469,311.109,4637.498,73.451,44.909,0
5669,226,94.224,5.885,321.757,1192.05,81.215,58.982,1
5670,226,94.113,5.742,327.566,1892.04,77.241,66.749,0
5671,226,107.75,7.182,309.573,7197.1,81.126,55.08,0
5672,226,98.622,7.249,337.613,5681.452,65.305,58.759,1
5673,226,103.262,7.789,301.738,5048.557,76.213,66.909,1
5674,226,96.77,6.409,304.539,2358.424,71.399,55.907,0
5675,227,84.219,5.01,316.609,4592.456,40.915,60.375,0
5676,227,79.327,4.774,308.845,3216.511,53.051,54.487,1
5677,227,80.349,4.538,325.656,4380.372,41.228,53.051,0
5678,227,90.187,7.052,340.314,8984.893,31.983,60.856,1
5679,227,85.015,6.692,310.526,8498.728,31.845,39.096,0
5680,227,89.402,6.162,314.287,7518.01,38.723,56.652,0
5681,227,85.194,5.49,302.492,6050.761,38.448,82.73,0
5682,227,92.488,6.799,333.615,8116.219,34.368,42.014,0
5683,227,79.255,4.129,282.878,2612.893,30.22,45.661,0
5684,227,78.606,6.09,334.918,2867.431,33.759,69.681,0
5685,227,91.703,6.949,325.858,8913.448,34.144,67.05,1
5686,227,89.054,6.174,310.491,8569.02,42.921,48.783,0
5687,227,84.82,5.278,323.304,5746.313,34.774,68.591,0
5688,227,76.171,3.623,336.472,1797.131,39.029,57.502,0
5689,227,80.134,4.36,315.356,2928.738,46.566,64.459,0
5690,227,80.16,4.705,328.171,2459.765,44.016,45.759,0
5691,227,87.602,5.754,309.767,7063.726,41.596,58.961,0
5692,227,86.693,5.931,309.019,7705.094,42.897,69.009,0
5693,227,81.854,3.682,335.305,1263.612,40.509,65.039,0
5694,227,76.387,5.067,299.192,4091.133,35.67,49.732,0
5695,227,85.763,5.879,318.448,5541.125,37.504,73.8,0
5696,227,85.443,6.679,324.033,6990.903,45.637,67.042,1
5697,227,77.385,4.612,350.867,3643.672,40.462,61.295,0
5698,227,74.803,3.708,333.221,1213.312,40.916,37.089,0
5699,227,76.48,4.448,320.18,2119.856,34.061,62.821,0
5700,228,93.981,4.347,341.561,7403.129,80.608,55.149,1
5701,228,88.73,4.247,305.833,6033.238,81.792,57.214,0
5702,228,82.518,3.515,336.431,3647.484,72.081,47.626,0
5703,228,88.579,3.983,328.194,6469.193,80.381,64.561,0
5704,228,88.565,3.17,323.498,6797.365,79.418,52.132,0
5705,228,94.181,5.078,294.227,8439.542,77.097,72.979,0
5706,228,90.093,4.394,325.974,6483.105,82.866,42.102,1
5707,228,87.294,2.236,315.958,5018.511,66.635,56.181,0
5708,228,88.948,3.324,325.531,5280.656,69.625,71.103,0
5709,228,84.174,2.623,319.279,1218.063,79.089,57.596,0
5710,228,88.497,3.934,309.864,7559.431,77.285,40.53,0
5711,228,92.482,5.504,334.472,8690.441,77.524,67.774,0
5712,228,89.228,3.964,311.833,6180.454,85.43,64.169,0
5713,228,87.896,4.998,280.57,7445.877,81.17,67.956,0
5714,228,84.113,2.852,314.675,2526.398,81.775,66.926,0
5715,228,93.722,4.743,326.149,8995.746,74.688,55.929,0
5716,228,88.297,3.919,322.203,6488.56,79.355,61.709,0
5717,228,84.927,2.653,315.278,3225.209,67.925,77.348,0
5718,228,85.234,3.306,323.529,4749.127,81.191,54.501,0
5719,228,86.83,2.964,316.355,3887.486,75.246,56.857,0
5720,228,89.224,4.6,295.305,6915.286,84.912,48.093,0
5721,228,89.855,4.788,310.591,8582.016,76.001,61.634,0
5722,228,78.352,1.223,303.261,70.19,69.137,59.766,0
5723,228,84.345,3.422,314.065,3996.669,74.29,50.287,0
5724,228,80.444,1.823,294.665,1355.947,73.07,37.898,0
5725,229,81.249,4.842,293.033,3942.691,59.366,72.937,0
5726,229,86.594,4.599,327.846,5435.614,60.478,82.742,0
5727,229,83.121,4.08,308.147,2404.669,68.974,50.087,0
5728,229,77.936,3.78,315.611,407.025,72.251,63.22,0
5729,229,91.896,6.052,348.688,7625.918,60.187,61.953,0
5730,229,93.28,6.089,334.07,7674.138,65.629,57.326,0
5731,229,90.739,6.137,319.34,7195.06,59.707,50.695,0
5732,229,83.832,5.119,329.204,4352.362,62.258,50.954,0
5733,229,89.688,6.209,309.537,8442.258,62.059,66.677,0
5734,229,88.972,5.761,323.245,5891.917,60.014,73.904,0
5735,229,78.011,3.17,300.369,667.013,68.148,61.626,0
5736,229,81.082,4.285,297.964,3374.368,68.712,44.432,0
5737,229,87.995,5.492,330.464,7558.933,70.158,55.296,0
5738,229,88.735,5.487,335.233,7032.224,59.613,49.93,0
5739,229,78.307,3.861,327.023,1020.386,69.149,54.935,0
5740,229,87.392,6.04,309.031,7394.579,68.851,60.957,1
5741,229,75.388,3.667,337.708,1323.915,56.49,37.758,0
5742,229,84.857,4.417,313.842,2109.728,60.018,48.814,0
5743,229,77.445,4.324,314.892,1342.463,58.757,58.398,0
5744,229,79.839,3.832,313.804,1166.095,62.156,59.287,1
5745,229,81.98,4.112,311.673,2653.619,63.811,47.574,0
5746,229,91.411,6.156,286.925,8606.662,60.228,57.324,0
5747,229,82.983,3.824,307.507,1964.12,71.83,86.148,0
5748,229,92.058,6.288,306.745,8558.183,68.811,57.319,1
5749,229,79.253,3.63,314.807,1974.028,64.997,43.61,0
5750,230,74.988,3.529,313.472,5480.444,31.783,37.665,0
5751,230,71.775,2.429,332.089,1045.282,36.335,49.359,0
5752,230,77.777,5.22,294.882,7526.758,50.74,39.506,0
5753,230,76.652,4.122,295.107,5832.517,40.334,66.207,0
5754,230,72.04,3.616,335.86,2865.832,40.057,60.202,0
5755,230,79.72,5.378,328.638,6806.053,27.666,56.829,0
5756,230,69.468,3.416,320.225,575.791,39.946,90.277,0
5757,230,84.32,4.177,304.128,7997.077,49.108,75.681,0
5758,230,80.348,3.22,304.157,5684.116,50.402,63.862,0
5759,230,74.121,2.859,340.717,2335.62,48.096,74.107,0
5760,230,77.539,4.516,322.705,3001.803,42.065,66.604,0
5761,230,79.266,2.776,330.2,1447.345,43.748,47.122,0
5762,230,74.729,2.729,309.702,563.824,42.689,50.194,0
5763,230,81.496,4.892,303.031,7400.357,35.637,49.32,0
5764,230,75.038,3.786,318.156,3577.2,31.714,56.471,0
5765,230,79.101,3.59,318.784,4323.889,41.811,47.341,0
5766,230,69.926,2.686,292.353,684.886,42.398,65.97,0
5767,230,82.1,5.092,315.137,8365.099,45.397,55.966,0
5768,230,76.509,4.616,316.595,7354.839,41.269,83.116,0
5769,230,80.361,3.663,303.419,3931.683,44.084,73.846,0
5770,230,84.848,4.451,300.374,8105.105,38.53,74.616,0
5771,230,78.65,3.849,335.893,5728.058,31.989,64.632,0
5772,230,78.409,4.325,342.152,4368.415,43.165,66.012,0
5773,230,77.291,2.757,324.43,2593.721,35.064,44.744,0
5774,230,75.037,3.094,321.294,2747.301,43.057,48.996,0
5775,231,94.969,4.959,324.489,7513.715,54.687,65.354,0
5776,231,83.971,3.617,301.904,2219.779,64.814,55.771,0
5777,231,95.111,4.848,321.951,6478.936,48.324,40.122,0
5778,231,90.777,5.99,334.054,7737.792,62.055,55.12,0
5779,231,94.282,4.96,331.875,5662.628,46.168,39.436,0
5780,231,86.711,3.06,301.59,1694.728,48.014,51.774,0
5781,231,94.113,5.686,328.536,6063.71,60.717,84.522,0
5782,231,98.683,6.402,310.214,8546.137,43.427,79.299,0
5783,231,97.24,5.465,326.305,8448.479,51.317,48.763,0
5784,231,83.553,3.812,300.693,694.389,57.977,54.474,0
5785,231,85.565,3.456,329.954,3155.731,47.986,51.902,0
5786,231,91.629,4.142,333.453,3637.882,62.641,60.66,1
5787,231,86.92,2.806,325.264,2245.425,63.628,55.167,0
5788,231,97.615,4.848,308.222,6971.798,54.055,46.453,1
5789,231,93.391,4.37,334.06,6100.486,58.007,62.767,0
5790,231,91.77,4.234,315.941,4508.865,60.072,51.171,0
5791,231,94.08,4.949,315.249,6043.12,50.92,61.502,0
5792,231,97.248,5.825,291.463,8690.407,57.3,58.469,0
5793,231,94.643,5.592,336.723,6375.489,45.867,44.385,1
5794,231,87.637,3.892,306.975,3722.566,57.577,66.163,0
5795,231,93.907,6.242,307.478,8666.457,54.141,61.535,0
5796,231,81.31,3.266,300.252,745.83,42.539,70.497,0
5797,231,94.174,4.668,329.639,6261.496,55.204,57.224,0
5798,231,83.463,3.129,325.118,1885.859,53.22,43.179,0
5799,231,86.294,3.81,305.598,4118.553,64.917,77.942,0
5800,232,77.277,4.507,276.733,1892.448,61.937,57.746,0
5801,232,75.309,5.32,311.824,4988.865,56.701,48.514,0
5802,232,75.605,4.272,322.43,1668.188,58.913,35.063,0
5803,232,79.372,5.962,338.856,5519.607,50.627,83.039,0
5804,232,88.945,6.69,317.848,7438.227,67.164,49.521,0
5805,232,74.743,3.381,338.327,226.803,61.534,74.998,0
5806,232,78.93,6.064,312.809,6127.402,62.923,59.643,0
5807,232,78.696,4.718,325.874,2950.887,58.625,60.18,0
5808,232,80.733,4.757,341.63,5411.573,58.819,36.271,0
5809,232,71.231,4.389,323.205,328.644,58.081,55.789,0
5810,232,80.704,5.786,320.834,5449.924,60.765,67.964,0
5811,232,79.751,5.024,334.253,4226.133,53.156,66.035,0
5812,232,80.126,4.732,322.364,4012.906,58.089,53.992,0
5813,232,80.105,6.889,334.437,7479.879,51.958,47.652,0
5814,232,75.699,3.596,328.845,153.179,55.47,51.989,0
5815,232,81.533,5.499,335.445,6641.806,55.776,56.079,0
5816,232,84.528,6.188,328.035,7646.467,69.247,49.922,0
5817,232,75.539,3.822,348.711,1559.799,65.298,78.147,0
5818,232,77.392,4.943,328.667,3502.297,57.52,43.021,0
5819,232,73.027,3.64,302.092,1929.528,56.817,60.287,0
5820,232,86.102,6.725,319.617,8975.329,66.082,62.485,0
5821,232,79.03,5.891,320.445,6625.869,64.211,54.774,0
5822,232,83.421,5.68,319.963,6940.562,52.508,38.705,0
5823,232,80.41,5.724,317.956,6783.263,49.921,47.746,0
5824,232,74.703,4.69,316.867,2865.323,56.507,70.068,0
5825,233,88.022,3.539,309.025,6291.975,75.147,67.299,1
5826,233,83.392,4.626,332.617,8605.577,77.79,42.814,0
5827,233,73.611,1.431,292.785,106.396,79.23,59.546,0
5828,233,75.82,1.709,335.81,1817.546,72.49,49.642,0
5829,233,84.806,3.535,343.145,6550.387,69.972,58.134,0
5830,233,80.42,2.566,312.156,3553.065,78.211,35.781,0
5831,233,87.167,4.349,311.008,7458.489,79.728,60.747,0
5832,233,82.959,4.004,321.759,5901.375,68.662,81.134,0
5833,233,75.416,1.85,333.315,329.913,70.427,58.613,0
5834,233,76.313,2.532,356.266,1279.533,67.618,68.143,0
5835,233,73.771,2.138,333.778,499.908,87.833,74.354,0
5836,233,81.855,3.775,306.945,5621.75,71.119,63.216,0
5837,233,84.336,3.676,361.884,6053.032,76.348,70.956,0
5838,233,78.143,2.923,303.858,2680.57,87.083,74.865,0
5839,233,86.339,4.987,300.301,8979.052,76.365,26.21,1
5840,233,81.518,2.675,342.893,3214.173,76.944,47.958,0
5841,233,79.37,2.878,312.75,3453.606,76.614,54.292,0
5842,233,75.62,3.235,316.445,2898.646,79.342,38.145,0
5843,233,89.091,5.009,339.313,8872.286,68.645,73.888,1
5844,233,79.141,3.541,327.771,5888.198,69.765,59.946,0
5845,233,80.455,3.267,333.958,5312.78,69.463,71.511,0
5846,233,78.459,2.868,326.014,3722.346,62.797,79.785,0
5847,233,77.575,1.72,332.4,1882.904,71.351,55.875,0
5848,233,81.555,2.539,301.937,3300.873,70.525,77.133,0
5849,233,82.406,4.046,310.347,6861.93,85.183,58.583,1
5850,234,77.23,4.705,322.549,3187.186,63.159,66.479,0
5851,234,82.31,6.05,334.643,5984.792,61.683,47.228,0
5852,234,79.473,5.052,326.206,5828.689,62.081,65.019,1
5853,234,82.113,6.03,333.396,7816.058,57.214,52.719,0
5854,234,79.732,4.413,316.67,2923.393,62.553,50.017,0
5855,234,84.645,6.81,311.224,7893.468,54.982,55.12,0
5856,234,88.047,6.031,335.444,7775.011,60.252,58.098,0
5857,234,86.165,6.878,316.142,8566.365,78.096,58.871,1
5858,234,76.842,3.894,329.371,3152.662,57.38,51.567,0
5859,234,85.085,5.281,312.692,4316.673,64.821,72.512,0
5860,234,77.589,4.187,317.983,2404.814,55.882,54.219,0
5861,234,80.573,4.013,315.585,4038.215,68.921,77.668,0
5862,234,87.982,5.828,303.348,7025.678,59.491,55.952,0
5863,234,79.939,4.038,357.554,4066.718,54.244,75.978,0
5864,234,78.655,2.969,318.859,1170.432,58.567,63.784,0
5865,234,74.126,4.552,326.06,1719.281,53.284,55.628,0
5866,234,86.993,6.265,315.116,7395.211,55.928,47.278,0
5867,234,84.338,4.797,333.524,5596.686,61.619,83.686,0
5868,234,88.234,5.017,319.597,7309.233,62.974,49.961,0
5869,234,77.274,3.715,307.436,1584.073,58.81,53.234,0
5870,234,79.101,3.734,304.544,1991.979,61.948,50.621,0
5871,234,71.448,3.079,311.696,243.675,54.75,66.169,0
5872,234,80.54,4.639,314.011,3899.644,58.143,46.126,0
5873,234,84.358,6.208,324.87,8406.039,60.041,56.687,0
5874,234,81.322,5.881,294.556,5563.273,73.906,52.867,0
5875,235,70.831,2.901,317.519,2317.164,53.023,56.669,0
5876,235,79.153,5.549,324.071,8158.26,50.572,61.307,0
5877,235,74.984,4.965,296.966,5602.434,59.188,65.573,0
5878,235,70.508,3.182,311.676,2221.74,57.994,68.8,0
5879,235,72.817,3.702,314.842,2693.238,63.12,61.036,0
5880,235,74.258,2.668,319.814,3065.702,54.791,64.458,0
5881,235,72.16,2.766,311.086,3060.23,50.696,69.395,0
5882,235,71.82,3.014,316.836,1239.102,44.722,77.369,0
5883,235,80.094,4.204,317.303,5807.798,60.345,70.226,0
5884,235,78.707,5.159,283.087,6746.014,46.322,63.971,0
5885,235,80.098,5.301,308.177,8806.157,61.962,26.028,0
5886,235,75.697,4.642,330.397,5407.093,41.454,50.493,0
5887,235,71.038,3.9,310.02,4516.571,50.939,55.22,0
5888,235,73.927,2.693,339.313,3455.12,50.25,57.255,0
5889,235,83.989,5.46,340.86,8861.47,51.404,51.498,0
5890,235,76.223,3.047,294.486,2799.707,39.574,78.632,0
5891,235,69.916,1.895,319.606,137.998,52.994,64.492,0
5892,235,77.915,3.807,323.575,4605.783,53.869,54.117,0
5893,235,74.296,3.27,291.339,2796.757,59.433,48.368,0
5894,235,76.43,4.737,347.272,5171.131,58.256,65.622,0
5895,235,83.466,5.24,297.394,6592.803,53.178,24.628,0
5896,235,75.271,3.686,347.311,3658.94,54.756,59.33,0
5897,235,79.689,3.947,313.815,6718.743,52.812,59.793,0
5898,235,74.847,3.237,326.874,2236.932,55.465,49.868,0
5899,235,75.061,3.459,321.211,2539.592,45.788,65.094,0
5900,236,74.904,1.55,323.064,587.698,33.694,75.762,0
5901,236,81.523,3.355,329.459,3383.521,41.055,72.789,0
5902,236,90.277,3.72,335.124,6868.722,43.334,31.145,0
5903,236,81.545,2.143,319.735,1679.371,47.372,51.152,0
5904,236,84.877,4.852,284.472,7036.247,40.959,44.618,0
5905,236,73.315,1.76,323.323,484.217,43.182,63.429,0
5906,236,80.352,2.973,299.458,1978.992,42.373,67.3,0
5907,236,80.069,2.87,323.806,2611.213,50.243,67.07,0
5908,236,90.816,3.704,310.653,7888.25,48.486,73.489,0
5909,236,86.142,5.585,307.689,8533.853,51.104,67.88,0
5910,236,72.905,2.035,324.634,531.311,37.12,37.156,0
5911,236,86.475,5.604,336.73,7532.702,38.771,62.533,0
5912,236,81.43,4.529,315.034,5610.791,49.903,74.969,0
5913,236,78.98,1.533,298.877,1768.623,38.631,56.234,0
5914,236,86.301,3.107,304.56,6036.544,48.99,60.37,0
5915,236,87.351,4.685,295.798,8123.555,40.482,71.737,0
5916,236,85.211,4.32,297.048,8497.542,38.659,31.307,0
5917,236,83.23,2.889,327.697,4155.114,42.704,75.223,0
5918,236,81.602,3.204,334.752,3641.854,52.394,37.547,0
5919,236,85.013,3.837,315.5,4447.471,33.71,58.48,0
5920,236,75.226,1.841,317.978,1176.856,53.481,57.864,0
5921,236,80.946,3.341,330.317,3979.464,41.72,70.425,0
5922,236,90.738,4.335,327.261,8236.696,42.313,77.128,1
5923,236,81.396,2.893,296.804,4748.197,51.903,77.688,0
5924,236,89.207,3.282,324.87,6755.353,46.935,61.624,0
5925,237,86.798,4.406,307.281,5091.18,59.329,52.121,0
5926,237,83.831,2.895,324.033,2871.684,56.035,56.91,0
5927,237,85.088,2.876,325.749,2050.414,57.337,63.981,0
5928,237,87.296,4.59,305.312,3659.698,58.442,68.695,0
5929,237,95.506,4.444,337.723,7477.061,62.643,45.121,0
5930,237,87.71,4.592,316.739,6211.689,57.035,45.894,0
5931,237,88.348,4.99,304.091,6872.216,56.508,68.008,0
5932,237,84.201,3.5,322.179,2558.572,46.579,71.174,0
5933,237,76.935,3.395,320.572,92.818,46.866,43.531,0
5934,237,83.063,3.98,326.402,2770.643,59.033,44.373,0
5935,237,94.679,5.291,317.17,7775.826,57.031,56.582,0
5936,237,94.892,5.848,310.351,8743.503,59.65,55.255,0
5937,237,88.362,4.904,308.449,5614.355,55.452,65.492,0
5938,237,87.77,3.724,314.571,4131.374,50.507,55.92,0
5939,237,92.47,5.358,327.77,7577.913,57.062,51.664,1
5940,237,90.368,4.373,300.706,7600.394,56.614,57.924,0
5941,237,94.226,5.747,319.202,8951.512,59.047,61.372,0
5942,237,86.317,5.42,321.561,5713.746,59.075,59.77,0
5943,237,78.932,2.376,306.428,245.192,54.728,67.369,0
5944,237,86.712,4.275,330.099,5412.174,61.249,56.017,0
5945,237,95.351,6.353,311.229,8852.798,47.142,51.313,0
5946,237,78.402,2.527,323.791,843.658,55.837,52.671,0
5947,237,89.767,4.422,318.305,7253.94,58.522,72.549,0
5948,237,85.721,4.046,310.175,3062.339,57.604,55.232,0
5949,237,81.149,3.929,333.628,1607.675,59.064,40.207,0
5950,238,92.101,3.785,311.573,1265.328,45.54,48.271,0
5951,238,99.765,5.263,316.646,5943.863,37.027,57.09,0
5952,238,93.506,4.386,322.724,1711.472,48.343,77.656,0
5953,238,102.533,5.515,324.226,6603.133,31.405,54.617,0
5954,238,92.823,5.184,338.635,3702.091,32.471,58.244,0
5955,238,93.132,4.322,318.686,3576.311,39.715,49.271,0
5956,238,96.815,4.69,307.407,3647.116,42.399,65.114,0
5957,238,92.765,4.948,336.291,5184.691,41.734,54.126,0
5958,238,98.492,5.443,325.473,6622.512,44.425,69.282,0
5959,238,104.819,6.89,296.415,8131.288,48.326,69.635,0
5960,238,91.213,3.197,313.387,385.379,43.008,77.95,0
5961,238,92.739,4.481,318.604,2181.925,43.438,56.28,0
5962,238,93.156,5.817,299.716,4486.252,37.653,80.168,0
5963,238,96.913,5.094,312.584,5004.029,42.227,56.708,0
5964,238,99.049,5.275,324.658,6889.848,46.412,64.18,0
5965,238,101.195,6.445,318.849,8499.179,46.388,34.169,0
5966,238,97.536,6.216,324.098,8502.858,38.438,44.406,0
5967,238,94.713,5.353,337.214,4991.887,39.855,55.066,0
5968,238,100.526,6.504,320.346,7599.216,35.767,63.209,0
5969,238,97.111,4.378,312.105,1827.846,50.714,79.996,0
5970,238,87.455,3.678,338.931,2197.178,49.589,68.713,0
5971,238,98.733,5.769,335.926,6571.809,32.592,48.062,0
5972,238,103.933,5.915,311.527,7034.306,47.699,98.383,1
5973,238,101.076,5.567,330.806,6786.8,34.498,81.013,1
5974,238,97.638,5.09,316.399,4947.461,45.243,48.993,0
5975,239,112.159,5.887,290.037,7583.607,95.507,24.853,1
5976,239,102.804,4.221,331.308,1900.641,97.969,92.543,1
5977,239,109.61,6.814,339.724,8624.675,81.537,58.052,0
5978,239,113.26,6.528,304.377,7899.644,91.765,47.184,0
5979,239,99.049,3.536,304.382,379.215,97.018,42.902,0
5980,239,111.309,6.4,311.563,7509.531,93.119,81.6,1
5981,239,106.422,5.743,304.919,3809.872,92.253,54.022,0
5982,239,97.344,3.369,321.918,1254.838,92.583,59.588,0
5983,239,102.256,4.793,313.066,2004.767,95.064,50.002,0
5984,239,101.951,3.289,306.014,548.443,87.004,43.157,0
5985,239,110.126,6.265,299.889,7218.574,95.694,58.249,1
5986,239,110.326,6.369,305.613,7086.044,97.031,49.587,0
5987,239,111.957,7.063,296.131,8192.707,96.712,58.292,1
5988,239,109.107,5.543,313.007,7187.611,93.287,44.777,0
5989,239,96.511,3.976,340.53,6.591,83.942,54.941,0
5990,239,102.044,3.719,326.426,700.614,99.338,56.888,0
5991,239,106.432,5.422,314.31,5581.337,91.3,69.316,1
5992,239,103.498,4.22,321.2,3327.301,98.617,54.146,0
5993,239,104.988,4.54,337.465,2612.389,90.304,67.52,1
5994,239,102.101,5.256,306.242,2172.276,95.064,39.993,0
5995,239,112.808,6.878,310.311,8319.643,100.0,65.155,1
5996,239,116.74,6.809,328.189,8318.764,100.0,82.788,1
5997,239,101.909,3.755,321.471,257.47,100.0,74.758,0
5998,239,110.88,5.675,311.662,7239.604,85.694,65.351,1
5999,239,116.776,6.328,322.5,8906.431,100.0,55.347,1
